year,ric,name,mktcap,fonte,rank
1995,GE.N,General Electric Company,87090965999.9999,base,1
1995,XOM.N,Exxonmobil Holdings Corp,75451500000.0,base,2
1995,SHEL.N,Shell,72407593294.3921,base,3
1995,T.N^K05,At&T Corp,67619900000.0,dead-redo,4
1995,KO.N,Coca-Cola Co,66215610000.0,base,5
1995,UN.N^K20,Unilever,51946723418.5103,dead-redo,6
1995,MO.N,Altria Group Inc,50417150000.0,base,7
1995,WMT.OQ,Walmart Inc,48837281250.0,base,8
1995,MRK.N,Merck & Co Inc,47975203750.0,base,9
1995,IBM.N,International Business Machines Corporation,42513723000.0,base,10
1995,PG.N,The Procter & Gamble Company,42364847999.9999,base,11
1995,DD.N^I17,EIDP,38130296904.0,dead-redo,12
1995,MSFT.OQ,Microsoft Corporation,35598222000.0,base,13
1995,JNJ.N,Johnson & Johnson,35183609250.0,base,14
1995,MOB.N^K99,Mobil,34000000000.0,manual-est,15
1995,MSI.N,Motorola Solutions Inc,32317600000.0,base,16
1995,AIG.N,"American International Group, Inc.",31127544000.0,base,17
1995,F.N,Ford Motor Co,29598726381.073273,edge-fix,18
1995,BMY.N,Bristol-Myers Squibb Company,29555489250.0,base,19
1995,GM.N^F09,Motors GUC Trust,29510236000.0,dead-redo,20
1995,AN.N^L98,BP Nrth Amrc,29000000000.0,manual-est,21
1995,GTE.N^G00,GTE,29000000000.0,manual-est,22
1995,PEP.OQ,"PepsiCo, Inc.",28902668750.0,base,23
1995,BLS.N^A07,Bellsouth US,26920806146.5,dead-redo,24
1995,ABT.N,Abbott Laboratories,26746333875.0,base,25
1995,INTC.OQ,Intel Corp,26469800000.0,base,26
1995,HPQ.N,HP Inc,25259885625.0,base,27
1995,DIS.N,The Walt Disney Company,24680518000.0,base,28
1995,PFE.N,Pfizer Inc.,24316600500.0,base,29
1995,T.N,AT&T Inc,24211065497.375,base,30
1995,AIT.N^J99,AT&T Teleholding,24000000000.0,manual-est,31
1995,VZ.N,Verizon Communications Inc,21691646750.0,base,32
1995,HD.N,"The Home Depot, Inc.",20837264000.0,base,33
1995,FNM.N^G10,Fannie Mae,19847541000.0,dead-redo,34
1995,LLY.N,Eli Lilly and Company,19211653125.0,base,35
1995,DOW.N^I17,Dow Chem,18392698150.875,dead-redo,36
1995,PSKY.OQ,Paramount Skydance Corp,17593731000.0,base,37
1995,C.N^K98,Old Carco,17000000000.0,manual-est,38
1995,S.N^C05,Sears Roebuck,16706850000.0,dead-redo,39
1995,G.N^J05,Gillette,16510536500.0,dead-redo,40
1995,EK.N^A12,Eastman Kodak,16435729975.5,dead-redo,41
1995,TX.N^J01,Texaco,16000000000.0,manual-est,42
1995,ARC.N^D00,Atlantic Richfld,16000000000.0,manual-est,43
1995,BA.N,Boeing Co,15965101000.0,base,44
1995,NYN.N^H97,Nynex,15000000000.0,manual-est,45
1995,BAC.N^I98,Bank America,15000000000.0,manual-est,46
1995,CVX.N,Chevron Corporation,14531015625.0,base,47
1995,AXP.N,American Express Company,14449926000.0,base,48
1995,SGP.N^K09,Schering-Plough,14258466000.0,dead-redo,49
1995,TWX.N^A01,Historic TW,14000000000.0,manual-est,50
1995,EMR.N,Emerson Electric Co,13972124750.0,base,51
1995,SO.N,Southern Co,13068340000.0,base,52
1995,MCIC.O^I98,MCI Comm,13000000000.0,manual-est,53
1995,BUD.N^K08,Anheuser-Busch,13000000000.0,manual-est,54
1995,TCOMA.O^C99,TCI Commun,13000000000.0,manual-est,55
1995,WMX.N^G98,Waste Mgmt Hldg,13000000000.0,manual-est,56
1995,K.N^L25,Kellanova,12922640625.0,dead-redo,57
1995,HCA.N^K06,HCA,12899491875.0,dead-redo,58
1995,ORCL.N,Oracle Corporation,12626324625.0,base,59
1995,SLB.N,SLB N.V.,12265204250.0,base,60
1995,HSH.N^H14,Hillshire Brands,12173649000.0,dead-redo,61
1995,BAC.N,Bank of America Corporation,12160871625.0,base,62
1995,PAC.N^D97,Pac Telesis,12000000000.0,manual-est,63
1995,MMM.N,3M Company,11517844625.0,base,64
1995,CAT.N,Caterpillar Inc,11169868500.0,base,65
1995,CPB.OQ,Campbell's Co,11038060000.0,base,66
1995,VO.N^L00,Vivendi Exchang,10965258200.5123,dead-redo,67
1995,WLA.N^F00,Warner Lambert,10596648797.7679,dead-redo,68
1995,PCG.N,PG&E Corp,10536654375.0,base,69
1995,C.N,Citigroup Inc,10373338500.0,base,70
1995,MCD.N,McDonald's Corp,10325601000.0,base,71
1995,XRX.OQ,Xerox Hlngs,10308078000.0,base,72
1995,JCP.N^E20,Old Copper Co,10299348625.0,dead-redo,73
1995,GRN.N^L98,General Re,10000000000.0,manual-est,74
1995,HON.OQ,Honeywell International Inc,9650356000.0,base,75
1995,CL.N,Colgate-Palmolive Company,9563034000.0,base,76
1995,S.N^G13,Sprint Commns DE,9497224500.0,dead-redo,77
1995,HNZ.N^F13,Kraft Heinz Food,9348420000.0,dead-redo,78
1995,UNP.N,Union Pacific Corporation,9328501000.0,base,79
1995,IP.N,International Paper Co,9314088750.0,base,80
1995,FRE.N^G10,Freddie Mac,9082159125.0,dead-redo,81
1995,CSCO.OQ,Cisco Systems Inc,9051607125.0,base,82
1995,GIS.N,General Mills Inc,9009755000.0,base,83
1995,ONE.N^G04,Bank One,9000000000.0,manual-est,84
1995,WB.N^H01,Wachovia,9000000000.0,manual-est,85
1995,MD.N^H97,Mcdonnell Dougl,9000000000.0,manual-est,86
1995,JPM.N,JPMorgan Chase & Co,8769033875.0,base,87
1995,COP.N,ConocoPhillips,8563208000.0,base,88
1995,TOY.N^G05,Toys R US,8430702750.0,dead-redo,89
1995,NT.N^A09,Nortel Networks,8370297779.99146,dead-redo,90
1995,RTN.N^L97,Raytheon,8355012500.0,dead-redo,91
1995,MAY.N^H05,May Department,8285744250.0,dead-redo,92
1995,ADP.OQ,Automatic Data Processing Inc,8251249500.0,base,93
1995,NSC.N,Norfolk Southern Corp,8165641875.0,base,94
1995,KMB.OQ,Kimberly-Clark Corporation,8067354750.0,base,95
1995,B.N,Barrick Mining,7960191683.31668,base,96
1995,ROK.N,Rockwell Automation Inc,7906148250.0,base,97
1995,AMGN.OQ,Amgen Inc,7841690000.0,base,98
1995,RTX.N,RTX Corporation,7837871750.0,base,99
1995,DUK.N,Duke Energy Corp,7810249375.0,base,100
1995,BAX.N,Baxter International Inc.,7800277000.0,base,101
1995,UNH.N,UnitedHealth Group Inc,7773954500.0,base,102
1995,CAG.N,Conagra Brands,7752906250.0,base,103
1995,HWM.N,Howmet Aerospace Inc.,7738731000.0,base,104
1995,WY.N,Weyerhaeuser Company,7683675000.0,base,105
1995,ENE.N^A02,Eron Dissolution,7639899277.80068,dead-redo,106
1995,CA.OQ^K18,CA,7619226500.0,dead-redo,107
1995,BEAM.N^E14,Suntory Global,7563975000.0,dead-redo,108
1995,ABS.N^F06,Albertson,7328013000.0,dead-redo,109
1995,TGNA.N^C26,Tegna,7325347374.99999,dead-redo,110
1995,TXU.N^J07,Energy Future Hd,7311602375.0,dead-redo,111
1995,CSX.OQ,CSX Corporation,7292801000.0,base,112
1995,MER.N^A09,Merrill Lyn,7267143750.0,dead-redo,113
1995,TEN.N^K22,Tenneco,7250677000.0,dead-redo,114
1995,WFC.N,Wells Fargo & Co,7213992500.0,base,115
1995,TXN.OQ,Texas Instruments Inc,6935692065.25,base,116
1995,ADM.N,Archer-Daniels-Midland Co,6876189375.0,base,117
1995,GLW.N,Corning Incorporated,6797823368.04164,base,118
1995,UCL.N^H05,Unocal,6693225000.0,dead-redo,119
1995,NEE.N,"NextEra Energy, Inc.",6676068250.0,base,120
1995,CB.N^A16,Chubb NJ,6666822000.0,dead-redo,121
1995,BBWI.N,Bath & Body,6580245000.0,base,122
1995,EIX.N,Edison International,6549060375.0,base,123
1995,GP.N^L05,Georgia-Pacific,6526984500.0,dead-redo,124
1995,NOVL.OQ^D11,Micro Focus,6379895250.0,dead-redo,125
1995,D.N,"Dominion Energy, Inc.",6204240000.0,base,126
1995,KEY.N,KeyCorp,6088550000.0,base,127
1995,AEP.OQ,American Electric Power Company Inc,6078094375.0,base,128
1995,ED.N,"Consolidated Edison, Inc.",6048649250.0,base,129
1995,OXY.N,Occidental Petroleum Corp,5896467500.0,base,130
1995,MRSH.N,Marsh & McLennan Companies Inc,5859111000.0,base,131
1995,MS.N,Morgan Stanley,5778228125.0,base,132
1995,DE.N,Deere & Co,5723801250.0,base,133
1995,AT.N^K07,Alltel,5721769500.0,dead-redo,134
1995,STI.N^L19,SunTrust Banks,5705202375.0,dead-redo,135
1995,WWY.N^J08,WM Wrigley,5683576000.0,dead-redo,136
1995,AL.N^K07,Alcan,5633629215.88159,dead-redo,137
1995,UST.N^A09,UST DE,5625368000.0,dead-redo,138
1995,LOW.N,Lowe's Companies Inc,5530775250.0,base,139
1995,WBA.OQ^H25,Walgreens Hldg,5507427250.0,dead-redo,140
1995,NKE.N,"NIKE, Inc.",5467773750.0,base,141
1995,EXC.OQ,Exelon Corp,5428979500.0,base,142
1995,AET.N^K18,Aetna,5322334500.0,dead-redo,143
1995,IFF.N,International Flavors & Fragrances Inc.,5233788750.0,base,144
1995,FDC.N^I07,First Data,5152704000.0,dead-redo,145
1995,TGT.N,Target Corp,5068956020.68695,base,146
1995,APD.N,"Air Products and Chemicals, Inc.",5060876625.0,base,147
1995,GT.OQ,Goodyear Tire,5044657875.0,base,148
1995,CBS.N^E00,CBS Co,5000000000.0,manual-est,149
1995,NSI.N^H03,Natl Serv Inds,4997860000.0,dead-redo,150
1995,ITW.N,Illinois Tool Works Inc,4978750000.0,base,151
1995,ETR.N,Entergy Corp,4973915625.0,base,152
1995,PDG.N^C06,Placer Dome,4962634837.05706,dead-redo,153
1995,PNC.N,"The PNC Financial Services Group, Inc.",4961628750.0,base,154
1995,PBI.N,Pitney Bowes,4949031250.0,base,155
1995,NUE.N,Nucor Corporation,4829309125.0,base,156
1995,MRO.N^K24,Marathn Oil,4764425750.0,dead-redo,157
1995,SYY.N,Sysco Corporation,4716756250.0,base,158
1995,CNP.N,"CenterPoint Energy, Inc.",4677455625.0,base,159
1995,MEL.N^G07,Mellon Financial,4646819375.0,dead-redo,160
1995,CI.N,The Cigna Group,4596079125.0,base,161
1995,AAPL.OQ,Apple Inc.,4572477000.0,base,162
1995,BR.N^D06,Burlington Res,4548734750.0,dead-redo,163
1995,HPC.N^K08,Hercules,4509216000.0,dead-redo,164
1995,MU.OQ,"Micron Technology, Inc.",4507280500.0,base,165
1995,MAT.OQ,Mattel,4484511000.0,base,166
1995,RAL.N^L01,Nestle Purina,4476253000.0,dead-redo,167
1995,GPC.N,Genuine Parts Co,4439592000.0,base,168
1995,TXT.N,Textron Inc,4435821000.0,base,169
1995,GAP.N,Gap,4424695999.99999,base,170
1995,FBF.N^D04,FleetBoston Fin,4384607500.0,dead-redo,171
1995,BNI.N^B10,Burlington Nrth,4360823000.0,dead-redo,172
1995,AVP.N^A20,Avon Prdcts,4351165875.0,dead-redo,173
1995,AMCR.N,Amcor PLC,4334935457.87091,base,174
1995,PD.N^C07,Freeport-Mc,4269538875.0,dead-redo,175
1995,CMCSK.OQ^L15,Comcast,4241885125.0,dead-redo,176
1995,PGN.N^G12,Prgres Enrgy,4226900000.0,dead-redo,177
1995,HSY.N,The Hershey Company,4196676375.0,base,178
1995,EMN.N,Eastman Chemical,4175996500.0,base,179
1995,HES.N^G25,Hess,4173330125.0,dead-redo,180
1995,AMR.N^A12,American Airline,4163640625.0,dead-redo,181
1995,PPG.N,"PPG Industries, Inc.",3938888250.0,base,182
1995,HRB.N,H&R Block,3920251500.0,base,183
1995,WIN.N^B05,Winn-Dixie,3889935000.0,dead-redo,184
1995,GLK.N^G05,Great Lakes Chem,3874038750.0,dead-redo,185
1995,ROH.N^D09,Rohm Haas,3824937000.0,dead-redo,186
1995,WHR.N,Whirlpool,3793875000.0,base,187
1995,NCC.N^A09,National City,3792196500.0,dead-redo,188
1995,DTE.N,DTE Energy Company,3784415250.0,base,189
1995,HAL.N,Halliburton Company,3779728125.0,base,190
1995,TRV.N,"The Travelers Companies, Inc.",3765623000.0,base,191
1995,CIN.N^D06,Cinergy,3661166250.0,dead-redo,192
1995,TRB.N^L07,Tribune Media,3626812500.0,dead-redo,193
1995,MAS.N,Masco Corporation,3616583625.0,base,194
1995,ETN.N,Eaton Corporation PLC,3459010500.0,base,195
1995,IKN.N^K08,Ricoh USA,3411375000.0,dead-redo,196
1995,BDX.N,Becton Dickinson and Co,3406608000.0,base,197
1995,KRB.N^A06,MBNA,3379057500.0,dead-redo,198
1995,FDX.N,FedEx Corp,3369541500.0,base,199
1995,CCK.N,Crown Holdings,3368432500.0,base,200
1995,JWN.N^E25,Nordstrom,3349324000.0,dead-redo,201
1995,SPGI.N,S&P Global Inc,3321012500.0,base,202
1995,TT.N,Trane Technologies PLC,3315910500.0,base,203
1995,NWL.OQ,Newell Brands,3314535000.0,base,204
1995,N.N^K06,Inco,3309285078.98107,dead-redo,205
1995,LNC.N,LNC,3294585000.0,base,206
1995,CEG.N^C12,Constell Energy,3282475750.0,dead-redo,207
1995,SAF.N^I08,Safeco,3244242500.0,dead-redo,208
1995,HLT.N^J07,Park Hotels,3238581500.0,dead-redo,209
1995,RSH.N^B15,RS Legacy,3229672500.0,dead-redo,210
1995,MDT.N,Medtronic PLC,3195044375.0,base,211
1995,HET.N^A08,HARRAH S,3186919875.0,dead-redo,212
1995,RBK.N^B06,Reebok Internati,3151868375.0,dead-redo,213
1995,CLX.N,The Clorox Company,3149223750.0,base,214
1995,VFC.N,VF,3147350375.0,base,215
1995,DJ.N^L07,Dow Jones & Co,3099376500.0,dead-redo,216
1995,SUN.N^J12,ETC Sunoco Hldg,3067136250.0,dead-redo,217
1995,LPX.N,Louisiana-Pacifc,3057613500.0,base,218
1995,DDS.N,Dillard's,3022856999.99999,base,219
1995,BFb.N,Brown-Forman Corporation,3003006000.0,base,220
1995,DOV.N,Dover Corp,2948355375.0,base,221
1995,XEL.OQ,Xcel Energy Inc,2943864000.0,base,222
1995,GWW.N,WW Grainger Inc,2930697000.0,base,223
1995,GD.N,General Dynamics Corp,2873871000.0,base,224
1995,SHW.N,Sherwin-Williams Co,2856165750.0,base,225
1995,KR.N,Kroger Co,2817317500.0,base,226
1995,LIN.OQ,Linde PLC,2813666000.0,base,227
1995,KRI.N^F06,Knight Ridder,2808465750.0,dead-redo,228
1995,UNM.N,Unum Group,2736686250.0,base,229
1995,X.N^F25,U. S. Steel,2701443750.0,dead-redo,230
1995,SCI.N,Service corp,2604948000.0,base,231
1995,DAL.N^J05,Delta Air,2593557500.0,dead-redo,232
1995,TIN.N^B12,Temple-Inland,2576311875.0,dead-redo,233
1995,BKR.OQ,Baker Hughes Company,2573359500.0,base,234
1995,HAS.OQ,"Hasbro, Inc.",2551932500.0,base,235
1995,COST.OQ,Costco Wholesale Corp,2534257745.492404,edge-fix,236
1995,JP.N^D06,Jefferson-Pilot,2525456250.0,dead-redo,237
1995,GL.N,Globe Life Inc.,2494608750.0,base,238
1995,IPG.N^K25,Interpublic Grp,2491450500.0,dead-redo,239
1995,NEM.N,Newmont Corporation,2462256000.0,base,240
1995,KMG.N^H06,Kerr-McGee,2416227000.0,dead-redo,241
1995,WMB.N,"The Williams Companies, Inc.",2411221125.0,base,242
1995,JCI.N^I16,Johnson Cntrl,2400000000.0,manual-fix,243
1995,LUV.N,Southwest Airlines Co,2398281750.0,base,244
1995,AMD.OQ,"Advanced Micro Devices, Inc.",2368622375.0,base,245
1995,THC.N,Tenet Healthcare,2342645374.99999,base,246
1995,PH.N,Parker-Hannifin Corp,2228635500.0,base,247
1995,NYT.N,New York Times,2203450875.0,base,248
1995,PLL.N^H15,Pall,2191156000.0,dead-redo,249
1995,EC.N^F06,Engelhard,2190336000.0,dead-redo,250
1995,CC.N^K08,Circuit City,2179828250.0,dead-redo,251
1995,DLX.N,Deluxe,2178232125.0,base,252
1995,GDW.N^J06,Golden West,2154528750.0,dead-redo,253
1995,NSM.N^I11,Natl Semiconduct,2148954500.0,dead-redo,254
1995,FMC.N,FMC,2105680500.0,base,255
1995,ASH.N,Ashland,2092632000.0,base,256
1995,NOC.N,Northrop Grumman Corp,2065854000.0,base,257
1995,FL.N^I25,Foot Locker,2028100875.0,dead-redo,258
1995,CTB.N^F21,Cooper Tire,2028051750.0,dead-redo,259
1995,BOL.N^J07,Bausch & Lomb,2025510750.0,dead-redo,260
1995,CBE.N^L12,Cooper Inds,2020060000.0,dead-redo,261
1995,AM^H13,Amercn Greetin,2017123500.0,dead-redo,262
1995,BDK.N^C10,Black & Decker,1971650000.0,dead-redo,263
1995,RAD.N^J23,Rite Aid,1959765750.0,dead-redo,264
1995,AVY.N,Avery Dennison Corp,1952713000.0,base,265
1995,CMI.N,Cummins Inc,1882400000.0,base,266
1995,MWI.N^C04,Moore Wallace,1868620143.73132,dead-redo,267
1995,ADSK.OQ,"Autodesk, Inc.",1864792125.0,base,268
1995,WOR,Worthington Entp,1814140000.0,base,269
1995,PBY.N^B16,Pep Boys - Manny,1812332500.0,dead-redo,270
1995,BC.N,Brunswick Corp,1801460822.875,base,271
1995,STJ.N^A17,St Jude Med,1801177500.0,dead-redo,272
1995,AGN.N^C15,Allerg,1779456000.0,dead-redo,273
1995,PAS.N^C10,PepsiAmerics,1773915000.0,dead-redo,274
1995,R.N,Ryder,1732632000.0,base,275
1995,PCAR.OQ,Paccar Inc,1719466500.0,base,276
1995,SVU.N^J18,Supervalu,1706799875.0,dead-redo,277
1995,LHX.N,"L3Harris Technologies, Inc.",1675180000.0,base,278
1995,BHMSQ.OB^A04,Bethlehem Steel,1643526000.0,dead-redo,279
1995,PHA.N^D03,Pharmacia,1627724000.0,dead-redo,280
1995,MYG.N^D06,Whirlpool Intl,1623124250.0,dead-redo,281
1995,SIAL.OQ^K15,Sigma Aldrich,1619507500.0,dead-redo,282
1995,SWK.N,Stanley Black & Decker Inc,1601278250.0,base,283
1995,BMET.OQ^J07,Biomet,1532026075.83536,dead-redo,284
1995,RYI.N^J07,Ryerson,1517641125.0,dead-redo,285
1995,SFA.N^B06,Scient Atlanta,1507359750.0,dead-redo,286
1995,WEN.N^I08,Wendys Intl,1472344500.0,dead-redo,287
1995,SNA.N,Snap-On Inc,1425294500.0,base,288
1995,ECL.N,Ecolab Inc.,1411337875.0,base,289
1995,UIS.N,Unisys,1406685750.0,base,290
1995,BCR.N^L17,CR Bard,1398306250.0,dead-redo,291
1995,OWC.N^L02,Owens Corning,1393056000.0,dead-redo,292
1995,MDR.N^A20,McDermott Intern,1344525000.0,dead-redo,293
1995,KATE.N^G17,Kate Spade & Co,1335013625.0,dead-redo,294
1995,ANDW.OQ^A08,CommScope LLC,1329658000.0,dead-redo,295
1995,TNB.N^E12,ABB Installation,1319202500.0,dead-redo,296
1995,RML.N^H06,Russell,1242292125.0,dead-redo,297
1995,ECO.A^B03,Echo Bay Mines,1198760998.27882,dead-redo,298
1995,GAS.N^L11,Nicor,1196391000.0,dead-redo,299
1995,HI.N^C03,HSBC Fnce,1192255807.743,dead-redo,300
1995,NAV.N^B07,Navistar Intl,1191053625.0,dead-redo,301
1995,MIL.N^G10,EMD Millipore,1173392500.0,dead-redo,302
1995,DCN.N^C06,Dana Corp,1150050000.0,dead-redo,303
1995,CEN.N^K07,Thl/Cannae,1143128125.0,dead-redo,304
1995,TJX.N,"The TJX Companies, Inc.",1131390625.0,base,305
1995,GR.N^G12,Goodrich,1128968750.0,dead-redo,306
1995,PKN.N^E99,Applied Biosyst,1115073750.0,dead-redo,307
1995,PCH.OQ^B26,Potlatchdeltic,1106821125.0,dead-redo,308
1995,TKR.N,Timken,1093842750.0,base,309
1995,FWC.N^K02,Foster Wheel Nl,1078565374.99999,dead-redo,310
1995,OMX.N^K13,OfficeMax,1033398000.0,dead-redo,311
1995,TEK.N^K07,Tektronix,1032480000.0,dead-redo,312
1995,BALL.N,Ball Corp,939078000.0,base,313
1995,BGG.N^G20,Briggs,932895750.0,dead-redo,314
1995,PGL.N^B07,Peoples US IL,932719000.0,dead-redo,315
1995,FLM.N^D03,Fleming,874318500.0,dead-redo,316
1995,OG.N^C01,Reworld Waste,828723000.0,dead-redo,317
1995,MZ.N^E08,MI 2009,805518625.0,dead-redo,318
1995,CNW.N^J15,XPO CNW,793756250.0,dead-redo,319
1995,RVTY.N,"Revvity, Inc.",778626500.0,base,320
1995,GAP.N^L10,Great Atlantic,697515000.0,dead-redo,321
1995,LDG.N^J08,Longs Drug Store,666027000.0,dead-redo,322
1995,CTX.N^H09,Centex,662254125.0,dead-redo,323
1995,YELL.OQ^H23,Yellow US,649974375.0,dead-redo,324
1995,MDP.N^L21,Hawkeye Acqsn,635801250.0,dead-redo,325
1995,PHM.N,"PulteGroup, Inc.",634248000.0,base,326
1995,HP.N,Helmerich,633424374.999999,base,327
1995,JH.N^E07,Harland Clarke,605491875.0,dead-redo,328
1995,CAL.N,Caleres,574912000.0,base,329
1995,SRR.N^H07,Stride Rite,563267250.0,dead-redo,330
1995,LUB.N^E22,Luby's,562015250.0,dead-redo,331
1995,RDC.N^D19,Rowan,526562500.0,dead-redo,332
1995,OKE.N,"ONEOK, Inc.",480420000.0,base,333
1995,NC.N,NACCO Industries,432956250.0,base,334
1995,KBH.N,KB Home,416622125.0,base,335
1995,RYAN.OQ^K06,Ryans Restaurant,414082500.0,dead-redo,336
1995,BSET.OQ,Bassett Furn Ind,404358000.0,base,337
1995,INGR.OQ^L06,Intergraph,390635000.0,dead-redo,338
1995,U.N^H02,US Airways Group,280080750.0,dead-redo,339
1995,ACV.N^K06,Alberto Culver,266004375.0,dead-redo,340
1995,GSX.N^J98,SPX Tech,219092250.0,dead-redo,341
1995,SPXC.N,SPX Tech,211154125.0,base,342
1995,SKY.N,Champion Homes,209193750.0,base,343
1995,HMX.N^K08,XMH,194382000.0,dead-redo,344
1995,GOSHA.OQ^G05,Oshkosh B'Gosh,94634375.0,dead-redo,345
1995,ENS.N^H97,TXU Gas,60750000.0,dead-redo,346
1995,OEC.N^K97,Ohio Edison,29173500.0,dead-redo,347
1995,PET.N^F98,Pacific Enter,28912500.0,dead-redo,348
1995,PPW.N^L99,PacifiCorp,14182725.0,dead-redo,349
1996,GE.N,General Electric Company,122765220732.0,base,1
1996,T.N^K05,At&T Corp,109042752500.0,dead-redo,2
1996,XOM.N,Exxonmobil Holdings Corp,100136250000.0,base,3
1996,KO.N,Coca-Cola Co,94077181575.0,base,4
1996,SHEL.N,Shell,88449253347.3936,base,5
1996,MRK.N,Merck & Co Inc,79112154001.0,base,6
1996,MO.N,Altria Group Inc,76691453055.0,base,7
1996,UN.N^K20,Unilever,62642420822.6121,dead-redo,8
1996,PG.N,The Procter & Gamble Company,57050785076.25,base,9
1996,JNJ.N,Johnson & Johnson,54140987750.0,base,10
1996,WMT.OQ,Walmart Inc,53348167344.0,base,11
1996,MSFT.OQ,Microsoft Corporation,53159454614.75,base,12
1996,IBM.N,International Business Machines Corporation,50736885166.875,base,13
1996,INTC.OQ,Intel Corp,48131125000.0,base,14
1996,BLS.N^A07,Bellsouth US,44581679498.75,dead-redo,15
1996,PEP.OQ,"PepsiCo, Inc.",44450311250.0,base,16
1996,AIG.N,"American International Group, Inc.",44268299601.75,base,17
1996,MOB.N^K99,Mobil,44000000000.0,manual-est,18
1996,BMY.N,Bristol-Myers Squibb Company,43203517693.75,base,19
1996,HPQ.N,HP Inc,42808410429.0,base,20
1996,GTE.N^G00,GTE,42000000000.0,manual-est,21
1996,DD.N^I17,EIDP,40122070566.0,dead-redo,22
1996,PFE.N,Pfizer Inc.,39600576104.25,base,23
1996,GM.N^F09,Motors GUC Trust,36666910000.0,dead-redo,24
1996,AN.N^L98,BP Nrth Amrc,36000000000.0,manual-est,25
1996,T.N,AT&T Inc,35600605695.125,base,26
1996,MSI.N,Motorola Solutions Inc,34797845999.9999,base,27
1996,FNM.N^G10,Fannie Mae,33511941000.0,dead-redo,28
1996,ABT.N,Abbott Laboratories,33001030528.75,base,29
1996,LLY.N,Eli Lilly and Company,32060074745.043304,outlier-fix,30
1996,F.N,Ford Motor Co,32029478484.375,base,31
1996,AIT.N^J99,AT&T Teleholding,32000000000.0,manual-est,32
1996,DIS.N,The Walt Disney Company,31949866568.5,base,33
1996,MCD.N,McDonald's Corp,31680677665.0,base,34
1996,WYE.N^J09,Wyeth,30020256000.0,dead-redo,35
1996,VZ.N,Verizon Communications Inc,29627402232.5,base,36
1996,MMM.N,3M Company,28430957828.5,base,37
1996,BA.N,Boeing Co,27408818700.0,base,38
1996,EK.N^A12,Eastman Kodak,24082551076.375,dead-redo,39
1996,BAC.N^I98,Bank America,24000000000.0,manual-est,40
1996,G.N^J05,Gillette,23141648883.07844,outlier-fix,41
1996,NYN.N^H97,Nynex,23000000000.0,manual-est,42
1996,HCA.N^K06,HCA,22683385275.0,dead-redo,43
1996,HD.N,"The Home Depot, Inc.",22589252750.0,base,44
1996,C.N^K98,Old Carco,22000000000.0,manual-est,45
1996,AXP.N,American Express Company,20102792145.0,base,46
1996,TX.N^J01,Texaco,20000000000.0,manual-est,47
1996,CSCO.OQ,Cisco Systems Inc,19976645000.0,base,48
1996,SGP.N^K09,Schering-Plough,19756780000.0,dead-redo,49
1996,DOW.N^I17,Dow Chem,19012090089.125,dead-redo,50
1996,BAC.N,Bank of America Corporation,18795215761.875,base,51
1996,ORCL.N,Oracle Corporation,18441069515.988384,outlier-fix,52
1996,EMR.N,Emerson Electric Co,18230984346.75,base,53
1996,ALL.N,Allstate Corp,18065996957.375,base,54
1996,ARC.N^D00,Atlantic Richfld,18000000000.0,manual-est,55
1996,MCIC.O^I98,MCI Comm,18000000000.0,manual-est,56
1996,PSKY.OQ,Paramount Skydance Corp,17386168164.75,base,57
1996,K.N^L25,Kellanova,17313559375.0,dead-redo,58
1996,CVX.N,Chevron Corporation,17217421875.0,base,59
1996,BUD.N^K08,Anheuser-Busch,17000000000.0,manual-est,60
1996,SLB.N,SLB N.V.,16860851500.0,base,61
1996,SO.N,Southern Co,16404105757.875,base,62
1996,TWX.N^A01,Historic TW,16000000000.0,manual-est,63
1996,AMGN.OQ,Amgen Inc,15494420488.75,base,64
1996,HSH.N^H14,Hillshire Brands,15455760250.0,dead-redo,65
1996,CPB.OQ,Campbell's Co,15020541875.0,base,66
1996,ONE.N^G04,Bank One,15000000000.0,manual-est,67
1996,WMX.N^G98,Waste Mgmt Hldg,15000000000.0,manual-est,68
1996,FRE.N^G10,Freddie Mac,14919080250.0,dead-redo,69
1996,XRX.OQ,Xerox Hlngs,14721943099.5,base,70
1996,FDC.N^I07,First Data,14508790465.0,dead-redo,71
1996,S.N^C05,Sears Roebuck,14163550000.0,dead-redo,72
1996,PAC.N^D97,Pac Telesis,14000000000.0,manual-est,73
1996,S.N^G13,Sprint Commns DE,13951632360.0,dead-redo,74
1996,HON.OQ,Honeywell International Inc,13926401027.0,base,75
1996,UNP.N,Union Pacific Corporation,13825321712.0,base,76
1996,VO.N^L00,Vivendi Exchang,13431201560.7678,dead-redo,77
1996,CA.OQ^K18,CA,13048956738.0,dead-redo,78
1996,KMB.OQ,Kimberly-Clark Corporation,13038532081.25,base,79
1996,C.N,Citigroup Inc,13000000000.0,manual-fix,80
1996,TCOMA.O^C99,TCI Commun,13000000000.0,manual-est,81
1996,MD.N^H97,Mcdonnell Dougl,13000000000.0,manual-est,82
1996,WLA.N^F00,Warner Lambert,12740541813.8987,dead-redo,83
1996,PCG.N,PG&E Corp,12211712250.0,base,84
1996,WB.N^H01,Wachovia,12000000000.0,manual-est,85
1996,GRN.N^L98,General Re,12000000000.0,manual-est,86
1996,FCN.N^J98,First Chicgo NBD,12000000000.0,manual-est,87
1996,ROK.N,Rockwell Automation Inc,11886866250.0,base,88
1996,WFC.N,Wells Fargo & Co,11606632398.875,base,89
1996,RTX.N,RTX Corporation,11544000000.0,base,90
1996,CAT.N,Caterpillar Inc,11543899521.0,base,91
1996,JCP.N^E20,Old Copper Co,11331060000.0,dead-redo,92
1996,BAX.N,Baxter International Inc.,11300879266.875,base,93
1996,UNH.N,UnitedHealth Group Inc,11289741343.375,base,94
1996,MAY.N^H05,May Department,11172529243.625,dead-redo,95
1996,NT.N^A09,Nortel Networks,11125916044.6382,dead-redo,96
1996,JPM.N,JPMorgan Chase & Co,11018235732.5,base,97
1996,BNI.N^B10,Burlington Nrth,10961293216.125,dead-redo,98
1996,ADP.OQ,Automatic Data Processing Inc,10587126663.57336,outlier-fix,99
1996,CAG.N,Conagra Brands,10446031125.0,base,100
1996,NSC.N,Norfolk Southern Corp,10397700421.5,base,101
1996,CL.N,Colgate-Palmolive Company,10318225743.0,base,102
1996,IP.N,International Paper Co,10202164496.75,base,103
1996,DUK.N,Duke Energy Corp,9782033437.25,base,104
1996,B.N,Barrick Mining,9774827477.58964,base,105
1996,BNY.N,Bank of New York Mellon Corp,9701434484.5,base,106
1996,ADM.N,Archer-Daniels-Midland Co,9675584396.0,base,107
1996,HWM.N,Howmet Aerospace Inc.,9635813379.375,base,108
1996,WB.N^A09,Wachovia Corp,9602108349.625,dead-redo,109
1996,TXU.N^J07,Energy Future Hd,9457091875.0,dead-redo,110
1996,ENE.N^A02,Eron Dissolution,9449979140.40088,dead-redo,111
1996,DE.N,Deere & Co,9311693097.0,base,112
1996,GIS.N,General Mills Inc,9290946000.0,base,113
1996,TXN.OQ,Texas Instruments Inc,9185366500.0,base,114
1996,MER.N^A09,Merrill Lyn,9181202486.5,dead-redo,115
1996,WY.N,Weyerhaeuser Company,9152591612.99999,base,116
1996,BEAM.N^E14,Suntory Global,9101983250.0,dead-redo,117
1996,PPG.N,"PPG Industries, Inc.",9091553438.625,base,118
1996,COP.N,ConocoPhillips,8910300712.0,base,119
1996,NEE.N,"NextEra Energy, Inc.",8719277750.0,base,120
1996,CB.N^A16,Chubb NJ,8710232482.625,dead-redo,121
1996,TGNA.N^C26,Tegna,8622656454.0,dead-redo,122
1996,KEY.N,KeyCorp,8582429831.25,base,123
1996,HNZ.N^F13,Kraft Heinz Food,8432527500.0,dead-redo,124
1996,TEN.N^K22,Tenneco,8371044000.0,dead-redo,125
1996,ABS.N^F06,Albertson,8343149000.0,dead-redo,126
1996,MU.OQ,"Micron Technology, Inc.",8296574548.908998,outlier-fix,127
1996,MS.N,Morgan Stanley,8059668750.0,base,128
1996,CI.N,The Cigna Group,8059036669.125,base,129
1996,CBS.N^E00,CBS Co,8000000000.0,manual-est,130
1996,EIX.N,Edison International,7929816090.625,base,131
1996,AET.N^K18,Aetna,7870859750.0,dead-redo,132
1996,STI.N^L19,SunTrust Banks,7836354306.75,dead-redo,133
1996,USB.N,U.S. Bancorp,7722836950.5,base,134
1996,AEP.OQ,American Electric Power Company Inc,7684256250.0,base,135
1996,ED.N,"Consolidated Edison, Inc.",7635903112.5,base,136
1996,MEL.N^G07,Mellon Financial,7630698204.0,dead-redo,137
1996,JAVA.OQ^B10,Oracle America,7561382276.25,dead-redo,138
1996,WBA.OQ^H25,Walgreens Hldg,7384232160.0,dead-redo,139
1996,D.N,"Dominion Energy, Inc.",7353880595.625,base,140
1996,AL.N^K07,Alcan,7237549294.39804,dead-redo,141
1996,PNC.N,"The PNC Financial Services Group, Inc.",7234899228.125,base,142
1996,UCL.N^H05,Unocal,7228892911.5,dead-redo,143
1996,PBI.N,Pitney Bowes,7219760785.875,base,144
1996,GLW.N,Corning Incorporated,7135567083.13601,base,145
1996,BSX.N,Boston Scientific Corp,7135139250.0,base,146
1996,MAT.OQ,Mattel,7011951781.25,base,147
1996,ITW.N,Illinois Tool Works Inc,6876992538.0,base,148
1996,GT.OQ,Goodyear Tire,6732461625.0,base,149
1996,EXC.OQ,Exelon Corp,6703127750.0,base,150
1996,ETR.N,Entergy Corp,6661867884.75,base,151
1996,TOY.N^G05,Toys R US,6661296000.0,dead-redo,152
1996,OXY.N,Occidental Petroleum Corp,6623953750.0,base,153
1996,RAL.N^L01,Nestle Purina,6621962750.0,dead-redo,154
1996,UST.N^A09,UST DE,6620515958.0,dead-redo,155
1996,APD.N,"Air Products and Chemicals, Inc.",6546872711.25,base,156
1996,GP.N^L05,Georgia-Pacific,6484591374.375,dead-redo,157
1996,GAP.N,Gap,6473838000.0,base,158
1996,MRSH.N,Marsh & McLennan Companies Inc,6456269924.5,base,159
1996,WWY.N^J08,WM Wrigley,6395840000.0,dead-redo,160
1996,NSI.N^H03,Natl Serv Inds,6376760000.0,dead-redo,161
1996,BBWI.N,Bath & Body,6262578000.0,base,162
1996,PDG.N^C06,Placer Dome,6250340724.17042,dead-redo,163
1996,RTN.N^L97,Raytheon,6151131250.0,dead-redo,164
1996,FBF.N^D04,FleetBoston Fin,5956445507.5,dead-redo,165
1996,TXT.N,Textron Inc,5937470000.0,base,166
1996,SYY.N,Sysco Corporation,5866571125.0,base,167
1996,AMR.N^A12,American Airline,5832890625.0,dead-redo,168
1996,HAL.N,Halliburton Company,5647879010.625,base,169
1996,MRO.N^K24,Marathn Oil,5624171750.0,dead-redo,170
1996,KRB.N^A06,MBNA,5607007500.0,dead-redo,171
1996,AT.N^K07,Alltel,5599836000.0,dead-redo,172
1996,NOVL.OQ^D11,Micro Focus,5570947000.0,dead-redo,173
1996,TGT.N,Target Corp,5489876396.96308,base,174
1996,PGN.N^G12,Prgres Enrgy,5485140000.0,dead-redo,175
1996,IFF.N,International Flavors & Fragrances Inc.,5417678625.0,base,176
1996,LOW.N,Lowe's Companies Inc,5399844375.0,base,177
1996,EMN.N,Eastman Chemical,5333698500.0,base,178
1996,M.N,Macy's,5241125000.0,base,179
1996,AVP.N^A20,Avon Prdcts,5200358451.375,dead-redo,180
1996,LNC.N,LNC,5177981250.0,base,181
1996,IKN.N^K08,Ricoh USA,5169273644.0,dead-redo,182
1996,NKE.N,"NIKE, Inc.",5141128375.0,base,183
1996,GPC.N,Genuine Parts Co,5102447750.0,base,184
1996,BDX.N,Becton Dickinson and Co,5089112250.0,base,185
1996,DTE.N,DTE Energy Company,5051922750.0,base,186
1996,HES.N^G25,Hess,4998696250.0,dead-redo,187
1996,MAS.N,Masco Corporation,4998426000.0,base,188
1996,NUE.N,Nucor Corporation,4949224250.0,base,189
1996,GLK.N^G05,Great Lakes Chem,4923613125.0,dead-redo,190
1996,BR.N^D06,Burlington Res,4904757186.25,dead-redo,191
1996,CIN.N^D06,Cinergy,4893159444.75,dead-redo,192
1996,NCC.N^A09,National City,4803007737.0,dead-redo,193
1996,TRV.N,"The Travelers Companies, Inc.",4776039863.5,base,194
1996,CSX.OQ,CSX Corporation,4735903725.0,base,195
1996,LIN.OQ,Linde PLC,4649248348.5,base,196
1996,KR.N,Kroger Co,4635664987.5,base,197
1996,CMA.N^B26,Comerica,4582240000.0,dead-redo,198
1996,L.N,Loews Corporation,4571337500.0,base,199
1996,CMCSK.OQ^L15,Comcast,4482634425.75,dead-redo,200
1996,AMCR.N,Amcor PLC,4404337169.99955,base,201
1996,SPGI.N,S&P Global Inc,4364686659.5,base,202
1996,HUM.N,Humana Inc.,4350743036.875,base,203
1996,HRB.N,H&R Block,4342635500.0,base,204
1996,ROH.N^D09,Rohm Haas,4340435587.5,dead-redo,205
1996,CEG.N^C12,Constell Energy,4278283000.0,dead-redo,206
1996,PD.N^C07,Freeport-Mc,4271201203.625,dead-redo,207
1996,ETN.N,Eaton Corporation PLC,4268000000.0,base,208
1996,WMB.N,"The Williams Companies, Inc.",4246628250.0,base,209
1996,NWL.OQ,Newell Brands,4181887650.25,base,210
1996,FDX.N,FedEx Corp,4111957500.0,base,211
1996,HSY.N,The Hershey Company,4111175011.375,base,212
1996,TT.N,Trane Technologies PLC,4056754422.75,base,213
1996,LSI.OQ^E14,LSI,4024563407.25,dead-redo,214
1996,DAL.N^J05,Delta Air,4022216215.875,dead-redo,215
1996,WHR.N,Whirlpool,4005612583.375,base,216
1996,TRB.N^L07,Tribune Media,3944267578.0,dead-redo,217
1996,SCI.N,Service corp,3942624000.0,base,218
1996,CAR.OQ,Avis Budget Grp,3939382500.0,base,219
1996,DXC.N,DXC Tech,3920552356.875,base,220
1996,FCX.N,Freeport-McMoRan Inc,3901963768.625,base,221
1996,N.N^K06,Inco,3893367010.47594,dead-redo,222
1996,DJ.N^L07,Dow Jones & Co,3882561800.0,dead-redo,223
1996,PPL.N,PPL Corp,3873350000.0,base,224
1996,GD.N,General Dynamics Corp,3794528250.5,base,225
1996,AAPL.OQ,Apple Inc.,3766431375.0,base,226
1996,CCK.N,Crown Holdings,3758813750.0,base,227
1996,CLX.N,The Clorox Company,3724585119.5,base,228
1996,BFb.N,Brown-Forman Corporation,3701142000.0,base,229
1996,JWN.N^E25,Nordstrom,3513708000.0,dead-redo,230
1996,AMAT.OQ,Applied Materials Inc,3480423625.0,base,231
1996,SHW.N,Sherwin-Williams Co,3476606250.0,base,232
1996,BKR.OQ,Baker Hughes Company,3455259500.0,base,233
1996,VFC.N,VF,3414349250.0,base,234
1996,IPG.N^K25,Interpublic Grp,3383236396.75,dead-redo,235
1996,EC.N^F06,Engelhard,3367186585.125,dead-redo,236
1996,LUV.N,Southwest Airlines Co,3364753500.0,base,237
1996,GWW.N,WW Grainger Inc,3362055000.0,base,238
1996,THC.N,Tenet Healthcare,3358482750.0,base,239
1996,KMG.N^H06,Kerr-McGee,3314236500.0,dead-redo,240
1996,XEL.OQ,Xcel Energy Inc,3311847000.0,base,241
1996,DDS.N,Dillard's,3277116000.0,base,242
1996,GDW.N^J06,Golden West,3269229004.25,dead-redo,243
1996,NEM.N,Newmont Corporation,3265909000.0,base,244
1996,CNP.N,"CenterPoint Energy, Inc.",3233188624.99999,base,245
1996,GL.N,Globe Life Inc.,3224523870.0,base,246
1996,NOC.N,Northrop Grumman Corp,3199712223.75,base,247
1996,HLT.N^J07,Park Hotels,3141063250.0,dead-redo,248
1996,DCN.N^C06,Dana Corp,3104948975.625,dead-redo,249
1996,SGI.N^K05,Graphics Prpty,3102863125.0,dead-redo,250
1996,BDK.N^C10,Black & Decker,3085599888.875,dead-redo,251
1996,KRI.N^F06,Knight Ridder,3062471436.875,dead-redo,252
1996,PLL.N^H15,Pall,3027255000.0,dead-redo,253
1996,COST.OQ,Costco Wholesale Corp,3001742184.0,base,254
1996,MDT.N,Medtronic PLC,2986828000.0,base,255
1996,JCI.N^I16,Johnson Cntrl,2900000000.0,manual-fix,256
1996,PHA.N^D03,Pharmacia,2897930050.0,dead-redo,257
1996,SUN.N^J12,ETC Sunoco Hldg,2867105625.0,dead-redo,258
1996,NYT.N,New York Times,2820245692.5,base,259
1996,AVY.N,Avery Dennison Corp,2791554500.0,base,260
1996,RAD.N^J23,Rite Aid,2781603000.0,dead-redo,261
1996,WIN.N^B05,Winn-Dixie,2778525000.0,dead-redo,262
1996,ITT.N^B98,ITT Co,2757037500.0,dead-redo,263
1996,CC.N^K08,Circuit City,2745861000.0,dead-redo,264
1996,LPX.N,Louisiana-Pacifc,2724175333.0,base,265
1996,HAS.OQ,"Hasbro, Inc.",2717860055.0,base,266
1996,HET.N^A08,HARRAH S,2604312273.5,dead-redo,267
1996,PH.N,Parker-Hannifin Corp,2577177628.75,base,268
1996,NSM.N^I11,Natl Semiconduct,2553627750.0,dead-redo,269
1996,LDW.N^L00,Firstgroup Intl,2547081634.76461,dead-redo,270
1996,X.N^F25,U. S. Steel,2540305000.0,dead-redo,271
1996,TIN.N^B12,Temple-Inland,2538345764.75,dead-redo,272
1996,RSH.N^B15,RS Legacy,2532686822.875,dead-redo,273
1996,SIAL.OQ^K15,Sigma Aldrich,2491550000.0,dead-redo,274
1996,PAS.N^C10,PepsiAmerics,2486168750.0,dead-redo,275
1996,FMC.N,FMC,2470300500.0,base,276
1996,DLX.N,Deluxe,2374376250.0,base,277
1996,UNM.N,Unum Group,2373861616.0,base,278
1996,RBK.N^B06,Reebok Internati,2320829125.0,dead-redo,279
1996,BOL.N^J07,Bausch & Lomb,2295011287.875,dead-redo,280
1996,HPC.N^K08,Hercules,2291328000.0,dead-redo,281
1996,SVU.N^J18,Supervalu,2265388125.0,dead-redo,282
1996,JP.N^D06,Jefferson-Pilot,2260609493.25,dead-redo,283
1996,SAF.N^I08,Safeco,2255629362.1875,dead-redo,284
1996,BC.N,Brunswick Corp,2242793756.5,base,285
1996,KATE.N^G17,Kate Spade & Co,2241263750.0,dead-redo,286
1996,BMET.OQ^J07,Biomet,2234674750.0,dead-redo,287
1996,SWK.N,Stanley Black & Decker Inc,2233225054.125,base,288
1996,WEN.N^I08,Wendys Intl,2223465500.0,dead-redo,289
1996,MYG.N^D06,Whirlpool Intl,2199469901.125,dead-redo,290
1996,ASH.N,Ashland,2187612000.0,base,291
1996,LHX.N,"L3Harris Technologies, Inc.",2141546250.0,base,292
1996,DOV.N,Dover Corp,2105968125.0,base,293
1996,AGN.N^C15,Allerg,2087166781.0,dead-redo,294
1996,CTB.N^F21,Cooper Tire,2069867250.0,dead-redo,295
1996,STJ.N^A17,St Jude Med,2051018250.0,dead-redo,296
1996,AM^H13,Amercn Greetin,2045587500.0,dead-redo,297
1996,CBE.N^L12,Cooper Inds,2029404626.8125,dead-redo,298
1996,OWC.N^L02,Owens Corning,2023248000.0,dead-redo,299
1996,R.N,Ryder,1988589000.0,base,300
1996,SNA.N,Snap-On Inc,1971836000.0,base,301
1996,ECL.N,Ecolab Inc.,1922625017.25,base,302
1996,CEN.N^K07,Thl/Cannae,1904762574.0,dead-redo,303
1996,MWI.N^C04,Moore Wallace,1891461395.5916,dead-redo,304
1996,HI.N^C03,HSBC Fnce,1886734779.93,dead-redo,305
1996,WOR,Worthington Entp,1883581250.0,base,306
1996,DRI.N,Darden Restaurants Inc,1860069356.25,base,307
1996,GR.N^G12,Goodrich,1845582316.875,dead-redo,308
1996,AMD.OQ,"Advanced Micro Devices, Inc.",1798655499.0,base,309
1996,BCR.N^L17,CR Bard,1756752765.625,dead-redo,310
1996,PCAR.OQ,Paccar Inc,1729181000.0,base,311
1996,OMX.N^K13,OfficeMax,1708771484.0,dead-redo,312
1996,PKN.N^E99,Applied Biosyst,1668968125.0,dead-redo,313
1996,FL.N^I25,Foot Locker,1665351125.0,dead-redo,314
1996,ADSK.OQ,"Autodesk, Inc.",1635369750.0,base,315
1996,PBY.N^B16,Pep Boys - Manny,1628027500.0,dead-redo,316
1996,TLAB.OQ^L13,Infinera Optical,1627457000.0,dead-redo,317
1996,FWC.N^K02,Foster Wheel Nl,1552955125.0,dead-redo,318
1996,CMI.N,Cummins Inc,1548862500.0,base,319
1996,TNB.N^E12,ABB Installation,1463605000.0,dead-redo,320
1996,TEK.N^K07,Tektronix,1463237500.0,dead-redo,321
1996,BHMSQ.OB^A04,Bethlehem Steel,1381018375.0,dead-redo,322
1996,GAS.N^L11,Nicor,1377449802.375,dead-redo,323
1996,TJX.N,"The TJX Companies, Inc.",1366719875.0,base,324
1996,RVTY.N,"Revvity, Inc.",1316085500.0,base,325
1996,BGG.N^G20,Briggs,1280019750.0,dead-redo,326
1996,ECO.A^B03,Echo Bay Mines,1257340376.17364,dead-redo,327
1996,TKR.N,Timken,1233482250.0,base,328
1996,RYI.N^J07,Ryerson,1211889250.0,dead-redo,329
1996,CNW.N^J15,XPO CNW,1202670756.625,dead-redo,330
1996,PCH.OQ^B26,Potlatchdeltic,1198143000.0,dead-redo,331
1996,MDP.N^L21,Hawkeye Acqsn,1164083196.25,dead-redo,332
1996,MDR.N^A20,McDermott Intern,1137771375.0,dead-redo,333
1996,SFA.N^B06,Scient Atlanta,1117510202.25,dead-redo,334
1996,PGL.N^B07,Peoples US IL,1116800000.0,dead-redo,335
1996,RML.N^H06,Russell,1077651000.0,dead-redo,336
1996,OG.N^C01,Reworld Waste,1072610000.0,dead-redo,337
1996,UIS.N,Unisys,1049805124.375,base,338
1996,ANDW.OQ^A08,CommScope LLC,1015413750.0,dead-redo,339
1996,MIL.N^G10,EMD Millipore,1012823000.0,dead-redo,340
1996,CTX.N^H09,Centex,997533933.75,dead-redo,341
1996,LDG.N^J08,Longs Drug Store,973225500.0,dead-redo,342
1996,PHM.N,"PulteGroup, Inc.",934137000.0,base,343
1996,MZ.N^E08,MI 2009,906735625.0,dead-redo,344
1996,GAP.N^L10,Great Atlantic,879060000.0,dead-redo,345
1996,BALL.N,Ball Corp,860103609.0,base,346
1996,U.N^H02,US Airways Group,847812000.0,dead-redo,347
1996,RDC.N^D19,Rowan,821437500.0,dead-redo,348
1996,TAP.N,Molson Coors Beverage Company,810731685.0,base,349
1996,FLM.N^D03,Fleming,771457500.0,dead-redo,350
1996,HP.N,Helmerich,735390250.0,base,351
1996,INGR.OQ^L06,Intergraph,708723500.0,dead-redo,352
1996,JH.N^E07,Harland Clarke,643573125.0,dead-redo,353
1996,OKE.N,"ONEOK, Inc.",623878750.0,base,354
1996,NAV.N^B07,Navistar Intl,588322500.0,dead-redo,355
1996,LUB.N^E22,Luby's,562015250.0,dead-redo,356
1996,KBH.N,KB Home,558571330.0,base,357
1996,NC.N,NACCO Industries,514624999.999999,base,358
1996,RYAN.OQ^K06,Ryans Restaurant,394046250.0,dead-redo,359
1996,SRR.N^H07,Stride Rite,377574750.0,dead-redo,360
1996,YELL.OQ^H23,Yellow US,372417750.0,dead-redo,361
1996,ACV.N^K06,Alberto Culver,330935000.0,dead-redo,362
1996,CAL.N,Caleres,269490000.0,base,363
1996,GSX.N^J98,SPX Tech,219677330.5,dead-redo,364
1996,ENS.N^H97,TXU Gas,62625000.0,dead-redo,365
1996,PET.N^F98,Pacific Enter,38800000.0,dead-redo,366
1996,OEC.N^K97,Ohio Edison,35058000.0,dead-redo,367
1996,PPW.N^L99,PacifiCorp,17272000.0,dead-redo,368
1997,GE.N,General Electric Company,160731806193.75,base,1
1997,KO.N,Coca-Cola Co,129073380095.0,base,2
1997,XOM.N,Exxonmobil Holdings Corp,122160199185.5,base,3
1997,SHEL.N,Shell,111572532176.782,base,4
1997,INTC.OQ,Intel Corp,106985725000.0,base,5
1997,MSFT.OQ,Microsoft Corporation,100872699094.36424,outlier-fix,6
1997,MRK.N,Merck & Co Inc,96284489248.125,base,7
1997,MO.N,Altria Group Inc,90805490841.5,base,8
1997,IBM.N,International Business Machines Corporation,79313898447.5,base,9
1997,UN.N^K20,Unilever,74071971651.9402,dead-redo,10
1997,PG.N,The Procter & Gamble Company,72714689578.0,base,11
1997,T.N^K05,At&T Corp,67241786000.0,dead-redo,12
1997,JNJ.N,Johnson & Johnson,66253018061.0,base,13
1997,DD.N^I17,EIDP,55242117928.7499,dead-redo,14
1997,BMY.N,Bristol-Myers Squibb Company,53647505080.125,base,15
1997,PFE.N,Pfizer Inc.,52778921430.0,base,16
1997,WMT.OQ,Walmart Inc,52758673809.0,base,17
1997,HPQ.N,HP Inc,51236664374.9999,base,18
1997,AIG.N,"American International Group, Inc.",50464491690.0,base,19
1997,MOB.N^K99,Mobil,49000000000.0,manual-est,20
1997,PEP.OQ,"PepsiCo, Inc.",45829729926.5,base,21
1997,DIS.N,The Walt Disney Company,45484762919.75,base,22
1997,GTE.N^G00,GTE,44000000000.0,manual-est,23
1997,GM.N^F09,Motors GUC Trust,43755531470.375,dead-redo,24
1997,CVX.N,Chevron Corporation,42978320527.625,base,25
1997,CSCO.OQ,Cisco Systems Inc,41335028044.875,base,26
1997,BLS.N^A07,Bellsouth US,40730433692.0,dead-redo,27
1997,LLY.N,Eli Lilly and Company,40005827555.0,base,28
1997,FNM.N^G10,Fannie Mae,40000000000.0,manual-fix,29
1997,AN.N^L98,BP Nrth Amrc,40000000000.0,manual-est,30
1997,ABT.N,Abbott Laboratories,39133572365.875,base,31
1997,F.N,Ford Motor Co,37786887200.625,base,32
1997,WYE.N^J09,Wyeth,37678816000.0,dead-redo,33
1997,BA.N,Boeing Co,36270125056.125,base,34
1997,MMM.N,3M Company,36051884778.75,base,35
1997,MSI.N,Motorola Solutions Inc,35499622912.3749,base,36
1997,BAC.N^I98,Bank America,35000000000.0,manual-est,37
1997,G.N^J05,Gillette,34619456379.375,dead-redo,38
1997,AIT.N^J99,AT&T Teleholding,33000000000.0,manual-est,39
1997,T.N,AT&T Inc,31767651652.375,base,40
1997,MCD.N,McDonald's Corp,31484308917.125,base,41
1997,VZ.N,Verizon Communications Inc,29330499215.0,base,42
1997,BAC.N,Bank of America Corporation,27989532806.875,base,43
1997,ORCL.N,Oracle Corporation,27632299967.9999,base,44
1997,KMB.OQ,Kimberly-Clark Corporation,26945597457.625,base,45
1997,EK.N^A12,Eastman Kodak,26298468356.0,dead-redo,46
1997,HCA.N^K06,HCA,26256645775.0,dead-redo,47
1997,TX.N^J01,Texaco,26000000000.0,manual-est,48
1997,AXP.N,American Express Company,25885174150.625,base,49
1997,ALL.N,Allstate Corp,25401928730.125,base,50
1997,C.N,Citigroup Inc,25000000000.0,manual-fix,51
1997,SLB.N,SLB N.V.,24653718100.0,base,52
1997,SGP.N^K09,Schering-Plough,24425186375.0,dead-redo,53
1997,C.N^K98,Old Carco,24000000000.0,manual-est,54
1997,HD.N,"The Home Depot, Inc.",23596126018.125,base,55
1997,EMR.N,Emerson Electric Co,21275976073.625,base,56
1997,ARC.N^D00,Atlantic Richfld,21000000000.0,manual-est,57
1997,FRE.N^G10,Freddie Mac,20260201125.0,dead-redo,58
1997,CPB.OQ,Campbell's Co,20037841875.0,base,59
1997,NYN.N^H97,Nynex,20000000000.0,manual-est,60
1997,BUD.N^K08,Anheuser-Busch,20000000000.0,manual-est,61
1997,DOW.N^I17,Dow Chem,19469784719.125,dead-redo,62
1997,WLA.N^F00,Warner Lambert,19400806106.6336,dead-redo,63
1997,HON.OQ,Honeywell International Inc,19019283531.25,base,64
1997,MCIC.O^I98,MCI Comm,19000000000.0,manual-est,65
1997,ONE.N^G04,Bank One,19000000000.0,manual-est,66
1997,HSH.N^H14,Hillshire Brands,18887447035.5,dead-redo,67
1997,S.N^C05,Sears Roebuck,17579106044.5,dead-redo,68
1997,LMT.N,Lockheed Martin Corp,17150797866.0,base,69
1997,TWX.N^A01,Historic TW,17000000000.0,manual-est,70
1997,FCN.N^J98,First Chicgo NBD,17000000000.0,manual-est,71
1997,XRX.OQ,Xerox Hlngs,16958338427.25,base,72
1997,CA.OQ^K18,CA,16917563827.5,dead-redo,73
1997,FDC.N^I07,First Data,16545563593.75,dead-redo,74
1997,NT.N^A09,Nortel Networks,16500724817.5182,dead-redo,75
1997,JPM.N,JPMorgan Chase & Co,16298095264.0,base,76
1997,MDT.N,Medtronic PLC,16172144883.125,base,77
1997,WFC.N,Wells Fargo & Co,16016663899.25,base,78
1997,PAC.N^D97,Pac Telesis,16000000000.0,manual-est,79
1997,WB.N^H01,Wachovia,16000000000.0,manual-est,80
1997,WMX.N^G98,Waste Mgmt Hldg,16000000000.0,manual-est,81
1997,RTX.N,RTX Corporation,15855391621.645702,outlier-fix,82
1997,VO.N^L00,Vivendi Exchang,15003767790.8759,dead-redo,83
1997,SO.N,Southern Co,14988776535.5,base,84
1997,UNP.N,Union Pacific Corporation,14534767071.875,base,85
1997,AMGN.OQ,Amgen Inc,14445790791.5,base,86
1997,GRN.N^L98,General Re,14000000000.0,manual-est,87
1997,MD.N^H97,Mcdonnell Dougl,14000000000.0,manual-est,88
1997,K.N^L25,Kellanova,13908579960.0,dead-redo,89
1997,CAT.N,Caterpillar Inc,13895631030.0,base,90
1997,S.N^G13,Sprint Commns DE,13767729080.0,dead-redo,91
1997,BNI.N^B10,Burlington Nrth,13440629934.5,dead-redo,92
1997,CL.N,Colgate-Palmolive Company,13366889536.0,base,93
1997,COMS.OQ^D10,3Com,13329097032.75,dead-redo,94
1997,FBF.N^D04,FleetBoston Fin,13280450529.375,dead-redo,95
1997,MER.N^A09,Merrill Lyn,13237625219.5,dead-redo,96
1997,BNY.N,Bank of New York Mellon Corp,13040331332.0,base,97
1997,IP.N,International Paper Co,12531504023.75,base,98
1997,PSKY.OQ,Paramount Skydance Corp,12417210332.625,base,99
1997,ADP.OQ,Automatic Data Processing Inc,12376502802.125,base,100
1997,WB.N^A09,Wachovia Corp,12329044452.75,dead-redo,101
1997,PNC.N,"The PNC Financial Services Group, Inc.",12317164463.125,base,102
1997,CAG.N,Conagra Brands,12212867250.0,base,103
1997,AET.N^K18,Aetna,12167996998.125,dead-redo,104
1997,USB.N,U.S. Bancorp,12121462909.875,base,105
1997,TXN.OQ,Texas Instruments Inc,12086330277.625,base,106
1997,ADM.N,Archer-Daniels-Midland Co,11969639616.0,base,107
1997,COP.N,ConocoPhillips,11547151799.625,base,108
1997,ROK.N,Rockwell Automation Inc,11352128767.5,base,109
1997,HWM.N,Howmet Aerospace Inc.,11292854745.0,base,110
1997,MAY.N^H05,May Department,11265602400.0,dead-redo,111
1997,KEY.N,KeyCorp,11242064998.5,base,112
1997,JCP.N^E20,Old Copper Co,11101195335.375,dead-redo,113
1997,BAX.N,Baxter International Inc.,11087876637.5,base,114
1997,CBS.N^E00,CBS Co,11000000000.0,manual-est,115
1997,STI.N^L19,SunTrust Banks,10927716576.0,dead-redo,116
1997,NSC.N,Norfolk Southern Corp,10757607474.0,base,117
1997,ENE.N^A02,Eron Dissolution,10666680390.2904,dead-redo,118
1997,MS.N,Morgan Stanley,10650135946.25,base,119
1997,BSX.N,Boston Scientific Corp,10563712862.5,base,120
1997,UCL.N^H05,Unocal,10548721343.75,dead-redo,121
1997,B.N,Barrick Mining,10469971267.4274,base,122
1997,TGNA.N^C26,Tegna,10430799426.0,dead-redo,123
1997,DE.N,Deere & Co,10332839566.125,base,124
1997,JAVA.OQ^B10,Oracle America,10214333941.5,dead-redo,125
1997,GLW.N,Corning Incorporated,10173100500.0,base,126
1997,CI.N,The Cigna Group,10168194949.75,base,127
1997,PPG.N,"PPG Industries, Inc.",10085089190.0,base,128
1997,NCC.N^A09,National City,9940693604.625,dead-redo,129
1997,BEAM.N^E14,Suntory Global,9883594000.0,dead-redo,130
1997,WBA.OQ^H25,Walgreens Hldg,9876410514.0,dead-redo,131
1997,GIS.N,General Mills Inc,9813603438.0,base,132
1997,DELL.OQ^J13,Dell,9782825651.99999,dead-redo,133
1997,ITW.N,Illinois Tool Works Inc,9753514312.5,base,134
1997,CB.N^A16,Chubb NJ,9744564872.0,dead-redo,135
1997,CAR.OQ,Avis Budget Grp,9370819796.625,base,136
1997,WY.N,Weyerhaeuser Company,9345403565.87499,base,137
1997,MEL.N^G07,Mellon Financial,9204643368.625,dead-redo,138
1997,DUK.N,Duke Energy Corp,9197525317.5,base,139
1997,TXU.N^J07,Energy Future Hd,9146560500.0,dead-redo,140
1997,PCG.N,PG&E Corp,9131767125.0,base,141
1997,CSX.OQ,CSX Corporation,9110871000.0,base,142
1997,ABS.N^F06,Albertson,9099449552.5,dead-redo,143
1997,HNZ.N^F13,Kraft Heinz Food,9008908125.0,dead-redo,144
1997,TCOMA.O^C99,TCI Commun,9000000000.0,manual-est,145
1997,TOY.N^G05,Toys R US,8449993543.5,dead-redo,146
1997,NEE.N,"NextEra Energy, Inc.",8349303596.875,base,147
1997,GAP.N,Gap,8342529279.75,base,148
1997,UNH.N,UnitedHealth Group Inc,8327693390.75,base,149
1997,TGT.N,Target Corp,8297219873.25,base,150
1997,PBI.N,Pitney Bowes,8257523240.0,base,151
1997,APD.N,"Air Products and Chemicals, Inc.",8202491094.375,base,152
1997,EIX.N,Edison International,8184669753.0,base,153
1997,AL.N^K07,Alcan,7922624220.0,dead-redo,154
1997,AMR.N^A12,American Airline,7846357942.5,dead-redo,155
1997,AEP.OQ,American Electric Power Company Inc,7724714375.0,base,156
1997,HIG.N,"The Hartford Insurance Group, Inc.",7707740709.375,base,157
1997,EMC.N^I16,EMC US,7701197946.0,dead-redo,158
1997,GT.OQ,Goodyear Tire,7651377000.0,base,159
1997,AVP.N^A20,Avon Prdcts,7605283619.5,dead-redo,160
1997,RAL.N^L01,Nestle Purina,7597694000.0,dead-redo,161
1997,TXT.N,Textron Inc,7576104750.0,base,162
1997,TEN.N^K22,Tenneco,7546623000.0,dead-redo,163
1997,HAL.N,Halliburton Company,7512061560.0,base,164
1997,NSI.N^H03,Natl Serv Inds,7504956000.0,dead-redo,165
1997,MRSH.N,Marsh & McLennan Companies Inc,7424174792.24999,base,166
1997,MAT.OQ,Mattel,7406135527.5,base,167
1997,LU.N^L06,Nokia of America,7307099275.75,dead-redo,168
1997,LIN.OQ,Linde PLC,7235555766.25,base,169
1997,OXY.N,Occidental Petroleum Corp,7159996250.0,base,170
1997,TLAB.OQ^L13,Infinera Optical,7014000098.0,dead-redo,171
1997,D.N,"Dominion Energy, Inc.",7013414214.25,base,172
1997,M.N,Macy's,6992272044.875,base,173
1997,MRO.N^K24,Marathn Oil,6842145250.0,dead-redo,174
1997,ED.N,"Consolidated Edison, Inc.",6785324844.375,base,175
1997,GP.N^L05,Georgia-Pacific,6693907007.0,dead-redo,176
1997,AON.N,Aon PLC,6672191932.375,base,177
1997,BBWI.N,Bath & Body,6625626000.0,base,178
1997,FITB.N,Fifth Third Bancorp,6564037588.0,base,179
1997,RTN.N^D20,Raytheon,6545856250.0,dead-redo,180
1997,AMAT.OQ,Applied Materials Inc,6377318222.25,base,181
1997,ETR.N,Entergy Corp,6350362947.5,base,182
1997,MU.OQ,"Micron Technology, Inc.",6233744046.25,base,183
1997,BR.N^D06,Burlington Res,6230320112.625,dead-redo,184
1997,UST.N^A09,UST DE,6120790321.0,dead-redo,185
1997,KRB.N^A06,MBNA,6069937500.0,dead-redo,186
1997,LOW.N,Lowe's Companies Inc,6056053115.0,base,187
1997,DXC.N,DXC Tech,6042794055.99999,base,188
1997,KR.N,Kroger Co,5975930869.875,base,189
1997,AT.N^K07,Alltel,5972488105.5,dead-redo,190
1997,SYY.N,Sysco Corporation,5813037132.5,base,191
1997,PGN.N^G12,Prgres Enrgy,5721060000.0,dead-redo,192
1997,CMA.N^B26,Comerica,5694479000.0,dead-redo,193
1997,MAS.N,Masco Corporation,5635981875.0,base,194
1997,L.N,Loews Corporation,5551963125.0,base,195
1997,IKN.N^K08,Ricoh USA,5543708029.0,dead-redo,196
1997,EXC.OQ,Exelon Corp,5539775000.0,base,197
1997,GPC.N,Genuine Parts Co,5503244250.0,base,198
1997,HES.N^G25,Hess,5452066375.0,dead-redo,199
1997,LNC.N,LNC,5398317137.25,base,200
1997,N.N^K06,Inco,5351656065.76642,dead-redo,201
1997,HLT.N^J07,Park Hotels,5325910421.5,dead-redo,202
1997,HSY.N,The Hershey Company,5307814132.5,base,203
1997,CIN.N^D06,Cinergy,5242831039.25,dead-redo,204
1997,ETN.N,Eaton Corporation PLC,5242800000.0,base,205
1997,ROH.N^D09,Rohm Haas,5229810898.5,dead-redo,206
1997,DAL.N^J05,Delta Air,5218111903.875,dead-redo,207
1997,WWY.N^J08,WM Wrigley,5160248791.0,dead-redo,208
1997,CLX.N,The Clorox Company,5132359526.75,base,209
1997,IFF.N,International Flavors & Fragrances Inc.,5120625750.0,base,210
1997,BKR.OQ,Baker Hughes Company,5007669273.0,base,211
1997,PDG.N^C06,Placer Dome,4982135467.88321,dead-redo,212
1997,FDX.N,FedEx Corp,4976531603.375,base,213
1997,NWL.OQ,Newell Brands,4945762500.0,base,214
1997,SAF.N^I08,Safeco,4931910208.625,dead-redo,215
1997,TRB.N^L07,Tribune Media,4888869921.25,dead-redo,216
1997,TRV.N,"The Travelers Companies, Inc.",4843971568.375,base,217
1997,TT.N,Trane Technologies PLC,4815966408.0,base,218
1997,COST.OQ,Costco Wholesale Corp,4796343532.5,base,219
1997,CCK.N,Crown Holdings,4796112500.0,base,220
1997,THC.N,Tenet Healthcare,4758613492.875,base,221
1997,SHW.N,Sherwin-Williams Co,4738881750.0,base,222
1997,DTE.N,DTE Energy Company,4707885000.0,base,223
1997,NOC.N,Northrop Grumman Corp,4683207607.37499,base,224
1997,PD.N^C07,Freeport-Mc,4635547845.5,dead-redo,225
1997,PHA.N^D03,Pharmacia,4607040250.0,dead-redo,226
1997,SPGI.N,S&P Global Inc,4514812500.0,base,227
1997,BFb.N,Brown-Forman Corporation,4496393500.0,base,228
1997,NUE.N,Nucor Corporation,4491366500.0,base,229
1997,NEM.N,Newmont Corporation,4378826584.0,base,230
1997,MTG.N,MGIC Investment,4376883579.75,base,231
1997,GD.N,General Dynamics Corp,4375844844.375,base,232
1997,NKE.N,"NIKE, Inc.",4309873875.0,base,233
1997,VFC.N,VF,4280072875.0,base,234
1997,MBI.N,MBIA,4279585464.0,base,235
1997,EMN.N,Eastman Chemical,4244100573.125,base,236
1997,CVS.N,CVS Health Corporation,4187916888.75,base,237
1997,GDT.N^D06,Guidant,4170262781.25,dead-redo,238
1997,IPG.N^K25,Interpublic Grp,4042934182.875,dead-redo,239
1997,AMCR.N,Amcor PLC,4041108231.20107,base,240
1997,GWW.N,WW Grainger Inc,4040809500.0,base,241
1997,JP.N^D06,Jefferson-Pilot,4014803322.75,dead-redo,242
1997,CMCSK.OQ^L15,Comcast,4000677874.5,dead-redo,243
1997,CEG.N^C12,Constell Energy,3964788125.0,dead-redo,244
1997,AZO.N,"AutoZone, Inc.",3872409604.25,base,245
1997,SGI.N^K05,Graphics Prpty,3820288125.0,dead-redo,246
1997,KMG.N^H06,Kerr-McGee,3734169000.0,dead-redo,247
1997,AMD.OQ,"Advanced Micro Devices, Inc.",3703739128.25,base,248
1997,NOVL.OQ^D11,Micro Focus,3698743500.0,dead-redo,249
1997,LSI.OQ^E14,LSI,3604562248.0,dead-redo,250
1997,KRI.N^F06,Knight Ridder,3599901379.375,dead-redo,251
1997,GDW.N^J06,Golden West,3576395936.375,dead-redo,252
1997,NYT.N,New York Times,3575681232.75,base,253
1997,PPL.N,PPL Corp,3563482000.0,base,254
1997,FCX.N,Freeport-McMoRan Inc,3552015252.5,base,255
1997,GL.N,Globe Life Inc.,3535911951.75,base,256
1997,WMB.N,"The Williams Companies, Inc.",3490872375.0,base,257
1997,WHR.N,Whirlpool,3475642775.0,base,258
1997,DDS.N,Dillard's,3460747500.0,base,259
1997,NSM.N^I11,Natl Semiconduct,3453494418.0,dead-redo,260
1997,DCN.N^C06,Dana Corp,3422786397.0,dead-redo,261
1997,RBK.N^B06,Reebok Internati,3415368625.0,dead-redo,262
1997,JCI.N^I16,Johnson Cntrl,3400000000.0,manual-fix,263
1997,DJ.N^L07,Dow Jones & Co,3382175790.0,dead-redo,264
1997,STJ.N^A17,St Jude Med,3360905346.5,dead-redo,265
1997,HAS.OQ,"Hasbro, Inc.",3298004122.5,base,266
1997,TJX.N,"The TJX Companies, Inc.",3276507250.0,base,267
1997,RAD.N^J23,Rite Aid,3262776806.25,dead-redo,268
1997,GLK.N^G05,Great Lakes Chem,3234054375.0,dead-redo,269
1997,LUV.N,Southwest Airlines Co,3190695618.0,base,270
1997,LDW.N^L00,Firstgroup Intl,3141366147.62773,dead-redo,271
1997,HUM.N,Humana Inc.,3069679264.25,base,272
1997,XEL.OQ,Xcel Energy Inc,3060949500.0,base,273
1997,KATE.N^G17,Kate Spade & Co,3059812250.0,dead-redo,274
1997,UNM.N,Unum Group,3041510195.5,base,275
1997,TIN.N^B12,Temple-Inland,3013376315.625,dead-redo,276
1997,JWN.N^E25,Nordstrom,3010282000.0,dead-redo,277
1997,HRB.N,H&R Block,3009486000.0,base,278
1997,PLL.N^H15,Pall,2969593000.0,dead-redo,279
1997,CNP.N,"CenterPoint Energy, Inc.",2937770375.0,base,280
1997,CC.N^K08,Circuit City,2928014124.875,dead-redo,281
1997,BDX.N,Becton Dickinson and Co,2914062625.0,base,282
1997,HI.N^C03,HSBC Fnce,2878274121.723,dead-redo,283
1997,ITT.N^B98,ITT Co,2865384753.0,dead-redo,284
1997,DOV.N,Dover Corp,2841272250.0,base,285
1997,PH.N,Parker-Hannifin Corp,2836898215.625,base,286
1997,FL.N^I25,Foot Locker,2836043500.0,dead-redo,287
1997,EC.N^F06,Engelhard,2823083116.625,dead-redo,288
1997,ITT.N,ITT,2821068643.16963,base,289
1997,CEN.N^K07,Thl/Cannae,2705993360.5,dead-redo,290
1997,BDK.N^C10,Black & Decker,2678711940.5,dead-redo,291
1997,ASH.N,Ashland,2666152125.0,base,292
1997,LHX.N,"L3Harris Technologies, Inc.",2664709375.0,base,293
1997,DLX.N,Deluxe,2632460625.0,base,294
1997,WEN.N^I08,Wendys Intl,2619155250.0,dead-redo,295
1997,AAPL.OQ,Apple Inc.,2615602731.0,base,296
1997,SWK.N,Stanley Black & Decker Inc,2611228673.125,base,297
1997,SUN.N^J12,ETC Sunoco Hldg,2573727375.0,dead-redo,298
1997,SCI.N,Service corp,2569746000.0,base,299
1997,PCAR.OQ,Paccar Inc,2545199000.0,base,300
1997,FMC.N,FMC,2506762500.0,base,301
1997,RSH.N^B15,RS Legacy,2505943465.0,dead-redo,302
1997,PKN.N^E99,Applied Biosyst,2485140625.0,dead-redo,303
1997,X.N^F25,U. S. Steel,2454996250.0,dead-redo,304
1997,ECL.N,Ecolab Inc.,2404334775.0,base,305
1997,WIN.N^B05,Winn-Dixie,2398793250.0,dead-redo,306
1997,BC.N,Brunswick Corp,2325158466.75,base,307
1997,AGN.N^C15,Allerg,2324046301.5,dead-redo,308
1997,LPX.N,Louisiana-Pacifc,2310751265.0,base,309
1997,CBE.N^L12,Cooper Inds,2228274860.625,dead-redo,310
1997,R.N,Ryder,2224857000.0,base,311
1997,GR.N^G12,Goodrich,2160726944.25,dead-redo,312
1997,AM.N^H13,Amercn Greetin,2092078125.0,dead-redo,313
1997,MWI.N^C04,Moore Wallace,2047292638.90511,dead-redo,314
1997,MYG.N^D06,Whirlpool Intl,2027816532.0,dead-redo,315
1997,SVU.N^J18,Supervalu,2016639625.0,dead-redo,316
1997,HET.N^A08,HARRAH S,2006570943.0,dead-redo,317
1997,TMO.N,Thermo Fisher Scientific Inc,1989506250.0,base,318
1997,BOL.N^J07,Bausch & Lomb,1963616689.625,dead-redo,319
1997,RDC.N^D19,Rowan,1927218750.0,dead-redo,320
1997,AVY.N,Avery Dennison Corp,1911458500.0,base,321
1997,OWC.N^L02,Owens Corning,1879520000.0,dead-redo,322
1997,PBY.N^B16,Pep Boys - Manny,1835370625.0,dead-redo,323
1997,BMET.OQ^J07,Biomet,1799348589.06783,dead-redo,324
1997,CMI.N,Cummins Inc,1767625000.0,base,325
1997,GAS.N^L11,Nicor,1755876842.25,dead-redo,326
1997,WOR,Worthington Entp,1736071875.0,base,327
1997,CTB.N^F21,Cooper Tire,1693527750.0,dead-redo,328
1997,HPC.N^K08,Hercules,1689120000.0,dead-redo,329
1997,ALT.N^K99,ATI,1626100000.0,dead-redo,330
1997,BCR.N^L17,CR Bard,1611032779.25,dead-redo,331
1997,OMX.N^K13,OfficeMax,1575346825.0,dead-redo,332
1997,TEK.N^K07,Tektronix,1574905624.99999,dead-redo,333
1997,SIAL.OQ^K15,Sigma Aldrich,1526074375.0,dead-redo,334
1997,SNA.N,Snap-On Inc,1511026500.0,base,335
1997,U.N^H02,US Airways Group,1438252500.0,dead-redo,336
1997,TKR.N,Timken,1415789375.0,base,337
1997,MDP.N^L21,Hawkeye Acqsn,1391628422.5,dead-redo,338
1997,DRI.N,Darden Restaurants Inc,1359210486.0,base,339
1997,FWC.N^K02,Foster Wheel Nl,1342612500.0,dead-redo,340
1997,ANDW.OQ^A08,CommScope LLC,1305988125.0,dead-redo,341
1997,ADSK.OQ,"Autodesk, Inc.",1279137000.0,base,342
1997,HP.N,Helmerich,1273028500.0,base,343
1997,BGG.N^G20,Briggs,1272788000.0,dead-redo,344
1997,PCH.OQ^B26,Potlatchdeltic,1256589000.0,dead-redo,345
1997,UIS.N,Unisys,1245611096.25,base,346
1997,SFA.N^B06,Scient Atlanta,1207887109.375,dead-redo,347
1997,GAP.N^L10,Great Atlantic,1189597500.0,dead-redo,348
1997,RML.N^H06,Russell,1187411750.0,dead-redo,349
1997,PGL.N^B07,Peoples US IL,1171823534.5,dead-redo,350
1997,RVTY.N,"Revvity, Inc.",1095589500.0,base,351
1997,CTX.N^H09,Centex,1087623992.0,dead-redo,352
1997,MIL.N^G10,EMD Millipore,1025174500.0,dead-redo,353
1997,JH.N^E07,Harland Clarke,967263750.0,dead-redo,354
1997,LDG.N^J08,Longs Drug Store,948569011.75,dead-redo,355
1997,ECO.A^B03,Echo Bay Mines,933033626.782393,dead-redo,356
1997,RYI.N^J07,Ryerson,895019125.0,dead-redo,357
1997,MDR.N^A20,McDermott Intern,888673500.0,dead-redo,358
1997,BHMSQ.OB^A04,Bethlehem Steel,844589750.0,dead-redo,359
1997,TNB.N^E12,ABB Installation,841940000.0,dead-redo,360
1997,OKE.N,"ONEOK, Inc.",794027500.0,base,361
1997,BALL.N,Ball Corp,789590451.375,base,362
1997,MZ.N^E08,MI 2009,738040625.0,dead-redo,363
1997,PHM.N,"PulteGroup, Inc.",712464746.875,base,364
1997,TAP.N,Molson Coors Beverage Company,682794437.0,base,365
1997,FLM.N^D03,Fleming,631192500.0,dead-redo,366
1997,GSX.N^J98,SPX Tech,559252346.25,dead-redo,367
1997,SRR.N^H07,Stride Rite,519939000.0,dead-redo,368
1997,KBH.N,KB Home,505346868.0,base,369
1997,PAS.N^C10,PepsiAmerics,491812500.0,dead-redo,370
1997,NC.N,NACCO Industries,478824999.999999,base,371
1997,INGR.OQ^L06,Intergraph,471552250.0,dead-redo,372
1997,NAV.N^B07,Navistar Intl,463147500.0,dead-redo,373
1997,ACV.N^K06,Alberto Culver,443070000.0,dead-redo,374
1997,ENS.N^H97,TXU Gas,69000000.0,dead-redo,375
1997,PET.N^F98,Pacific Enter,40387500.0,dead-redo,376
1997,OEC.N^K97,Ohio Edison,34136750.0,dead-redo,377
1997,PPW.N^L99,PacifiCorp,16827500.0,dead-redo,378
1998,GE.N,General Electric Company,241690699812.0,base,1
1998,KO.N,Coca-Cola Co,165551506202.25,base,2
1998,MSFT.OQ,Microsoft Corporation,158997941891.625,base,3
1998,XOM.N,Exxonmobil Holdings Corp,153101418401.25,base,4
1998,SHEL.N,Shell,143897919039.615,base,5
1998,MRK.N,Merck & Co Inc,130225412785.125,base,6
1998,INTC.OQ,Intel Corp,118814500000.0,base,7
1998,MO.N,Altria Group Inc,109855308084.375,base,8
1998,PG.N,The Procter & Gamble Company,108779366906.875,base,9
1998,UN.N^K20,Unilever,108213129131.929,dead-redo,10
1998,IBM.N,International Business Machines Corporation,102685533250.625,base,11
1998,PFE.N,Pfizer Inc.,97883208294.375,base,12
1998,T.N^K05,At&T Corp,95526379562.5,dead-redo,13
1998,BMY.N,Bristol-Myers Squibb Company,94083577608.375,base,14
1998,WMT.OQ,Walmart Inc,88432594818.75,base,15
1998,JNJ.N,Johnson & Johnson,86705187465.75,base,16
1998,AIG.N,"American International Group, Inc.",77251946909.375,base,17
1998,LLY.N,Eli Lilly and Company,76473391093.125,base,18
1998,VZ.N,Verizon Communications Inc,70625630341.875,base,19
1998,DD.N^I17,EIDP,68743311315.75,dead-redo,20
1998,T.N,AT&T Inc,68686811301.625,base,21
1998,DIS.N,The Walt Disney Company,67537048254.375,base,22
1998,HPQ.N,HP Inc,67152295562.5,base,23
1998,FNM.N^G10,Fannie Mae,60000000000.0,manual-fix,24
1998,C.N,Citigroup Inc,58000000000.0,manual-fix,25
1998,F.N,Ford Motor Co,57899708473.5,base,26
1998,G.N^J05,Gillette,56503468618.125,dead-redo,27
1998,CSCO.OQ,Cisco Systems Inc,56466029434.44582,outlier-fix,28
1998,BLS.N^A07,Bellsouth US,56273787539.25,dead-redo,29
1998,PEP.OQ,"PepsiCo, Inc.",54615092724.0,base,30
1998,MOB.N^K99,Mobil,54000000000.0,manual-est,31
1998,ABT.N,Abbott Laboratories,51581765684.3125,base,32
1998,CVX.N,Chevron Corporation,51185658802.0625,base,33
1998,WYE.N^J09,Wyeth,50023512000.0,dead-redo,34
1998,GTE.N^G00,GTE,50000000000.0,manual-est,35
1998,BA.N,Boeing Co,48855120631.375,base,36
1998,SGP.N^K09,Schering-Plough,45713615625.0,dead-redo,37
1998,AIT.N^J99,AT&T Teleholding,44000000000.0,manual-est,38
1998,BAC.N,Bank of America Corporation,43202265360.75,base,39
1998,GM.N^F09,Motors GUC Trust,43187668268.75,dead-redo,40
1998,HD.N,"The Home Depot, Inc.",42795321133.5,base,41
1998,BAC.N^I98,Bank America,42000000000.0,manual-est,42
1998,AXP.N,American Express Company,41220126762.375,base,43
1998,AN.N^L98,BP Nrth Amrc,41000000000.0,manual-est,44
1998,SLB.N,SLB N.V.,40160394837.4375,base,45
1998,ALL.N,Allstate Corp,39075897548.25,base,46
1998,TWX.N^A01,Historic TW,35000000000.0,manual-est,47
1998,MS.N,Morgan Stanley,34804687396.2499,base,48
1998,MSI.N,Motorola Solutions Inc,34697642431.8749,base,49
1998,MMM.N,3M Company,34692100793.5,base,50
1998,MCD.N,McDonald's Corp,32803006482.375,base,51
1998,WLA.N^F00,Warner Lambert,32563475806.4516,dead-redo,52
1998,ONE.N^G04,Bank One,32000000000.0,manual-est,53
1998,FRE.N^G10,Freddie Mac,30028178522.904613,outlier-fix,54
1998,TX.N^J01,Texaco,29000000000.0,manual-est,55
1998,MCIC.O^I98,MCI Comm,29000000000.0,manual-est,56
1998,WFC.N,Wells Fargo & Co,28843616231.625,base,57
1998,HSH.N^H14,Hillshire Brands,28806525763.875,dead-redo,58
1998,DELL.OQ^J13,Dell,27991867706.25,dead-redo,59
1998,CA.OQ^K18,CA,27705269989.747406,outlier-fix,60
1998,KMB.OQ,Kimberly-Clark Corporation,27266924598.3125,base,61
1998,NT.N^A09,Nortel Networks,26466053956.431725,outlier-fix,62
1998,ARC.N^D00,Atlantic Richfld,26000000000.0,manual-est,63
1998,EMR.N,Emerson Electric Co,25079406890.3125,base,64
1998,FCN.N^J98,First Chicgo NBD,25000000000.0,manual-est,65
1998,XRX.OQ,Xerox Hlngs,24400889008.25,base,66
1998,MER.N^A09,Merrill Lyn,23820605451.5,dead-redo,67
1998,MDT.N,Medtronic PLC,23463017206.3125,base,68
1998,C.N^K98,Old Carco,23000000000.0,manual-est,69
1998,DOW.N^I17,Dow Chem,22845640704.25,dead-redo,70
1998,ORCL.N,Oracle Corporation,22631164479.0,base,71
1998,HON.OQ,Honeywell International Inc,22282343301.5,base,72
1998,BUD.N^K08,Anheuser-Busch,22000000000.0,manual-est,73
1998,CL.N,Colgate-Palmolive Company,21667822462.5,base,74
1998,BNY.N,Bank of New York Mellon Corp,21540808247.8125,base,75
1998,WB.N^H01,Wachovia,21000000000.0,manual-est,76
1998,EK.N^A12,Eastman Kodak,20555134057.5,dead-redo,77
1998,K.N^L25,Kellanova,20417161727.8125,dead-redo,78
1998,S.N^G13,Sprint Commns DE,19926761126.0,dead-redo,79
1998,DUK.N,Duke Energy Corp,19881834160.5,base,80
1998,JPM.N,JPMorgan Chase & Co,19651998922.5,base,81
1998,LMT.N,Lockheed Martin Corp,19049168950.0,base,82
1998,CBS.N^E00,CBS Co,19000000000.0,manual-est,83
1998,HCA.N^K06,HCA,18639951750.0,dead-redo,84
1998,TXN.OQ,Texas Instruments Inc,18619313580.0,base,85
1998,FBF.N^D04,FleetBoston Fin,18577394359.5,dead-redo,86
1998,CAT.N,Caterpillar Inc,18242003759.0,base,87
1998,SO.N,Southern Co,17899819217.5,base,88
1998,S.N^C05,Sears Roebuck,17844724405.0625,dead-redo,89
1998,ADP.OQ,Automatic Data Processing Inc,17549535359.9999,base,90
1998,RTX.N,RTX Corporation,17215478938.125,base,91
1998,PNC.N,"The PNC Financial Services Group, Inc.",17176972601.25,base,92
1998,TGNA.N^C26,Tegna,17148785500.0,dead-redo,93
1998,GRN.N^L98,General Re,17000000000.0,manual-est,94
1998,JAVA.OQ^B10,Oracle America,15660723652.5,dead-redo,95
1998,KEY.N,KeyCorp,15446452710.9375,base,96
1998,UNP.N,Union Pacific Corporation,15388530796.5,base,97
1998,MEL.N^G07,Mellon Financial,15338311365.5,dead-redo,98
1998,WBA.OQ^H25,Walgreens Hldg,15320369944.6875,dead-redo,99
1998,JCP.N^E20,Old Copper Co,15105856630.9375,dead-redo,100
1998,TCOMA.O^C99,TCI Commun,15000000000.0,manual-est,101
1998,STI.N^L19,SunTrust Banks,14971088116.0,dead-redo,102
1998,TGT.N,Target Corp,14916513748.5,base,103
1998,CPB.OQ,Campbell's Co,14895109375.0,base,104
1998,ITW.N,Illinois Tool Works Inc,14842513535.5,base,105
1998,PSKY.OQ,Paramount Skydance Corp,14838076785.1875,base,106
1998,BNI.N^B10,Burlington Nrth,14642766281.25,dead-redo,107
1998,EMC.N^I16,EMC US,14568296250.0,dead-redo,108
1998,CAR.OQ,Avis Budget Grp,14473440944.625,base,109
1998,DE.N,Deere & Co,14340306439.25,base,110
1998,AMGN.OQ,Amgen Inc,14196188511.125,base,111
1998,BAX.N,Baxter International Inc.,14037472716.375,base,112
1998,USB.N,U.S. Bancorp,13904574554.75,base,113
1998,KRB.N^A06,MBNA,13845304687.5,dead-redo,114
1998,NCC.N^A09,National City,13708165790.1875,dead-redo,115
1998,IP.N,International Paper Co,13659745687.6875,base,116
1998,FDC.N^I07,First Data,13552893693.9375,dead-redo,117
1998,HAL.N,Halliburton Company,13393244215.375,base,118
1998,HNZ.N^F13,Kraft Heinz Food,13312023750.0,dead-redo,119
1998,WMX.N^G98,Waste Mgmt Hldg,13000000000.0,manual-est,120
1998,CB.N^A16,Chubb NJ,12921907725.0,dead-redo,121
1998,PCG.N,PG&E Corp,12835717508.5,base,122
1998,LU.N^L06,Nokia of America,12826331363.203123,dead-redo,123
1998,COMS.OQ^D10,3Com,12764235852.0,dead-redo,124
1998,CI.N,The Cigna Group,12760987650.5625,base,125
1998,PBI.N,Pitney Bowes,12702496850.0625,base,126
1998,MRSH.N,Marsh & McLennan Companies Inc,12664732313.5,base,127
1998,COP.N,ConocoPhillips,12631347120.0,base,128
1998,FITB.N,Fifth Third Bancorp,12623264664.5,base,129
1998,HWM.N,Howmet Aerospace Inc.,12392265903.75,base,130
1998,MAY.N^H05,May Department,12241321178.625,dead-redo,131
1998,ADM.N,Archer-Daniels-Midland Co,12091380475.625,base,132
1998,CSX.OQ,CSX Corporation,11708975626.25,base,133
1998,AMR.N^A12,American Airline,11635745075.25,dead-redo,134
1998,ABS.N^F06,Albertson,11588359335.9375,dead-redo,135
1998,VO.N^L00,Vivendi Exchang,11554972425.1017,dead-redo,136
1998,GIS.N,General Mills Inc,11456461854.5,base,137
1998,NSC.N,Norfolk Southern Corp,11406139505.75,base,138
1998,AMAT.OQ,Applied Materials Inc,11348323977.0,base,139
1998,WM.N^I08,WMI Holdings,11000000000.0,manual-est,140
1998,ROK.N,Rockwell Automation Inc,10982615648.75,base,141
1998,MAT.OQ,Mattel,10974589211.25,base,142
1998,CVS.N,CVS Health Corporation,10967423313.5625,base,143
1998,CMCSK.OQ^L15,Comcast,10948228650.1875,dead-redo,144
1998,HIG.N,"The Hartford Insurance Group, Inc.",10897754361.8125,base,145
1998,NEE.N,"NextEra Energy, Inc.",10766507218.4375,base,146
1998,ENE.N^A02,Eron Dissolution,10522543328.5954,dead-redo,147
1998,AET.N^K18,Aetna,10401910050.0,dead-redo,148
1998,EIX.N,Edison International,10370584793.4375,base,149
1998,PPG.N,"PPG Industries, Inc.",10308999567.5,base,150
1998,TXT.N,Textron Inc,10290665250.0,base,151
1998,NSI.N^H03,Natl Serv Inds,10006608000.0,dead-redo,152
1998,THC.N,Tenet Healthcare,9951323427.5,base,153
1998,TLAB.OQ^L13,Infinera Optical,9935731448.25,dead-redo,154
1998,APD.N,"Air Products and Chemicals, Inc.",9876826450.75,base,155
1998,RAL.N^L01,Nestle Purina,9757312500.0,dead-redo,156
1998,AON.N,Aon PLC,9748062026.25,base,157
1998,MRO.N^K24,Marathn Oil,9725876625.0,dead-redo,158
1998,AEP.OQ,American Electric Power Company Inc,9717564057.5,base,159
1998,WY.N,Weyerhaeuser Company,9681681598.5,base,160
1998,ED.N,"Consolidated Edison, Inc.",9636359888.0,base,161
1998,CMA.N^B26,Comerica,9560096000.0,dead-redo,162
1998,UCL.N^H05,Unocal,9506708080.75,dead-redo,163
1998,COST.OQ,Costco Wholesale Corp,9429347224.0,base,164
1998,TXU.N^J07,Energy Future Hd,9400631625.0,dead-redo,165
1998,UNH.N,UnitedHealth Group Inc,9357974564.0625,base,166
1998,GT.OQ,Goodyear Tire,9348557437.5,base,167
1998,KR.N,Kroger Co,9319012669.6875,base,168
1998,STT.N,State Street Corporation,9297138578.125,base,169
1998,GAP.N,Gap,9216202289.9375,base,170
1998,BBWI.N,Bath & Body,9166962000.0,base,171
1998,BSX.N,Boston Scientific Corp,9001022143.75,base,172
1998,OXY.N,Occidental Petroleum Corp,8921278750.0,base,173
1998,GDT.N^D06,Guidant,8915830232.0625,dead-redo,174
1998,M.N,Macy's,8877662676.0625,base,175
1998,GLW.N,Corning Incorporated,8870947089.375,base,176
1998,TOY.N^G05,Toys R US,8786152794.375,dead-redo,177
1998,DAL.N^J05,Delta Air,8681952757.0,dead-redo,178
1998,PGR.N,The Progressive Corporation,8602320036.5625,base,179
1998,TFC.N,Truist Financial Corporation,8451072169.375,base,180
1998,MAS.N,Masco Corporation,8372966750.0,base,181
1998,LOW.N,Lowe's Companies Inc,8285976991.375,base,182
1998,CAG.N,Conagra Brands,8229736687.5,base,183
1998,CLX.N,The Clorox Company,8181761979.375,base,184
1998,AVP.N^A20,Avon Prdcts,8052470066.0,dead-redo,185
1998,WB.N^A09,Wachovia Corp,8046412902.0,dead-redo,186
1998,LNC.N,LNC,7919904296.875,base,187
1998,D.N,"Dominion Energy, Inc.",7897793176.0,base,188
1998,BR.N^D06,Burlington Res,7852484013.1875,dead-redo,189
1998,NOC.N,Northrop Grumman Corp,7676187025.6875,base,190
1998,SYY.N,Sysco Corporation,7642859778.125,base,191
1998,CCU.N^G08,iHeartCommns,7606513809.8125,dead-redo,192
1998,AT.N^K07,Alltel,7598935244.0,dead-redo,193
1998,MTG.N,MGIC Investment,7527913003.4375,base,194
1998,BEAM.N^E14,Suntory Global,7488335250.0,dead-redo,195
1998,TRB.N^L07,Tribune Media,7476058513.875,dead-redo,196
1998,CINF.OQ,Cincinnati Financial Corporation,7473162039.75,base,197
1998,WWY.N^J08,WM Wrigley,7415317251.5,dead-redo,198
1998,RAD.N^J23,Rite Aid,7412491518.0,dead-redo,199
1998,UNM.N,Unum Group,7320074280.75,base,200
1998,HLT.N^J07,Park Hotels,7306028637.8125,dead-redo,201
1998,ETR.N,Entergy Corp,7256721269.0,base,202
1998,BKR.OQ,Baker Hughes Company,7217197055.75,base,203
1998,LIN.OQ,Linde PLC,7179659663.0625,base,204
1998,SPGI.N,S&P Global Inc,7140375000.0,base,205
1998,SCHW.N,The Charles Schwab Corporation,7101004055.25,base,206
1998,B.N,Barrick Mining,7084126930.43661,base,207
1998,FDX.N,FedEx Corp,7029450844.9375,base,208
1998,HBAN.OQ,Huntington Bancshares Inc,7028124754.15552,base,209
1998,RTN.N^D20,Raytheon,6874793750.0,dead-redo,210
1998,TRV.N,"The Travelers Companies, Inc.",6863719234.9375,base,211
1998,SAF.N^I08,Safeco,6845690901.0,dead-redo,212
1998,TT.N,Trane Technologies PLC,6797857742.4375,base,213
1998,NWL.OQ,Newell Brands,6785900000.0,base,214
1998,TEN.N^K22,Tenneco,6764480000.0,dead-redo,215
1998,PGN.N^G12,Prgres Enrgy,6684400000.0,dead-redo,216
1998,UST.N^A09,UST DE,6656809238.0,dead-redo,217
1998,DXC.N,DXC Tech,6455428735.9375,base,218
1998,AL.N^K07,Alcan,6380838888.10894,dead-redo,219
1998,IPG.N^K25,Interpublic Grp,6281944578.0,dead-redo,220
1998,NYT.N,New York Times,6252696956.625,base,221
1998,L.N,Loews Corporation,6149186250.0,base,222
1998,HSY.N,The Hershey Company,6090891750.0,base,223
1998,CIN.N^D06,Cinergy,6060791520.9375,dead-redo,224
1998,MBI.N,MBIA,5981943586.5,base,225
1998,GL.N,Globe Life Inc.,5907454031.25,base,226
1998,MU.OQ,"Micron Technology, Inc.",5891325723.0,base,227
1998,ROH.N^D09,Rohm Haas,5807592103.5,dead-redo,228
1998,IFF.N,International Flavors & Fragrances Inc.,5806676437.5,base,229
1998,GP.N^L05,Georgia-Pacific,5724313332.625,dead-redo,230
1998,SNV.N^A26,Synovus Fin,5688550335.0,dead-redo,231
1998,JP.N^D06,Jefferson-Pilot,5508764225.75,dead-redo,232
1998,GDW.N^J06,Golden West,5506422627.75,dead-redo,233
1998,EXC.OQ,Exelon Corp,5428979500.0,base,234
1998,GD.N,General Dynamics Corp,5395809422.0625,base,235
1998,BFb.N,Brown-Forman Corporation,5323897000.0,base,236
1998,DCN.N^C06,Dana Corp,5172351870.25,dead-redo,237
1998,DJ.N^L07,Dow Jones & Co,5080185018.75,dead-redo,238
1998,PH.N,Parker-Hannifin Corp,5066017136.0,base,239
1998,DTE.N,DTE Energy Company,5015708250.0,base,240
1998,HES.N^G25,Hess,5010321124.99999,dead-redo,241
1998,CEG.N^C12,Constell Energy,4988256687.5,dead-redo,242
1998,GWW.N,WW Grainger Inc,4954273500.0,base,243
1998,PHA.N^D03,Pharmacia,4817772375.0,dead-redo,244
1998,JWN.N^E25,Nordstrom,4808232000.0,dead-redo,245
1998,EMN.N,Eastman Chemical,4712199051.625,base,246
1998,NEM.N,Newmont Corporation,4694146200.0,base,247
1998,HRB.N,H&R Block,4672623000.0,base,248
1998,OI.N,"O-i Glass, Inc",4621753687.5,base,249
1998,CFC.N^G08,Countrywide Fncl,4546856529.875,dead-redo,250
1998,CCK.N,Crown Holdings,4494961250.0,base,251
1998,NSM.N^I11,Natl Semiconduct,4434311088.0,dead-redo,252
1998,YUM.N,"Yum! Brands, Inc.",4420410497.875,base,253
1998,SUN.N^J12,ETC Sunoco Hldg,4414009125.0,dead-redo,254
1998,PVN.N^J05,Providian Finl,4406079551.25,dead-redo,255
1998,AZO.N,"AutoZone, Inc.",4382087276.0625,base,256
1998,KRI.N^F06,Knight Ridder,4343543962.3125,dead-redo,257
1998,JCI.N^I16,Johnson Cntrl,4300000000.0,manual-fix,258
1998,NUE.N,Nucor Corporation,4278789687.5,base,259
1998,HAS.OQ,"Hasbro, Inc.",4185026656.25,base,260
1998,GPC.N,Genuine Parts Co,4154409875.0,base,261
1998,SWK.N,Stanley Black & Decker Inc,4067304824.8125,base,262
1998,HI.N^C03,HSBC Fnce,4058486941.509,dead-redo,263
1998,WHR.N,Whirlpool,4045894162.0,base,264
1998,DDS.N,Dillard's,3955140000.0,base,265
1998,RSH.N^B15,RS Legacy,3928423736.0,dead-redo,266
1998,XEL.OQ,Xcel Energy Inc,3872184750.0,base,267
1998,LDW.N^L00,Firstgroup Intl,3793541735.43451,dead-redo,268
1998,U.N^H02,US Airways Group,3777305250.0,dead-redo,269
1998,IKN.N^K08,Ricoh USA,3746253332.0625,dead-redo,270
1998,PD.N^C07,Freeport-Mc,3728295462.5,dead-redo,271
1998,BDK.N^C10,Black & Decker,3709400599.125,dead-redo,272
1998,PPL.N,PPL Corp,3699049250.0,base,273
1998,ITT.N^B98,ITT Co,3686608686.375,dead-redo,274
1998,ITT.N,ITT,3686608686.375,base,275
1998,ECL.N,Ecolab Inc.,3585922684.3125,base,276
1998,LUV.N,Southwest Airlines Co,3568296514.0,base,277
1998,APC.N^H19,Anadarko Petrol,3565723834.0,dead-redo,278
1998,CC.N^K08,Circuit City,3536450854.5,dead-redo,279
1998,CEN.N^K07,Thl/Cannae,3489066746.375,dead-redo,280
1998,HUM.N,Humana Inc.,3461147737.125,base,281
1998,MYG.N^D06,Whirlpool Intl,3460661801.4375,dead-redo,282
1998,KLAC.OQ,KLA Corporation,3426932610.0,base,283
1998,SCI.N,Service corp,3420461000.0,base,284
1998,CNP.N,"CenterPoint Energy, Inc.",3413722000.0,base,285
1998,BDX.N,Becton Dickinson and Co,3359150000.0,base,286
1998,KATE.N^G17,Kate Spade & Co,3352151000.0,dead-redo,287
1998,WIN.N^B05,Winn-Dixie,3260136000.0,dead-redo,288
1998,KMG.N^H06,Kerr-McGee,3236710500.0,dead-redo,289
1998,PDG.N^C06,Placer Dome,3228756687.35083,dead-redo,290
1998,ASH.N,Ashland,3228246875.0,base,291
1998,CAH.N,"Cardinal Health, Inc.",3200361687.5,base,292
1998,WEN.N^I08,Wendys Intl,3105901000.0,dead-redo,293
1998,APA.OQ,APA Corporation,3080708011.25,base,294
1998,BMET.OQ^J07,Biomet,3076305500.0,dead-redo,295
1998,LSI.OQ^E14,LSI,3044437216.5,dead-redo,296
1998,GLK.N^G05,Great Lakes Chem,3033525937.5,dead-redo,297
1998,CBE.N^L12,Cooper Inds,2994837293.25,dead-redo,298
1998,BC.N,Brunswick Corp,2991185490.0,base,299
1998,SVU.N^J18,Supervalu,2989423937.5,dead-redo,300
1998,TIN.N^B12,Temple-Inland,2987137582.8125,dead-redo,301
1998,STJ.N^A17,St Jude Med,2985908867.5,dead-redo,302
1998,NOVL.OQ^D11,Micro Focus,2968127500.0,dead-redo,303
1998,VFC.N,VF,2965305687.5,base,304
1998,PKN.N^E99,Applied Biosyst,2929850000.0,dead-redo,305
1998,N.N^K06,Inco,2907585536.64186,dead-redo,306
1998,NKE.N,"NIKE, Inc.",2895837687.5,base,307
1998,DLX.N,Deluxe,2880221625.0,base,308
1998,AM.N^H13,Amercn Greetin,2859173437.5,dead-redo,309
1998,AMCR.N,Amcor PLC,2816091563.04928,base,310
1998,ADBE.OQ,Adobe Inc,2779897279.5,base,311
1998,WMB.N,"The Williams Companies, Inc.",2753110687.5,base,312
1998,EFX.N,Equifax Inc.,2751408750.0,base,313
1998,AMD.OQ,"Advanced Micro Devices, Inc.",2737958173.3125,base,314
1998,PTC.OQ,PTC Inc.,2698424625.0,base,315
1998,FL.N^I25,Foot Locker,2679401562.5,dead-redo,316
1998,R.N,Ryder,2579259000.0,base,317
1998,RDC.N^D19,Rowan,2564359375.0,dead-redo,318
1998,EC.N^F06,Engelhard,2555244762.8125,dead-redo,319
1998,CMI.N,Cummins Inc,2506143750.0,base,320
1998,FMC.N,FMC,2468021625.0,base,321
1998,AVY.N,Avery Dennison Corp,2440891250.0,base,322
1998,PLL.N^H15,Pall,2436219500.0,dead-redo,323
1998,UIS.N,Unisys,2406401072.25,base,324
1998,RBK.N^B06,Reebok Internati,2396838812.5,dead-redo,325
1998,TJX.N,"The TJX Companies, Inc.",2394022562.5,base,326
1998,SHW.N,Sherwin-Williams Co,2385486750.0,base,327
1998,X.N^F25,U. S. Steel,2350730000.0,dead-redo,328
1998,GR.N^G12,Goodrich,2259869258.75,dead-redo,329
1998,TMO.N,Thermo Fisher Scientific Inc,2196084375.0,base,330
1998,BOL.N^J07,Bausch & Lomb,2168760359.25,dead-redo,331
1998,AGN.N^C15,Allerg,2161355303.75,dead-redo,332
1998,LPX.N,Louisiana-Pacifc,2108708428.75,base,333
1998,AAPL.OQ,Apple Inc.,2079892945.0,base,334
1998,CTB.N^F21,Cooper Tire,2064640312.5,dead-redo,335
1998,GAS.N^L11,Nicor,2061953456.25,dead-redo,336
1998,DOV.N,Dover Corp,2048857125.0,base,337
1998,PCAR.OQ,Paccar Inc,2018187375.0,base,338
1998,HET.N^A08,HARRAH S,1993789202.0,dead-redo,339
1998,SIAL.OQ^K15,Sigma Aldrich,1980782250.0,dead-redo,340
1998,HPC.N^K08,Hercules,1941264000.0,dead-redo,341
1998,MDR.N^A20,McDermott Intern,1925459250.0,dead-redo,342
1998,MDP.N^L21,Hawkeye Acqsn,1896056176.25,dead-redo,343
1998,ALT.N^K99,ATI,1891225000.0,dead-redo,344
1998,CTX.N^H09,Centex,1868485878.0,dead-redo,345
1998,SGI.N^K05,Graphics Prpty,1838401562.5,dead-redo,346
1998,FCX.N,Freeport-McMoRan Inc,1837244607.1875,base,347
1998,SNA.N,Snap-On Inc,1816446750.0,base,348
1998,LHX.N,"L3Harris Technologies, Inc.",1760175000.0,base,349
1998,DRI.N,Darden Restaurants Inc,1754882139.9375,base,350
1998,ADSK.OQ,"Autodesk, Inc.",1748887500.0,base,351
1998,BCR.N^L17,CR Bard,1742761164.375,dead-redo,352
1998,OMX.N^K13,OfficeMax,1725386029.5,dead-redo,353
1998,WOR,Worthington Entp,1656643750.0,base,354
1998,OWC.N^L02,Owens Corning,1511908000.0,dead-redo,355
1998,PBY.N^B16,Pep Boys - Manny,1505157500.0,dead-redo,356
1998,SFA.N^B06,Scient Atlanta,1429824555.0,dead-redo,357
1998,BGG.N^G20,Briggs,1406575375.0,dead-redo,358
1998,PGL.N^B07,Peoples US IL,1386549895.5625,dead-redo,359
1998,MWI.N^C04,Moore Wallace,1378331396.88333,dead-redo,360
1998,PCH.OQ^B26,Potlatchdeltic,1282159125.0,dead-redo,361
1998,OKE.N,"ONEOK, Inc.",1240358160.3125,base,362
1998,LDG.N^J08,Longs Drug Store,1233741696.6875,dead-redo,363
1998,NAV.N^B07,Navistar Intl,1223585625.0,dead-redo,364
1998,TEK.N^K07,Tektronix,1212946875.0,dead-redo,365
1998,TAP.N,Molson Coors Beverage Company,1206260305.25,base,366
1998,RVTY.N,"Revvity, Inc.",1150713500.0,base,367
1998,GAP.N^L10,Great Atlantic,1105991250.0,dead-redo,368
1998,CNC.N^H02,CNO Fincl Grp,1098136125.0,dead-redo,369
1998,RML.N^H06,Russell,1087629250.0,dead-redo,370
1998,TKR.N,Timken,1080266687.5,base,371
1998,BALL.N,Ball Corp,1065371239.0625,base,372
1998,FWC.N^K02,Foster Wheel Nl,998008625.0,dead-redo,373
1998,NC.N,NACCO Industries,936393750.0,base,374
1998,TNB.N^E12,ABB Installation,923931250.0,dead-redo,375
1998,HRC.N^C03,Encompass Health,919430750.0,dead-redo,376
1998,PHM.N,"PulteGroup, Inc.",902178525.0,base,377
1998,KBH.N,KB Home,871833730.5,base,378
1998,MZ.N^E08,MI 2009,868779250.0,dead-redo,379
1998,GSX.N^J98,SPX Tech,843910004.6875,dead-redo,380
1998,MIL.N^G10,EMD Millipore,839902000.0,dead-redo,381
1998,BHMSQ.OB^A04,Bethlehem Steel,833176375.0,dead-redo,382
1998,HP.N,Helmerich,820361812.5,base,383
1998,RYI.N^J07,Ryerson,808852687.5,dead-redo,384
1998,ETN.N,Eaton Corporation PLC,656043562.5,base,385
1998,JH.N^E07,Harland Clarke,639765000.0,dead-redo,386
1998,ANDW.OQ^A08,CommScope LLC,625852500.0,dead-redo,387
1998,PAS.N^C10,PepsiAmerics,564375000.0,dead-redo,388
1998,ECO.A^B03,Echo Bay Mines,344646000.721213,dead-redo,389
1998,ACV.N^K06,Alberto Culver,294696250.0,dead-redo,390
1998,OMC.N,Omnicom Group Inc,79325000.0,base,391
1998,PET.N^F98,Pacific Enter,46368750.0,dead-redo,392
1998,PPW.N^L99,PacifiCorp,19304000.0,dead-redo,393
1999,MSFT.OQ,Microsoft Corporation,345826573312.5,base,1
1999,GE.N,General Electric Company,333306848910.0,base,2
1999,INTC.OQ,Intel Corp,197643687500.0,base,3
1999,WMT.OQ,Walmart Inc,181072494894.875,base,4
1999,XOM.N,Exxonmobil Holdings Corp,177783671081.25,base,5
1999,MRK.N,Merck & Co Inc,175681754002.5,base,6
1999,IBM.N,International Business Machines Corporation,170150799150.0,base,7
1999,KO.N,Coca-Cola Co,165161981601.0,base,8
1999,PFE.N,Pfizer Inc.,162224257374.999,base,9
1999,CSCO.OQ,Cisco Systems Inc,146555049557.812,base,10
1999,UN.N^K20,Unilever,144955158077.109,dead-redo,11
1999,WCOEQ.OQ^G02,MCI,141786025771.38004,edge-fix,12
1999,BMY.N,Bristol-Myers Squibb Company,132952310162.375,base,13
1999,T.N^K05,At&T Corp,132833457750.0,dead-redo,14
1999,MO.N,Altria Group Inc,130254778232.0,base,15
1999,PG.N,The Procter & Gamble Company,122448380706.375,base,16
1999,SHEL.N,Shell,120335625677.251,base,17
1999,JNJ.N,Johnson & Johnson,112784149951.0,base,18
1999,C.N,Citigroup Inc,108000000000.0,manual-fix,19
1999,BAC.N,Bank of America Corporation,104740034750.0,base,20
1999,AIG.N,"American International Group, Inc.",101452327121.625,base,21
1999,T.N,AT&T Inc,98524551250.125,base,22
1999,LLY.N,Eli Lilly and Company,97735820436.0,base,23
1999,BLS.N^A07,Bellsouth US,96407321628.83635,outlier-fix,24
1999,HD.N,"The Home Depot, Inc.",95643142322.0625,base,25
1999,DELL.OQ^J13,Dell,93113007142.6875,dead-redo,26
1999,VZ.N,Verizon Communications Inc,83822957406.0,base,27
1999,TWX.N^A01,Historic TW,80000000000.0,manual-est,28
1999,SGP.N^K09,Schering-Plough,79993632291.96123,outlier-fix,29
1999,FNM.N^G10,Fannie Mae,75850000000.0,dead-redo,30
1999,ABT.N,Abbott Laboratories,74363445905.0,base,31
1999,WYE.N^J09,Wyeth,74302757375.0,dead-redo,32
1999,LU.N^L06,Nokia of America,72523825605.0,dead-redo,33
1999,F.N,Ford Motor Co,71012512522.3125,base,34
1999,HPQ.N,HP Inc,69343882125.0,base,35
1999,AIT.N^J99,AT&T Teleholding,69000000000.0,manual-est,36
1999,MOB.N^K99,Mobil,68000000000.0,manual-est,37
1999,GTE.N^G00,GTE,65000000000.0,manual-est,38
1999,WFC.N,Wells Fargo & Co,64000000000.0,manual-fix,39
1999,WLA.N^F00,Warner Lambert,62193305143.8535,dead-redo,40
1999,DIS.N,The Walt Disney Company,61523956500.0,base,41
1999,PEP.OQ,"PepsiCo, Inc.",59973041005.875,base,42
1999,DD.N^I17,EIDP,59741022288.5624,dead-redo,43
1999,ONE.N^G04,Bank One,57000000000.0,manual-est,44
1999,CVX.N,Chevron Corporation,54112089261.6875,base,45
1999,G.N^J05,Gillette,53038760684.0625,dead-redo,46
1999,MCD.N,McDonald's Corp,51968160842.25,base,47
1999,GM.N^F09,Motors GUC Trust,46835994497.1875,dead-redo,48
1999,AXP.N,American Express Company,46339172622.5,base,49
1999,FRE.N^G10,Freddie Mac,44795605124.9375,dead-redo,50
1999,EMC.N^I16,EMC US,42656995000.0,dead-redo,51
1999,ORCL.N,Oracle Corporation,41387568960.0,base,52
1999,MS.N,Morgan Stanley,40000000000.0,manual-fix,53
1999,XRX.OQ,Xerox Hlngs,38694424300.0,base,54
1999,MSI.N,Motorola Solutions Inc,36704668750.0,base,55
1999,MDT.N,Medtronic PLC,36350299612.6562,base,56
1999,TXN.OQ,Texas Instruments Inc,33451971489.375,base,57
1999,NT.N^A09,Nortel Networks,33242597057.862,dead-redo,58
1999,JAVA.OQ^B10,Oracle America,32988285741.875,dead-redo,59
1999,BA.N,Boeing Co,32596739605.125,base,60
1999,ALL.N,Allstate Corp,31588786383.0,base,61
1999,BUD.N^K08,Anheuser-Busch,31000000000.0,manual-est,62
1999,BNY.N,Bank of New York Mellon Corp,30616685025.5,base,63
1999,SWY.N^A15,Safeway US,29627812500.0,dead-redo,64
1999,KMB.OQ,Kimberly-Clark Corporation,29532701816.5,base,65
1999,WBA.OQ^H25,Walgreens Hldg,29232777584.5,dead-redo,66
1999,S.N^G13,Sprint Commns DE,28925585175.125,dead-redo,67
1999,CCL.N,Carnival Corporation Ltd,28580026512.0,base,68
1999,MMM.N,3M Company,28545724932.625,base,69
1999,TX.N^J01,Texaco,28000000000.0,manual-est,70
1999,CL.N,Colgate-Palmolive Company,27194545693.375,base,71
1999,TCOMA.O^C99,TCI Commun,27000000000.0,manual-est,72
1999,WM.N,Waste Management Inc,26779937467.0,base,73
1999,AMGN.OQ,Amgen Inc,26612409954.375,base,74
1999,EMR.N,Emerson Electric Co,26461500103.5,base,75
1999,HSH.N^H14,Hillshire Brands,26293056252.86919,outlier-fix,76
1999,PSKY.OQ,Paramount Skydance Corp,26060512290.0,base,77
1999,FBF.N^D04,FleetBoston Fin,25397524920.625,dead-redo,78
1999,SLB.N,SLB N.V.,25316018451.5,base,79
1999,HON.OQ,Honeywell International Inc,24817219170.0,base,80
1999,EDS.N^H08,Peraton Entp,24730183820.375,dead-redo,81
1999,RTX.N,RTX Corporation,24558662325.0,base,82
1999,ADP.OQ,Automatic Data Processing Inc,24224827459.5625,base,83
1999,MER.N^A09,Merrill Lyn,23985278634.75,dead-redo,84
1999,TGT.N,Target Corp,23914752723.75,base,85
1999,EK.N^A12,Eastman Kodak,23241481776.0,dead-redo,86
1999,DUK.N,Duke Energy Corp,23188935223.4375,base,87
1999,CBS.N^E00,CBS Co,23000000000.0,manual-est,88
1999,USB.N,U.S. Bancorp,22968539449.20604,outlier-fix,89
1999,CA.OQ^K18,CA,22943364170.375,dead-redo,90
1999,NCC.N^A09,National City,22888032500.0,dead-redo,91
1999,WM.N^I08,WMI Holdings,22000000000.0,manual-est,92
1999,CVS.N,CVS Health Corporation,21447504540.0,base,93
1999,GAP.N,Gap,21361013472.2499,base,94
1999,CMCSK.OQ^L15,Comcast,21103263252.8125,dead-redo,95
1999,ARC.N^D00,Atlantic Richfld,21000000000.0,manual-est,96
1999,DOW.N^I17,Dow Chem,20380790825.625,dead-redo,97
1999,SO.N,Southern Co,20263549473.75,base,98
1999,FITB.N,Fifth Third Bancorp,19023679205.125,base,99
1999,KRB.N^A06,MBNA,18653572265.625,dead-redo,100
1999,BAX.N,Baxter International Inc.,18392935488.375,base,101
1999,TGNA.N^C26,Tegna,18163474383.0,dead-redo,102
1999,LOW.N,Lowe's Companies Inc,18053539378.875,base,103
1999,RTN.N^D20,Raytheon,18011333250.0,dead-redo,104
1999,PBI.N,Pitney Bowes,18011326243.75,base,105
1999,WB.N^H01,Wachovia,18000000000.0,manual-est,106
1999,MEL.N^G07,Mellon Financial,17953345575.0,dead-redo,107
1999,GDT.N^D06,Guidant,16591936790.0,dead-redo,108
1999,LMT.N,Lockheed Martin Corp,16587212454.75,base,109
1999,CAT.N,Caterpillar Inc,16431124330.0,base,110
1999,S.N^C05,Sears Roebuck,16420044107.5,dead-redo,111
1999,AT.N^K07,Alltel,16414258424.4375,dead-redo,112
1999,PNC.N,"The PNC Financial Services Group, Inc.",16248633858.0,base,113
1999,CAR.OQ,Avis Budget Grp,16092740760.9375,base,114
1999,COMS.OQ^D10,3Com,16077134066.625,dead-redo,115
1999,BNI.N^B10,Burlington Nrth,16066500873.0,dead-redo,116
1999,STI.N^L19,SunTrust Banks,16031963857.5,dead-redo,117
1999,CI.N,The Cigna Group,15963687636.0625,base,118
1999,AMAT.OQ,Applied Materials Inc,15869644289.3125,base,119
1999,COST.OQ,Costco Wholesale Corp,15759071429.0625,base,120
1999,ABS.N^F06,Albertson,15641221128.375,dead-redo,121
1999,KR.N,Kroger Co,15501331901.0,base,122
1999,HCA.N^K06,HCA,15456513600.0,dead-redo,123
1999,VO.N^L00,Vivendi Exchang,15031722506.5381,dead-redo,124
1999,SCHW.N,The Charles Schwab Corporation,15018035988.1875,base,125
1999,MRSH.N,Marsh & McLennan Companies Inc,15013195656.25,base,126
1999,KEY.N,KeyCorp,14566242080.0,base,127
1999,ITW.N,Illinois Tool Works Inc,14503692048.0,base,128
1999,ENE.N^A02,Eron Dissolution,14472196898.3705,dead-redo,129
1999,HNZ.N^F13,Kraft Heinz Food,14306872500.0,dead-redo,130
1999,CCEP.OQ,Coca-Cola UK,14011393503.25,base,131
1999,FDC.N^I07,First Data,13853131625.6249,dead-redo,132
1999,K.N^L25,Kellanova,13831038175.5,dead-redo,133
1999,CPB.OQ,Campbell's Co,13797575000.0,base,134
1999,IP.N,International Paper Co,13771164151.3125,base,135
1999,HWM.N,Howmet Aerospace Inc.,13666889072.8125,base,136
1999,CCU.N^G08,iHeartCommns,13534153078.0,dead-redo,137
1999,MAY.N^H05,May Department,13500792997.125,dead-redo,138
1999,SPLS.OQ^I17,Staples,13425479936.0624,dead-redo,139
1999,TLAB.OQ^L13,Infinera Optical,13318466444.5625,dead-redo,140
1999,FDX.N,FedEx Corp,13196524088.125,base,141
1999,HAL.N,Halliburton Company,13024734907.875,base,142
1999,RAD.N^J23,Rite Aid,12872609171.75,dead-redo,143
1999,HIG.N,"The Hartford Insurance Group, Inc.",12509768309.625,base,144
1999,JPM.N,JPMorgan Chase & Co,12412001746.0,base,145
1999,ED.N,"Consolidated Edison, Inc.",12363729207.75,base,146
1999,WB.N^A09,Wachovia Corp,12329812215.0,dead-redo,147
1999,PGR.N,The Progressive Corporation,12278145510.0,base,148
1999,CLX.N,The Clorox Company,12116243863.5,base,149
1999,PCG.N,PG&E Corp,12032747874.0,base,150
1999,TXT.N,Textron Inc,12031385625.0,base,151
1999,NSC.N,Norfolk Southern Corp,12022367101.875,base,152
1999,GIS.N,General Mills Inc,11923143268.75,base,153
1999,JCP.N^E20,Old Copper Co,11920764609.375,dead-redo,154
1999,TFC.N,Truist Financial Corporation,11729663625.0,base,155
1999,AVP.N^A20,Avon Prdcts,11624736783.0,dead-redo,156
1999,AET.N^K18,Aetna,11350978423.125,dead-redo,157
1999,STT.N,State Street Corporation,11255130591.375,base,158
1999,NEE.N,"NextEra Energy, Inc.",11167499781.875,base,159
1999,UNP.N,Union Pacific Corporation,11147362434.25,base,160
1999,IPG.N^K25,Interpublic Grp,11084033254.25,dead-redo,161
1999,L.N,Loews Corporation,11061210974.9999,base,162
1999,COP.N,ConocoPhillips,10853411426.0,base,163
1999,AMR.N^A12,American Airline,10826599237.5,dead-redo,164
1999,MU.OQ,"Micron Technology, Inc.",10774040637.375,base,165
1999,CMA.N^B26,Comerica,10606020125.0,dead-redo,166
1999,BBWI.N,Bath & Body,10573773000.0,base,167
1999,CB.N^A16,Chubb NJ,10550569739.5,dead-redo,168
1999,TXU.N^J07,Energy Future Hd,10543951687.5,dead-redo,169
1999,GLW.N,Corning Incorporated,10402366635.0,base,170
1999,PPG.N,"PPG Industries, Inc.",10298661252.25,base,171
1999,DXC.N,DXC Tech,10182470684.5,base,172
1999,ADM.N,Archer-Daniels-Midland Co,10159379928.875,base,173
1999,WY.N,Weyerhaeuser Company,10111475154.5625,base,174
1999,SPGI.N,S&P Global Inc,10024500000.0,base,175
1999,EIX.N,Edison International,9857675584.75,base,176
1999,MAS.N,Masco Corporation,9752718750.0,base,177
1999,KSS.N,Kohls,9723960226.625,base,178
1999,NTRS.OQ,Northern Trust Corporation,9695680213.3125,base,179
1999,BMC.OQ^I13,BMC Software,9604332812.5,dead-redo,180
1999,AON.N,Aon PLC,9418065761.375,base,181
1999,SYY.N,Sysco Corporation,9262407826.125,base,182
1999,EXC.OQ,Exelon Corp,9251424250.0,base,183
1999,ROK.N,Rockwell Automation Inc,9211051200.75,base,184
1999,APD.N,"Air Products and Chemicals, Inc.",9172177640.0,base,185
1999,M.N,Macy's,9134702174.0,base,186
1999,D.N,"Dominion Energy, Inc.",9133339649.5,base,187
1999,CSX.OQ,CSX Corporation,9058622739.0,base,188
1999,AEP.OQ,American Electric Power Company Inc,9005350217.4375,base,189
1999,RF.N,Regions Financial Corporation,8915510121.5625,base,190
1999,UIS.N,Unisys,8788611098.625,base,191
1999,MRO.N^K24,Marathn Oil,8633282750.0,dead-redo,192
1999,PAYX.OQ,"Paychex, Inc.",8416121450.0,base,193
1999,WWY.N^J08,WM Wrigley,8323240520.75,dead-redo,194
1999,LNC.N,LNC,8223936080.9375,base,195
1999,TRV.N,"The Travelers Companies, Inc.",8206455480.25,base,196
1999,HSY.N,The Hershey Company,8180579062.5,base,197
1999,THC.N,Tenet Healthcare,8141222670.0,base,198
1999,UNH.N,UnitedHealth Group Inc,8019652964.375,base,199
1999,GTW.N^J07,Gateway,7999932468.9375,dead-redo,200
1999,SLM.OQ,SLM,7954014719.99999,base,201
1999,JP.N^D06,Jefferson-Pilot,7949254500.0,dead-redo,202
1999,UNM.N,Unum Group,7894791445.0,base,203
1999,PVT.N^F99,Unum Group,7894791445.0,dead-redo,204
1999,TRB.N^L07,Tribune Media,7838054994.0,dead-redo,205
1999,TT.N,Trane Technologies PLC,7816335786.0,base,206
1999,CAG.N,Conagra Brands,7811275500.0,base,207
1999,FE.N,FirstEnergy Corp,7719562145.4375,base,208
1999,ETR.N,Entergy Corp,7675501847.625,base,209
1999,YUM.N,"Yum! Brands, Inc.",7661648154.5,base,210
1999,LUV.N,Southwest Airlines Co,7631171901.375,base,211
1999,DE.N,Deere & Co,7617570069.25,base,212
1999,GT.OQ,Goodyear Tire,7566986812.5,base,213
1999,COF.N,Capital One Financial Corp,7543262160.0,base,214
1999,GD.N,General Dynamics Corp,7476382296.0,base,215
1999,NSI.N^H03,Natl Serv Inds,7455904000.0,dead-redo,216
1999,DAL.N^J05,Delta Air,7425124200.0,dead-redo,217
1999,PGN.N^G12,Prgres Enrgy,7401990000.0,dead-redo,218
1999,B.N,Barrick Mining,7340836375.02451,base,219
1999,DHR.N,Danaher Corporation,7331075668.8125,base,220
1999,PVN.N^J05,Providian Finl,7080241575.0,dead-redo,221
1999,UCL.N^H05,Unocal,7044968282.5625,dead-redo,222
1999,MAR.OQ,"Marriott International, Inc.",7040482163.0,base,223
1999,DCN.N^C06,Dana Corp,6766466711.25,dead-redo,224
1999,MAT.OQ,Mattel,6759412982.5,base,225
1999,NWL.OQ,Newell Brands,6711375000.0,base,226
1999,NOVL.OQ^D11,Micro Focus,6621207500.0,dead-redo,227
1999,MBI.N,MBIA,6513715082.4375,base,228
1999,UST.N^A09,UST DE,6485384155.5,dead-redo,229
1999,SNV.N^A26,Synovus Fin,6415225488.0,dead-redo,230
1999,BEAM.N^E14,Suntory Global,6378952250.0,dead-redo,231
1999,NXTL.OQ^H05,Nextel Comms,6370488384.75,dead-redo,232
1999,BR.N^D06,Burlington Res,6347094212.25,dead-redo,233
1999,HBAN.OQ,Huntington Bancshares Inc,6345189043.90722,base,234
1999,NYT.N,New York Times,6296345303.4375,base,235
1999,DTE.N,DTE Energy Company,6237947625.0,base,236
1999,AL.N^K07,Alcan,6172762855.18143,dead-redo,237
1999,CINF.OQ,Cincinnati Financial Corporation,6122617365.0,base,238
1999,AEE.N,Ameren Corporation,5857385034.125,base,239
1999,SAF.N^I08,Safeco,5850510162.5625,dead-redo,240
1999,BKR.OQ,Baker Hughes Company,5762204700.0,base,241
1999,TEN.N^K22,Tenneco,5760377500.0,dead-redo,242
1999,CFC.N^G08,Countrywide Fncl,5614142028.6875,dead-redo,243
1999,MYG.N^D06,Whirlpool Intl,5600601126.0,dead-redo,244
1999,LIN.OQ,Linde PLC,5560955470.5,base,245
1999,PHA.N^D03,Pharmacia,5522635000.0,dead-redo,246
1999,AAPL.OQ,Apple Inc.,5511799700.625,base,247
1999,CIN.N^D06,Cinergy,5451348650.0,dead-redo,248
1999,JCI.N^I16,Johnson Cntrl,5300000000.0,manual-fix,249
1999,BSX.N,Boston Scientific Corp,5267574687.375,base,250
1999,GDW.N^J06,Golden West,5218939511.4375,dead-redo,251
1999,OXY.N,Occidental Petroleum Corp,5168981250.0,base,252
1999,GP.N^L05,Georgia-Pacific,5114322917.3125,dead-redo,253
1999,LEH.N^I08,Lehman Bros Hldg,5110370071.875,dead-redo,254
1999,ETN.N,Eaton Corporation PLC,5047087500.0,base,255
1999,NOC.N,Northrop Grumman Corp,5032293288.74999,base,256
1999,BFb.N,Brown-Forman Corporation,5026572848.3125,base,257
1999,CC.N^K08,Circuit City,5016738778.0625,dead-redo,258
1999,ROH.N^D09,Rohm Haas,5015254554.875,dead-redo,259
1999,IFF.N,International Flavors & Fragrances Inc.,5000390062.5,base,260
1999,CEN.N^K07,Thl/Cannae,4993827959.4375,dead-redo,261
1999,DG.N^G07,Dollar General,4954069086.75,dead-redo,262
1999,AZO.N,"AutoZone, Inc.",4940491273.75,base,263
1999,BDK.N^C10,Black & Decker,4925984765.8125,dead-redo,264
1999,GL.N,Globe Life Inc.,4832479429.6875,base,265
1999,HRB.N,H&R Block,4751820000.0,base,266
1999,HAS.OQ,"Hasbro, Inc.",4725746459.875,base,267
1999,HLT.N^J07,Park Hotels,4722152812.875,dead-redo,268
1999,ECL.N,Ecolab Inc.,4681749236.0625,base,269
1999,BMET.OQ^J07,Biomet,4672501750.0,dead-redo,270
1999,HES.N^G25,Hess,4626700249.99999,dead-redo,271
1999,CEG.N^C12,Constell Energy,4554896125.0,dead-redo,272
1999,DJ.N^L07,Dow Jones & Co,4510693446.875,dead-redo,273
1999,MTG.N,MGIC Investment,4339683211.5,base,274
1999,PPL.N,PPL Corp,4318785250.0,base,275
1999,AGN.N^C15,Allerg,4272877687.75,dead-redo,276
1999,SEE.N^D26,Sealed Air,4259871752.3125,dead-redo,277
1999,TOY.N^G05,Toys R US,4251731178.0625,dead-redo,278
1999,BSC.N^F08,Bear Stearns Cos,4214822543.375,dead-redo,279
1999,WHR.N,Whirlpool,4210848509.125,base,280
1999,CNP.N,"CenterPoint Energy, Inc.",4209710062.5,base,281
1999,AMD.OQ,"Advanced Micro Devices, Inc.",4198468736.0,base,282
1999,ITT.N,ITT,4125313671.0,base,283
1999,GPC.N,Genuine Parts Co,4123579375.0,base,284
1999,PKN.N^E99,Applied Biosyst,4083478437.5,dead-redo,285
1999,RSH.N^B15,RS Legacy,4076643236.1875,dead-redo,286
1999,KRI.N^F06,Knight Ridder,3999641521.625,dead-redo,287
1999,SUN.N^J12,ETC Sunoco Hldg,3847255687.5,dead-redo,288
1999,HI.N^C03,HSBC Fnce,3817631000.0,dead-redo,289
1999,KLAC.OQ,KLA Corporation,3791398079.75,base,290
1999,NUE.N,Nucor Corporation,3771875750.0,base,291
1999,APC.N^H19,Anadarko Petrol,3715062039.0,dead-redo,292
1999,OI.N,"O-i Glass, Inc",3646794375.0,base,293
1999,SCI.N,Service corp,3573003000.0,base,294
1999,PH.N,Parker-Hannifin Corp,3552513806.0,base,295
1999,EMN.N,Eastman Chemical,3546056498.5,base,296
1999,AES.N,The AES Corporation,3537728125.0,base,297
1999,RAL.N^L01,Nestle Purina,3369525250.0,dead-redo,298
1999,BOL.N^J07,Bausch & Lomb,3365392440.0,dead-redo,299
1999,LDW.N^L00,Firstgroup Intl,3335026555.21412,dead-redo,300
1999,WIN.N^B05,Winn-Dixie,3324968250.0,dead-redo,301
1999,TIN.N^B12,Temple-Inland,3297703587.75,dead-redo,302
1999,HCR.N^L07,Manor Care,3256130066.875,dead-redo,303
1999,DDS.N,Dillard's,3206488500.0,base,304
1999,CAH.N,"Cardinal Health, Inc.",3176810375.0,base,305
1999,U.N^H02,US Airways Group,3149016000.0,dead-redo,306
1999,AM.N^H13,Amercn Greetin,3054434062.5,dead-redo,307
1999,NEM.N,Newmont Corporation,3051694409.0,base,308
1999,VFC.N,VF,3034078125.0,base,309
1999,WMB.N,"The Williams Companies, Inc.",2993033187.49999,base,310
1999,HUM.N,Humana Inc.,2981466812.8125,base,311
1999,DLX.N,Deluxe,2960355937.5,base,312
1999,PD.N^C07,Freeport-Mc,2947829317.125,dead-redo,313
1999,ASH.N,Ashland,2939603625.0,base,314
1999,NKE.N,"NIKE, Inc.",2931979187.5,base,315
1999,PLL.N^H15,Pall,2919138750.0,dead-redo,316
1999,PDG.N^C06,Placer Dome,2869257554.98528,dead-redo,317
1999,BDX.N,Becton Dickinson and Co,2867874312.5,base,318
1999,ADBE.OQ,Adobe Inc,2865654759.0,base,319
1999,JWN.N^E25,Nordstrom,2851035000.0,dead-redo,320
1999,EC.N^F06,Engelhard,2793363144.0,dead-redo,321
1999,SLR.N^J07,Solectron,2763989874.75,dead-redo,322
1999,CCK.N,Crown Holdings,2749399375.0,base,323
1999,AMCR.N,Amcor PLC,2732395028.49595,base,324
1999,GLK.N^G05,Great Lakes Chem,2730600000.0,dead-redo,325
1999,WEN.N^I08,Wendys Intl,2714500187.5,dead-redo,326
1999,CTX.N^H09,Centex,2677157672.4375,dead-redo,327
1999,EFX.N,Equifax Inc.,2663753250.0,base,328
1999,GR.N^G12,Goodrich,2654288252.875,dead-redo,329
1999,BCR.N^L17,CR Bard,2653337857.5,dead-redo,330
1999,BEN.N,"Franklin Templeton, Inc.",2633626272.0,base,331
1999,SHW.N,Sherwin-Williams Co,2513853750.0,base,332
1999,DRI.N,Darden Restaurants Inc,2505314340.0,base,333
1999,AVY.N,Avery Dennison Corp,2478707875.0,base,334
1999,APA.OQ,APA Corporation,2474475834.375,base,335
1999,CBE.N^L12,Cooper Inds,2466784364.84375,dead-redo,336
1999,SWK.N,Stanley Black & Decker Inc,2464352541.75,base,337
1999,KATE.N^G17,Kate Spade & Co,2460517812.5,dead-redo,338
1999,BC.N,Brunswick Corp,2377207998.0,base,339
1999,STJ.N^A17,St Jude Med,2346110803.75,dead-redo,340
1999,LSI.OQ^E14,LSI,2277868358.25,dead-redo,341
1999,NSM.N^I11,Natl Semiconduct,2254846207.5,dead-redo,342
1999,GWW.N,WW Grainger Inc,2112385500.0,base,343
1999,TJX.N,"The TJX Companies, Inc.",2099861000.0,base,344
1999,DOV.N,Dover Corp,2091690375.0,base,345
1999,R.N,Ryder,2047656000.0,base,346
1999,FMC.N,FMC,2041872000.0,base,347
1999,GAS.N^L11,Nicor,2012273367.0,dead-redo,348
1999,ADSK.OQ,"Autodesk, Inc.",2001915687.5,base,349
1999,TAP.N,Molson Coors Beverage Company,1993470249.75,base,350
1999,SVU.N^J18,Supervalu,1989988000.0,dead-redo,351
1999,MDP.N^L21,Hawkeye Acqsn,1981664465.25,dead-redo,352
1999,KMG.N^H06,Kerr-McGee,1976913000.0,dead-redo,353
1999,LPX.N,Louisiana-Pacifc,1964437654.875,base,354
1999,XEL.OQ,Xcel Energy Inc,1856641500.0,base,355
1999,SGI.N^K05,Graphics Prpty,1847369375.0,dead-redo,356
1999,N.N^K06,Inco,1758847419.67963,dead-redo,357
1999,OMX.N^K13,OfficeMax,1746353349.0,dead-redo,358
1999,X.N^F25,U. S. Steel,1744090000.0,dead-redo,359
1999,SFA.N^B06,Scient Atlanta,1709721251.5625,dead-redo,360
1999,CTB.N^F21,Cooper Tire,1709208562.5,dead-redo,361
1999,PCAR.OQ,Paccar Inc,1598035250.0,base,362
1999,HET.N^A08,HARRAH S,1591843270.6875,dead-redo,363
1999,OWC.N^L02,Owens Corning,1567188000.0,dead-redo,364
1999,RVTY.N,"Revvity, Inc.",1533136250.0,base,365
1999,CMI.N,Cummins Inc,1494550000.0,base,366
1999,SNA.N,Snap-On Inc,1492272625.0,base,367
1999,SIAL.OQ^K15,Sigma Aldrich,1463785625.0,dead-redo,368
1999,LDG.N^J08,Longs Drug Store,1460523487.5,dead-redo,369
1999,ALT.N^K99,ATI,1444931250.0,dead-redo,370
1999,BGG.N^G20,Briggs,1442734125.0,dead-redo,371
1999,LHX.N,"L3Harris Technologies, Inc.",1432586875.0,base,372
1999,NAV.N^B07,Navistar Intl,1426995000.0,dead-redo,373
1999,PGL.N^B07,Peoples US IL,1414544571.0,dead-redo,374
1999,BALL.N,Ball Corp,1395174935.25,base,375
1999,MDR.N^A20,McDermott Intern,1329644062.5,dead-redo,376
1999,IKN.N^K08,Ricoh USA,1260684728.8125,dead-redo,377
1999,RBK.N^B06,Reebok Internati,1206020375.0,dead-redo,378
1999,PHM.N,"PulteGroup, Inc.",1200531568.75,base,379
1999,KBH.N,KB Home,1147208001.25,base,380
1999,OKE.N,"ONEOK, Inc.",1139176117.875,base,381
1999,GRA.N^I21,W R Grace,1137390812.5,dead-redo,382
1999,WOR,Worthington Entp,1134687500.0,base,383
1999,GAP.N^L10,Great Atlantic,1132267500.0,dead-redo,384
1999,FCX.N,Freeport-McMoRan Inc,1127846009.5383227,outlier-fix,385
1999,PCH.OQ^B26,Potlatchdeltic,1077598125.0,dead-redo,386
1999,HPC.N^K08,Hercules,1067328000.0,dead-redo,387
1999,MWI.N^C04,Moore Wallace,968717714.939522,dead-redo,388
1999,PBY.N^B16,Pep Boys - Manny,963761562.5,dead-redo,389
1999,BIG.N^I24,Former Bl Stores,945259500.0,dead-redo,390
1999,PTC.OQ,PTC Inc.,930491250.0,base,391
1999,TEK.N^K07,Tektronix,926075312.5,dead-redo,392
1999,TMO.N,Thermo Fisher Scientific Inc,861271875.0,base,393
1999,FL.N^I25,Foot Locker,857408500.0,dead-redo,394
1999,TNB.N^E12,ABB Installation,848058750.0,dead-redo,395
1999,RDC.N^D19,Rowan,831968750.0,dead-redo,396
1999,NC.N,NACCO Industries,823400000.0,base,397
1999,RML.N^H06,Russell,810732812.5,dead-redo,398
1999,BHMSQ.OB^A04,Bethlehem Steel,764696125.0,dead-redo,399
1999,CNC.N^H02,CNO Fincl Grp,746365500.0,dead-redo,400
1999,MZ.N^E08,MI 2009,727772699.5,dead-redo,401
1999,MIL.N^G10,EMD Millipore,699403687.5,dead-redo,402
1999,TKR.N,Timken,585710125.0,base,403
1999,HRC.N^C03,Encompass Health,526912750.0,dead-redo,404
1999,HP.N,Helmerich,478930625.0,base,405
1999,FWC.N^K02,Foster Wheel Nl,472152062.499999,dead-redo,406
1999,ANDW.OQ^A08,CommScope LLC,421492500.0,dead-redo,407
1999,ACV.N^K06,Alberto Culver,276235000.0,dead-redo,408
1999,PSFT.OQ^A05,Peoplesoft,225147937.5,dead-redo,409
1999,OMC.N,Omnicom Group Inc,110200000.0,base,410
1999,PPW.N^L99,PacifiCorp,21367750.0,dead-redo,411
2000,MSFT.OQ,Microsoft Corporation,602432871232.75,base,1
2000,GE.N,General Electric Company,507216801750.0,base,2
2000,CSCO.OQ,Cisco Systems Inc,366498459455.5,base,3
2000,WMT.OQ,Walmart Inc,307865010174.75,base,4
2000,XOM.N,Exxonmobil Holdings Corp,280000000000.0,manual-fix,5
2000,INTC.OQ,Intel Corp,275088375000.0,base,6
2000,LU.N^L06,Nokia of America,242318896207.0,dead-redo,7
2000,IBM.N,International Business Machines Corporation,194455953425.625,base,8
2000,C.N,Citigroup Inc,187759659452.062,base,9
2000,TWX.N^F18,Time Warner,185545338000.0,dead-redo,10
2000,T.N^K05,At&T Corp,170614487501.5,dead-redo,11
2000,AIG.N,"American International Group, Inc.",167403638894.375,base,12
2000,T.N,AT&T Inc,167364835755.0,base,13
2000,HD.N,"The Home Depot, Inc.",158287525000.0,base,14
2000,WCOEQ.OQ^G02,MCI,157286145289.234,dead-redo,15
2000,MRK.N,Merck & Co Inc,157045589067.187,base,16
2000,ORCL.N,Oracle Corporation,151364237302.11478,outlier-fix,17
2000,PG.N,The Procter & Gamble Company,144152947555.5,base,18
2000,KO.N,Coca-Cola Co,143876368027.75,base,19
2000,NT.N^A09,Nortel Networks,138865646592.874,dead-redo,20
2000,JAVA.OQ^B10,Oracle America,133535093760.3734,outlier-fix,21
2000,DELL.OQ^J13,Dell,130502500297.125,dead-redo,22
2000,JNJ.N,Johnson & Johnson,129669344575.5,base,23
2000,BMY.N,Bristol-Myers Squibb Company,127143241875.0,base,24
2000,AABA.OQ^J19,Altaba,126924512500.0,dead-redo,25
2000,PFE.N,Pfizer Inc.,125573974354.687,base,26
2000,SHEL.N,Shell,125000000000.0,manual-fix,27
2000,QCOM.OQ,QUALCOMM Incorporated,116212911000.0,base,28
2000,EMC.N^I16,EMC US,115995588354.0,dead-redo,29
2000,HPQ.N,HP Inc,113919781088.75,base,30
2000,VZ.N,Verizon Communications Inc,95593384308.125,base,31
2000,TWX.N^A01,Historic TW,95000000000.0,manual-est,32
2000,MSI.N,Motorola Solutions Inc,89689045116.25,base,33
2000,BLS.N^A07,Bellsouth US,87088750000.0,dead-redo,34
2000,BAC.N,Bank of America Corporation,85679298606.0,base,35
2000,UN.N^K20,Unilever,84884999575.2015,dead-redo,36
2000,MS.N,Morgan Stanley,80000000000.0,manual-fix,37
2000,TXN.OQ,Texas Instruments Inc,76566759158.375,base,38
2000,AXP.N,American Express Company,74425658028.75,base,39
2000,LLY.N,Eli Lilly and Company,72519671437.5,base,40
2000,GTE.N^G00,GTE,68000000000.0,manual-est,41
2000,DD.N^I17,EIDP,67894112520.0,dead-redo,42
2000,WFC.N,Wells Fargo & Co,66410304102.9375,base,43
2000,WLA.N^F00,Warner Lambert,65759862048.0876,dead-redo,44
2000,F.N,Ford Motor Co,64395368636.0,base,45
2000,AMGN.OQ,Amgen Inc,61354804750.0,base,46
2000,DIS.N,The Walt Disney Company,60428846088.0,base,47
2000,FNM.N^G10,Fannie Mae,60410937500.0,dead-redo,48
2000,SGP.N^K09,Schering-Plough,60076000000.0,dead-redo,49
2000,CVX.N,Chevron Corporation,56849008639.5,base,50
2000,ABT.N,Abbott Laboratories,55273771181.125,base,51
2000,MCD.N,McDonald's Corp,54583909199.0625,base,52
2000,MO.N,Altria Group Inc,54421191709.9999,base,53
2000,WYE.N^J09,Wyeth,52511197812.5,dead-redo,54
2000,S.N^G13,Sprint Commns DE,51774475260.0,dead-redo,55
2000,PEP.OQ,"PepsiCo, Inc.",51313367859.75,base,56
2000,AMAT.OQ,Applied Materials Inc,47940497313.5625,base,57
2000,GM.N^F09,Motors GUC Trust,47775532149.0,dead-redo,58
2000,HON.OQ,Honeywell International Inc,45869274972.625,base,59
2000,CBS.N^E00,CBS Co,44000000000.0,manual-est,60
2000,G.N^J05,Gillette,43777838708.125,dead-redo,61
2000,MDT.N,Medtronic PLC,43520454049.1875,base,62
2000,PCS.N^D04,Sprint PCS,43309771500.0,dead-redo,63
2000,PSKY.OQ,Paramount Skydance Corp,42239570756.75,base,64
2000,GX.N^A02,Global Crossing,40000000000.0,manual-est,65
2000,MMM.N,3M Company,39280533930.0,base,66
2000,GAP.N,Gap,39141186054.0,base,67
2000,BA.N,Boeing Co,38724993376.875,base,68
2000,CL.N,Colgate-Palmolive Company,37867780730.0,base,69
2000,CA.OQ^K18,CA,37731727320.0,dead-redo,70
2000,ONE.N^G04,Bank One,37000000000.0,manual-est,71
2000,CMCSK.OQ^L15,Comcast,36858204143.75,dead-redo,72
2000,KMB.OQ,Kimberly-Clark Corporation,35620716497.25,base,73
2000,BUD.N^K08,Anheuser-Busch,35000000000.0,manual-est,74
2000,SCHW.N,The Charles Schwab Corporation,33897150000.0,base,75
2000,ADP.OQ,Automatic Data Processing Inc,33677695439.5,base,76
2000,NXTL.OQ^H05,Nextel Comms,32664151327.5,dead-redo,77
2000,TGT.N,Target Corp,32178542362.5,base,78
2000,SLB.N,SLB N.V.,31762884671.25,base,79
2000,GLW.N,Corning Incorporated,31561926998.375,base,80
2000,WB.N^A09,Wachovia Corp,31299097218.1875,dead-redo,81
2000,RTX.N,RTX Corporation,31118158695.0,base,82
2000,FRE.N^G10,Freddie Mac,30935471240.5,dead-redo,83
2000,FBF.N^D04,FleetBoston Fin,30728628966.75,dead-redo,84
2000,ENE.N^A02,Eron Dissolution,30549427688.8975,dead-redo,85
2000,HWM.N,Howmet Aerospace Inc.,30411768799.0,base,86
2000,EDS.N^H08,Peraton Entp,30331657989.375,dead-redo,87
2000,TX.N^J01,Texaco,30000000000.0,manual-est,88
2000,MER.N^A09,Merrill Lyn,29885232549.375,dead-redo,89
2000,CCU.N^G08,iHeartCommns,29711964847.5,dead-redo,90
2000,CCL.N,Carnival Corporation Ltd,29498686875.0,base,91
2000,BNY.N,Bank of New York Mellon Corp,29455928120.0,base,92
2000,DOW.N^I17,Dow Chem,29084281733.625,dead-redo,93
2000,WBA.OQ^H25,Walgreens Hldg,28740844221.4375,dead-redo,94
2000,ARC.N^D00,Atlantic Richfld,27000000000.0,manual-est,95
2000,TLAB.OQ^L13,Infinera Optical,26399384287.5,dead-redo,96
2000,PHA.N^D03,Pharmacia,26000000000.0,manual-fix,97
2000,MRSH.N,Marsh & McLennan Companies Inc,25528929625.8125,base,98
2000,AT.N^K07,Alltel,25035889747.0,dead-redo,99
2000,EMR.N,Emerson Electric Co,24732613251.0,base,100
2000,IP.N,International Paper Co,23369562172.6875,base,101
2000,CAR.OQ,Avis Budget Grp,23119990304.6875,base,102
2000,LOW.N,Lowe's Companies Inc,22832718254.0,base,103
2000,FITB.N,Fifth Third Bancorp,22664553761.375,base,104
2000,GTW.N^J07,Gateway,22210332375.0,dead-redo,105
2000,TGNA.N^C26,Tegna,21869335960.625,dead-redo,106
2000,KRB.N^A06,MBNA,21597982421.875,dead-redo,107
2000,BMC.OQ^I13,BMC Software,20645190625.0,dead-redo,108
2000,FDC.N^I07,First Data,20440732700.9375,dead-redo,109
2000,COST.OQ,Costco Wholesale Corp,20285979490.0,base,110
2000,EK.N^A12,Eastman Kodak,20041551293.125,dead-redo,111
2000,STI.N^L19,SunTrust Banks,19946598271.875,dead-redo,112
2000,MU.OQ,"Micron Technology, Inc.",19814716640.625,base,113
2000,VO.N^L00,Vivendi Exchang,19408796414.3894,dead-redo,114
2000,ALL.N,Allstate Corp,19379852463.125,base,115
2000,ADCT.OQ^L10,CommScope (US),19200000000.0,dead-redo(riprist.),116
2000,HSH.N^H14,Hillshire Brands,18879215593.75,dead-redo,117
2000,DUK.N,Duke Energy Corp,18329863783.5,base,118
2000,BAX.N,Baxter International Inc.,18228187500.0,base,119
2000,HAL.N,Halliburton Company,17790500000.0,base,120
2000,OMC.N,Omnicom Group Inc,17748756000.0,base,121
2000,HCA.N^K06,HCA,17033988168.75,dead-redo,122
2000,ITW.N,Illinois Tool Works Inc,16937889427.875,base,123
2000,SWY.N^A15,Safeway US,16936650000.0,dead-redo,124
2000,COMS.OQ^D10,3Com,16710709991.9375,dead-redo,125
2000,IPG.N^K25,Interpublic Grp,16674585991.25,dead-redo,126
2000,CAT.N,Caterpillar Inc,16649671524.5625,base,127
2000,AAPL.OQ,Apple Inc.,16569158350.9375,base,128
2000,ADI.OQ,"Analog Devices, Inc.",16321933566.0,base,129
2000,HI.N^C03,HSBC Fnce,16307981943.75,dead-redo,130
2000,MEL.N^G07,Mellon Financial,16113706250.0,dead-redo,131
2000,USB.N,U.S. Bancorp,15936038111.5,base,132
2000,SO.N,Southern Co,15817687850.0,base,133
2000,KR.N,Kroger Co,15748115499.375,base,134
2000,CVS.N,CVS Health Corporation,15626374500.0,base,135
2000,FSR.N^B01,U.S. Bancorp,15511705735.75,dead-redo,136
2000,AES.N,The AES Corporation,15427206616.25,base,137
2000,DXC.N,DXC Tech,15184052195.6249,base,138
2000,XRX.OQ,Xerox Hlngs,15070433711.4375,base,139
2000,WM.N^I08,WMI Holdings,15000000000.0,manual-est,140
2000,XLNX.OQ^B22,Xilinx,14906331000.0,dead-redo,141
2000,COC.N^H02,ConocoPhlip Hldg,14544735000.0,dead-redo,142
2000,WY.N,Weyerhaeuser Company,14447379358.875,base,143
2000,WB.N^H01,Wachovia,14000000000.0,manual-est,144
2000,HNZ.N^F13,Kraft Heinz Food,13938648901.875,dead-redo,145
2000,GDT.N^D06,Guidant,13935908563.875,dead-redo,146
2000,NOVL.OQ^D11,Micro Focus,13881704000.0,dead-redo,147
2000,SLR.N^J07,Solectron,13742354808.875,dead-redo,148
2000,CI.N,The Cigna Group,13671456250.0,base,149
2000,ABS.N^F06,Albertson,13476677170.6875,dead-redo,150
2000,CPWR.OQ^L14,Compuware,13475304033.75,dead-redo,151
2000,JPM.N,JPMorgan Chase & Co,13451200944.5,base,152
2000,NCC.N^A09,National City,13393225067.5,dead-redo,153
2000,WMB.N,"The Williams Companies, Inc.",13194047815.875,base,154
2000,PNC.N,"The PNC Financial Services Group, Inc.",13038500000.0,base,155
2000,SYY.N,Sysco Corporation,13031100878.8125,base,156
2000,NTAP.OQ,NetApp Inc,13024532250.0,base,157
2000,PBI.N,Pitney Bowes,12815187843.5,base,158
2000,AFL.N,Aflac Incorporated,12539606250.0,base,159
2000,TRB.N^L07,Tribune Media,12475697167.5,dead-redo,160
2000,K.N^L25,Kellanova,12111433595.625,dead-redo,161
2000,SPGI.N,S&P Global Inc,12060551718.75,base,162
2000,ABI.N^K08,Applied Biosyst,12048815641.375,dead-redo,163
2000,CGP.N^A01,El Paso CGP,12000000000.0,manual-est,164
2000,CLX.N,The Clorox Company,11914506496.75,base,165
2000,COP.N,ConocoPhillips,11904331362.0,base,166
2000,FDX.N,FedEx Corp,11870094259.6875,base,167
2000,PVN.N^J05,Providian Finl,11783384606.875,dead-redo,168
2000,NTRS.OQ,Northern Trust Corporation,11774480000.0,base,169
2000,KSS.N,Kohls,11768373395.625,base,170
2000,STT.N,State Street Corporation,11688284054.125,base,171
2000,CTXS.OQ^J22,Citrix Systems,11601270312.5,dead-redo,172
2000,LXK.N^K16,Lexmark Intl,11514817355.0,dead-redo,173
2000,TXT.N,Textron Inc,11406575437.5,base,174
2000,S.N^C05,Sears Roebuck,11362237886.1875,dead-redo,175
2000,TER.OQ,"Teradyne, Inc.",11285855856.0,base,176
2000,MAS.N,Masco Corporation,11249777875.0,base,177
2000,CAG.N,Conagra Brands,11170568235.75,base,178
2000,TFC.N,Truist Financial Corporation,10915567451.25,base,179
2000,PPG.N,"PPG Industries, Inc.",10892159403.125,base,180
2000,UNP.N,Union Pacific Corporation,10859327999.4375,base,181
2000,GIS.N,General Mills Inc,10765321960.25,base,182
2000,BNI.N^B10,Burlington Nrth,10710570000.0,dead-redo,183
2000,M.N,Macy's,10616778925.125,base,184
2000,GD.N,General Dynamics Corp,10603465817.5,base,185
2000,RSH.N^B15,RS Legacy,10439033544.0,dead-redo,186
2000,BBWI.N,Bath & Body,10434284437.5,base,187
2000,MAY.N^H05,May Department,10360004213.625,dead-redo,188
2000,AEP.OQ,American Electric Power Company Inc,10334366101.25,base,189
2000,BBY.N,"Best Buy Co., Inc.",10314817500.0,base,190
2000,HIG.N,"The Hartford Insurance Group, Inc.",10291271250.0,base,191
2000,AON.N,Aon PLC,10252000000.0,base,192
2000,DE.N,Deere & Co,10146998376.75,base,193
2000,KLAC.OQ,KLA Corporation,10018065531.375,base,194
2000,LSI.OQ^E14,LSI,10016938750.0,dead-redo,195
2000,AMR.N^A12,American Airline,9977093876.75,dead-redo,196
2000,UIS.N,Unisys,9919216202.0,base,197
2000,PAYX.OQ,"Paychex, Inc.",9885472200.0,base,198
2000,WM.N,Waste Management Inc,9824190578.125,base,199
2000,KEY.N,KeyCorp,9810812197.5,base,200
2000,TXU.N^J07,Energy Future Hd,9758128056.6875,dead-redo,201
2000,CPB.OQ,Campbell's Co,9705339687.5,base,202
2000,SPLS.OQ^I17,Staples,9689719875.0,dead-redo,203
2000,CB.N^A16,Chubb NJ,9522555268.5,dead-redo,204
2000,COF.N,Capital One Financial Corp,9495174363.75,base,205
2000,WWY.N^J08,WM Wrigley,9483583402.5,dead-redo,206
2000,LEH.N^I08,Lehman Bros Hldg,9480384375.0,dead-redo,207
2000,CC.N^K08,Circuit City,9249059983.1875,dead-redo,208
2000,DOV.N,Dover Corp,9194284068.75,base,209
2000,ROK.N,Rockwell Automation Inc,9106858573.375,base,210
2000,EIX.N,Edison International,9092486193.125,base,211
2000,BSX.N,Boston Scientific Corp,9071589165.625,base,212
2000,TT.N,Trane Technologies PLC,9006899039.9375,base,213
2000,NKE.N,"NIKE, Inc.",8997160123.25,base,214
2000,AL.N^K07,Alcan,8954806338.42961,dead-redo,215
2000,UNH.N,UnitedHealth Group Inc,8896870312.5,base,216
2000,LMT.N,Lockheed Martin Corp,8661470650.0,base,217
2000,GP.N^L05,Georgia-Pacific,8656283345.625,dead-redo,218
2000,NYT.N,New York Times,8538830373.75,base,219
2000,CCEP.OQ,Coca-Cola UK,8479065000.0,base,220
2000,DPH.N^J05,DPH,8430000000.0,dead-redo,221
2000,MOLX.OQ^L13,Molex,8406926830.0625,dead-redo,222
2000,ROH.N^D09,Rohm Haas,8320076250.0,dead-redo,223
2000,AVY.N,Avery Dennison Corp,8211232601.0,base,224
2000,NWL.OQ,Newell Brands,8178000000.0,base,225
2000,LUV.N,Southwest Airlines Co,8134024920.75,base,226
2000,RAL.N^L01,Nestle Purina,8092984687.5,dead-redo,227
2000,BEN.N,"Franklin Templeton, Inc.",8047897188.75,base,228
2000,ADBE.OQ,Adobe Inc,8036485491.75,base,229
2000,UCL.N^H05,Unocal,8000520000.0,dead-redo,230
2000,LIN.OQ,Linde PLC,7997164227.5,base,231
2000,RX.N^C10,Iqvia,7893510693.75,dead-redo,232
2000,PCG.N,PG&E Corp,7871584280.5,base,233
2000,SLM.OQ,SLM,7861441402.75,base,234
2000,AET.N^K18,Aetna,7854167759.375,dead-redo,235
2000,EXC.OQ,Exelon Corp,7831051500.0,base,236
2000,LNC.N,LNC,7818915720.0,base,237
2000,NSC.N,Norfolk Southern Corp,7802869469.5,base,238
2000,NSM.N^I11,Natl Semiconduct,7783112745.0,dead-redo,239
2000,BR.N^D06,Burlington Res,7777394784.4093,dead-redo,240
2000,MAR.OQ,"Marriott International, Inc.",7699987500.0,base,241
2000,APD.N,"Air Products and Chemicals, Inc.",7696042752.75,base,242
2000,UNM.N,Unum Group,7695889477.875,base,243
2000,AVP.N^A20,Avon Prdcts,7693165652.5,dead-redo,244
2000,NEE.N,"NextEra Energy, Inc.",7669492685.9375,base,245
2000,TRV.N,"The Travelers Companies, Inc.",7573960625.0,base,246
2000,ED.N,"Consolidated Edison, Inc.",7494863938.5,base,247
2000,D.N,"Dominion Energy, Inc.",7489200066.25,base,248
2000,BSC.N^F08,Bear Stearns Cos,7415334651.0,dead-redo,249
2000,ADM.N,Archer-Daniels-Midland Co,7376365545.625,base,250
2000,THC.N,Tenet Healthcare,7330436921.0,base,251
2000,PTC.OQ,PTC Inc.,7311313250.0,base,252
2000,ASO.N^K06,AmSouth Bancorp,7093655743.75,dead-redo,253
2000,RIG.N,Transocea,7078400656.25,base,254
2000,CMVT.OQ^B07,Comverse Tech,7054128518.8125,dead-redo,255
2000,B.N,Barrick Mining,7046616330.16257,base,256
2000,CMA.N^B26,Comerica,7043292450.0,dead-redo,257
2000,MRO.N^K24,Marathn Oil,6949613500.0,dead-redo,258
2000,BKR.OQ,Baker Hughes Company,6933968775.0,base,259
2000,JP.N^D06,Jefferson-Pilot,6885340171.125,dead-redo,260
2000,DHR.N,Danaher Corporation,6872730000.0,base,261
2000,CSX.OQ,CSX Corporation,6853555000.0,base,262
2000,CNP.N,"CenterPoint Energy, Inc.",6724952625.0,base,263
2000,DAL.N^J05,Delta Air,6643313000.0,dead-redo,264
2000,LUMN.N,Lumen Tech,6629937960.0,base,265
2000,OXY.N,Occidental Petroleum Corp,6623953750.0,base,266
2000,AGN.N^C15,Allerg,6417926812.5,dead-redo,267
2000,MTG.N,MGIC Investment,6362272202.625,base,268
2000,L.N,Loews Corporation,6340670053.75,base,269
2000,MCK.N,McKesson Corp,6339276675.0,base,270
2000,TJX.N,"The TJX Companies, Inc.",6337277310.5625,base,271
2000,HSY.N,The Hershey Company,6257368008.375,base,272
2000,RTN.N^D20,Raytheon,6216574375.0,dead-redo,273
2000,ETR.N,Entergy Corp,6155200432.5,base,274
2000,ADPT.OQ^H10,Steel Excel,5944471292.8125,dead-redo,275
2000,DG.N^G07,Dollar General,5884795972.87499,dead-redo,276
2000,DJ.N^L07,Dow Jones & Co,5855189488.75,dead-redo,277
2000,YUM.N,"Yum! Brands, Inc.",5832375000.0,base,278
2000,PH.N,Parker-Hannifin Corp,5751451308.0625,base,279
2000,SOTR.OQ^K04,Southtrust,5729770068.75,dead-redo,280
2000,PSFT.OQ^A05,Peoplesoft,5639022000.0,dead-redo,281
2000,RF.N,Regions Financial Corporation,5543470957.5,base,282
2000,MAT.OQ,Mattel,5522702797.5,base,283
2000,ETN.N,Eaton Corporation PLC,5374250000.0,base,284
2000,PGR.N,The Progressive Corporation,5346332842.5,base,285
2000,SNV.N^A26,Synovus Fin,5340643155.0,dead-redo,286
2000,FE.N,FirstEnergy Corp,5273806704.375,base,287
2000,BEAM.N^E14,Suntory Global,5264588072.25,dead-redo,288
2000,MBI.N,MBIA,5258939095.3125,base,289
2000,JCP.N^E20,Old Copper Co,5127448547.8125,dead-redo,290
2000,JCI.N^I16,Johnson Cntrl,5100000000.0,manual-fix,291
2000,ECL.N,Ecolab Inc.,5063401000.0,base,292
2000,CINF.OQ,Cincinnati Financial Corporation,5053029937.5,base,293
2000,KMG.N^H06,Kerr-McGee,5052858745.0,dead-redo,294
2000,GDW.N^J06,Golden West,5052517051.875,dead-redo,295
2000,HBAN.OQ,Huntington Bancshares Inc,4967914228.52942,base,296
2000,PD.N^C07,Freeport-Mc,4963520973.375,dead-redo,297
2000,HES.N^G25,Hess,4941864345.0,dead-redo,298
2000,KRI.N^F06,Knight Ridder,4847339920.5,dead-redo,299
2000,WHR.N,Whirlpool,4844553750.0,base,300
2000,NUE.N,Nucor Corporation,4780252937.5,base,301
2000,PGN.N^G12,Prgres Enrgy,4767743602.0,dead-redo,302
2000,DCN.N^C06,Dana Corp,4706625000.0,dead-redo,303
2000,BBBY.OQ^E23,20230930-DK,4631241846.0,dead-redo,304
2000,HRB.N,H&R Block,4619825000.0,base,305
2000,DTE.N,DTE Energy Company,4586931745.0,base,306
2000,NSI.N^H03,Natl Serv Inds,4583140297.5,dead-redo,307
2000,AEE.N,Ameren Corporation,4493806315.0,base,308
2000,BMET.OQ^J07,Biomet,4473117903.875,dead-redo,309
2000,AZO.N,"AutoZone, Inc.",4465200945.5625,base,310
2000,GWW.N,WW Grainger Inc,4464895772.8125,base,311
2000,TROW.OQ,"T. Rowe Price Group, Inc.",4436482601.25,base,312
2000,GPC.N,Genuine Parts Co,4398650825.0,base,313
2000,BDK.N^C10,Black & Decker,4370145360.0,dead-redo,314
2000,SEE.N^D26,Sealed Air,4362869781.25,dead-redo,315
2000,SFA.N^B06,Scient Atlanta,4330691386.875,dead-redo,316
2000,AMD.OQ,"Advanced Micro Devices, Inc.",4301741102.5,base,317
2000,APA.OQ,APA Corporation,4299636292.6875,base,318
2000,N.N^K06,Inco,4238640225.70044,dead-redo,319
2000,APC.N^H19,Anadarko Petrol,4236964536.875,dead-redo,320
2000,GT.OQ,Goodyear Tire,4210132687.5,base,321
2000,UST.N^A09,UST DE,4170177250.0,dead-redo,322
2000,CEG.N^C12,Constell Energy,4159537820.0,dead-redo,323
2000,NEM.N,Newmont Corporation,4106374832.0,base,324
2000,VMC.N,Vulcan Materials Co,4023100068.75,base,325
2000,IFF.N,International Flavors & Fragrances Inc.,3954578747.875,base,326
2000,OI.N,"O-i Glass, Inc",3900683289.75,base,327
2000,BFb.N,Brown-Forman Corporation,3854011574.0625,base,328
2000,GL.N,Globe Life Inc.,3822782350.3125,base,329
2000,NOC.N,Northrop Grumman Corp,3769237500.0,base,330
2000,CIN.N^D06,Cinergy,3734699900.0,dead-redo,331
2000,BOL.N^J07,Bausch & Lomb,3733020144.375,dead-redo,332
2000,EMN.N,Eastman Chemical,3723916875.0,base,333
2000,MYG.N^D06,Whirlpool Intl,3708434832.5,dead-redo,334
2000,JWN.N^E25,Nordstrom,3659439877.5,dead-redo,335
2000,HAS.OQ,"Hasbro, Inc.",3654634689.375,base,336
2000,VFC.N,VF,3583983030.0,base,337
2000,SRE.N,Sempra,3548322500.0,base,338
2000,WIN.N^B05,Winn-Dixie,3537986716.875,dead-redo,339
2000,TIN.N^B12,Temple-Inland,3503447915.0,dead-redo,340
2000,ODP.OQ^L25,ODP Group,3479732920.625,dead-redo,341
2000,SHW.N,Sherwin-Williams Co,3478935600.0,base,342
2000,HLT.N^J07,Park Hotels,3473000000.0,dead-redo,343
2000,PDG.N^C06,Placer Dome,3469121191.28329,dead-redo,344
2000,AGN.N^E20,Allergan,3459855000.0,dead-redo,345
2000,TOY.N^G05,Toys R US,3374262337.5,dead-redo,346
2000,CMS.N,CMS Energy Corporation,3371493500.0,base,347
2000,PPL.N,PPL Corp,3287060411.24999,base,348
2000,EFX.N,Equifax Inc.,3157398562.5,base,349
2000,HET.N^A08,HARRAH S,3132815205.0,dead-redo,350
2000,SAF.N^I08,Safeco,3117768750.0,dead-redo,351
2000,CEN.N^K07,Thl/Cannae,3082703362.0625,dead-redo,352
2000,RAD.N^J23,Rite Aid,3074760488.125,dead-redo,353
2000,KSU.N^L21,KC Southern,3066891000.0,dead-redo,354
2000,SIAL.OQ^K15,Sigma Aldrich,2995285221.875,dead-redo,355
2000,AMCR.N,Amcor PLC,2951098637.24599,base,356
2000,ITT.N,ITT,2939490625.0,base,357
2000,NAV.N^B07,Navistar Intl,2932789767.75,dead-redo,358
2000,GR.N^G12,Goodrich,2884539009.9375,dead-redo,359
2000,HPC.N^K08,Hercules,2845932500.0,dead-redo,360
2000,X.N^F25,U. S. Steel,2812225000.0,dead-redo,361
2000,CFC.N^G08,Countrywide Fncl,2779611579.0,dead-redo,362
2000,CCK.N,Crown Holdings,2726659967.75,base,363
2000,SWK.N,Stanley Black & Decker Inc,2693917972.875,base,364
2000,PNW.N,Pinnacle West Capital Corporation,2592462534.375,base,365
2000,BCR.N^L17,CR Bard,2586700993.75,dead-redo,366
2000,STJ.N^A17,St Jude Med,2523890273.75,dead-redo,367
2000,SUN.N^J12,ETC Sunoco Hldg,2427038250.0,dead-redo,368
2000,TMO.N,Thermo Fisher Scientific Inc,2377396500.0,base,369
2000,WEN.N^I08,Wendys Intl,2371989375.0,dead-redo,370
2000,PLL.N^H15,Pall,2364142000.0,dead-redo,371
2000,SVU.N^J18,Supervalu,2334618687.5,dead-redo,372
2000,EC.N^F06,Engelhard,2328798500.0,dead-redo,373
2000,DRI.N,Darden Restaurants Inc,2322588086.875,base,374
2000,OMX.N^K13,OfficeMax,2279157705.0,dead-redo,375
2000,U.N^H02,US Airways Group,2136627000.0,dead-redo,376
2000,QTRN.OQ^I03,Quintiles,2122494578.125,dead-redo,377
2000,FCX.N,Freeport-McMoRan Inc,2085840292.25,base,378
2000,MDP.N^L21,Hawkeye Acqsn,2080931411.25,dead-redo,379
2000,ADSK.OQ,"Autodesk, Inc.",2079000000.0,base,380
2000,KATE.N^G17,Kate Spade & Co,2066736457.5,dead-redo,381
2000,BC.N,Brunswick Corp,2043140047.75,base,382
2000,DDS.N,Dillard's,2036719257.125,base,383
2000,ATI.N,ATI,2027636487.5,base,384
2000,GLK.N^G05,Great Lakes Chem,2026718750.0,dead-redo,385
2000,HRC.N^C03,Encompass Health,2024610000.0,dead-redo,386
2000,CMI.N,Cummins Inc,2004968750.0,base,387
2000,CAH.N,"Cardinal Health, Inc.",2004478375.0,base,388
2000,ASH.N,Ashland,2001513062.5,base,389
2000,DLX.N,Deluxe,1976046006.25,base,390
2000,RVTY.N,"Revvity, Inc.",1924812050.0625,base,391
2000,SCI.N,Service corp,1887448301.25,base,392
2000,TAP.N,Molson Coors Beverage Company,1868987347.5,base,393
2000,TEK.N^K07,Tektronix,1864632750.0,dead-redo,394
2000,CBE.N^L12,Cooper Inds,1863386233.125,dead-redo,395
2000,PTV.N^K10,Pactiv,1809977500.0,dead-redo,396
2000,BDX.N,Becton Dickinson and Co,1809742062.5,base,397
2000,TNB.N^E12,ABB Installation,1788837187.5,dead-redo,398
2000,SGI.N^K05,Graphics Prpty,1768403912.5,dead-redo,399
2000,FMC.N,FMC,1740213251.875,base,400
2000,MIL.N^G10,EMD Millipore,1725845875.0,dead-redo,401
2000,PCAR.OQ,Paccar Inc,1721895125.0,base,402
2000,BIG.N^I24,Former Bl Stores,1703940632.625,dead-redo,403
2000,RDC.N^D19,Rowan,1655634206.25,dead-redo,404
2000,AW.N^L08,Allied Waste Ind,1594780228.125,dead-redo,405
2000,HCR.N^L07,Manor Care,1592043750.0,dead-redo,406
2000,SNA.N,Snap-On Inc,1554405917.1875,base,407
2000,ANDW.OQ^A08,CommScope LLC,1525673036.25,dead-redo,408
2000,WOR.N,Worthington Entp,1489784950.0,base,409
2000,GAS.N^L11,Nicor,1481983555.5,dead-redo,410
2000,LPX.N,Louisiana-Pacifc,1476118828.125,base,411
2000,R.N,Ryder,1451466534.375,base,412
2000,AM.N^H13,Amercn Greetin,1384226610.0,dead-redo,413
2000,CTX.N^H09,Centex,1377968491.5,dead-redo,414
2000,HUM.N,Humana Inc.,1371488125.0,base,415
2000,XEL.OQ,Xcel Energy Inc,1304667000.0,base,416
2000,TKR.N,Timken,1250695089.375,base,417
2000,PCH.OQ^B26,Potlatchdeltic,1240373596.875,dead-redo,418
2000,BGG.N^G20,Briggs,1197700000.0,dead-redo,419
2000,BALL.N,Ball Corp,1174049493.75,base,420
2000,CTB.N^F21,Cooper Tire,1160836796.875,dead-redo,421
2000,KBH.N,KB Home,1153469149.3125,base,422
2000,GAP.N^L10,Great Atlantic,1083873852.0,dead-redo,423
2000,OWC.N^L02,Owens Corning,1061750000.0,dead-redo,424
2000,IKN.N^K08,Ricoh USA,1023065869.375,dead-redo,425
2000,LDG.N^J08,Longs Drug Store,979943027.4375,dead-redo,426
2000,PHM.N,"PulteGroup, Inc.",973435050.0,base,427
2000,GRA.N^I21,W R Grace,960664750.0,dead-redo,428
2000,TUP.N^I24,Tupperware,937065187.5,dead-redo,429
2000,PGL.N^B07,Peoples US IL,797264307.75,dead-redo,430
2000,BHMSQ.OB^A04,Bethlehem Steel,764696125.0,dead-redo,431
2000,OKE.N,"ONEOK, Inc.",742559902.875,base,432
2000,MZ.N^E08,MI 2009,568100000.0,dead-redo,433
2000,RML.N^H06,Russell,533227987.5,dead-redo,434
2000,MDR.N^A20,McDermott Intern,521717175.0,dead-redo,435
2000,ACV.N^K06,Alberto Culver,481180391.25,dead-redo,436
2000,RBK.N^B06,Reebok Internati,467740301.875,dead-redo,437
2000,PBY.N^B16,Pep Boys - Manny,458434680.375,dead-redo,438
2000,NC.N,NACCO Industries,453216645.0,base,439
2000,CNC.N^H02,CNO Fincl Grp,420595312.5,dead-redo,440
2000,FWC.N^K02,Foster Wheel Nl,376760732.5,dead-redo,441
2001,GE.N,General Electric Company,433510087500.0,base,1
2001,XOM.N,Exxonmobil Holdings Corp,309815381611.875,base,2
2001,PFE.N,Pfizer Inc.,291004439096.25,base,3
2001,C.N,Citigroup Inc,270232750941.5,base,4
2001,WMT.OQ,Walmart Inc,240641542610.499,base,5
2001,CSCO.OQ,Cisco Systems Inc,239755045716.875,base,6
2001,MSFT.OQ,Microsoft Corporation,231290157453.5,base,7
2001,AIG.N,"American International Group, Inc.",224319344318.75,base,8
2001,MRK.N,Merck & Co Inc,214470564114.0,base,9
2001,INTC.OQ,Intel Corp,209050625000.0,base,10
2001,T.N,AT&T Inc,170517920573.0,base,11
2001,KO.N,Coca-Cola Co,150802213624.562,base,12
2001,IBM.N,International Business Machines Corporation,148793319909.812,base,13
2001,EMC.N^I16,EMC US,148374888165.0,dead-redo,14
2001,ORCL.N,Oracle Corporation,147328596059.25,base,15
2001,JNJ.N,Johnson & Johnson,141782961060.0,base,16
2001,BMY.N,Bristol-Myers Squibb Company,139808266455.0,base,17
2001,VZ.N,Verizon Communications Inc,135629602341.0,base,18
2001,NT.N^A09,Nortel Networks,108618266920.304,dead-redo,19
2001,JAVA.OQ^B10,Oracle America,107575630734.0,dead-redo,20
2001,HD.N,"The Home Depot, Inc.",105763112781.75,base,21
2001,LLY.N,Eli Lilly and Company,103145602659.0,base,22
2001,MO.N,Altria Group Inc,102699494268.625,base,23
2001,PG.N,The Procter & Gamble Company,102040240801.5,base,24
2001,UN.N^K20,Unilever,96601593706.8263,dead-redo,25
2001,WFC.N,Wells Fargo & Co,92189831580.1875,base,26
2001,TWX.N^F18,Time Warner,87509861025.0,dead-redo,27
2001,JPM.N,JPMorgan Chase & Co,83787305228.0,base,28
2001,SHEL.N,Shell,83004321478.3926,base,29
2001,MS.N,Morgan Stanley,82842609660.0,base,30
2001,FNM.N^G10,Fannie Mae,80840375000.0,dead-redo,31
2001,BLS.N^A07,Bellsouth US,80327197351.0,dead-redo,32
2001,TXN.OQ,Texas Instruments Inc,80118187758.375,base,33
2001,WYE.N^J09,Wyeth,76876930800.0,dead-redo,34
2001,BAC.N,Bank of America Corporation,76087360313.25,base,35
2001,T.N^K05,At&T Corp,75661569577.125,dead-redo,36
2001,SGP.N^K09,Schering-Plough,74563836000.0,dead-redo,37
2001,ABT.N,Abbott Laboratories,74437969423.125,base,38
2001,PHA.N^D03,Pharmacia,73510014261.0,dead-redo,39
2001,Q.N^D11,Qwest Comms Intl,72040244512.5,dead-redo,40
2001,MDT.N,Medtronic PLC,71488081896.0,base,41
2001,PEP.OQ,"PepsiCo, Inc.",71277599406.25,base,42
2001,AXP.N,American Express Company,69158772436.0,base,43
2001,PSKY.OQ,Paramount Skydance Corp,68559217731.25,base,44
2001,AMGN.OQ,Amgen Inc,64948754756.125,base,45
2001,TWX.N^A01,Historic TW,60000000000.0,manual-est,46
2001,MER.N^A09,Merrill Lyn,59234538859.375,dead-redo,47
2001,HPQ.N,HP Inc,58459510177.75,base,48
2001,DIS.N,The Walt Disney Company,58083676589.0625,base,49
2001,ENE.N^A02,Eron Dissolution,56469159234.1318,dead-redo,50
2001,CVX.N,Chevron Corporation,55156128242.1875,base,51
2001,BA.N,Boeing Co,55083856290.0,base,52
2001,QCOM.OQ,QUALCOMM Incorporated,53044647319.125,base,53
2001,DELL.OQ^J13,Dell,52140000000.0,dead-redo,54
2001,LU.N^L06,Nokia of America,51469570035.5625,dead-redo,55
2001,DD.N^I17,EIDP,49784893179.9375,dead-redo,56
2001,MMM.N,3M Company,47011538609.6875,base,57
2001,SLB.N,SLB N.V.,46806115209.0,base,58
2001,WCOEQ.OQ^G02,MCI,45612626801.6742,dead-redo,59
2001,F.N,Ford Motor Co,44379641352.125,base,60
2001,MSI.N,Motorola Solutions Inc,44233403420.25,base,61
2001,MCD.N,McDonald's Corp,43928743831.0,base,62
2001,FRE.N^G10,Freddie Mac,43527353250.0,dead-redo,63
2001,ONE.N^G04,Bank One,42000000000.0,manual-est,64
2001,GLW.N,Corning Incorporated,41782866133.125,base,65
2001,BUD.N^K08,Anheuser-Busch,41000000000.0,manual-est,66
2001,BNY.N,Bank of New York Mellon Corp,40724396240.0,base,67
2001,WBA.OQ^H25,Walgreens Hldg,39867133088.0,dead-redo,68
2001,ADP.OQ,Automatic Data Processing Inc,39431728810.6874,base,69
2001,CMCSK.OQ^L15,Comcast,38988654520.75,dead-redo,70
2001,VIAV.OQ,Viavi Solutions,37740342832.25,base,71
2001,KMB.OQ,Kimberly-Clark Corporation,36946904782.8,base,72
2001,G.N^J05,Gillette,36602105986.5,dead-redo,73
2001,FBF.N^D04,FleetBoston Fin,36203194440.0,dead-redo,74
2001,SCHW.N,The Charles Schwab Corporation,36061572525.1875,base,75
2001,CL.N,Colgate-Palmolive Company,35764788437.5,base,76
2001,HON.OQ,Honeywell International Inc,35722646441.25,base,77
2001,VRTS.OQ^G05,Veritas Software,35296992161.875,dead-redo,78
2001,RTX.N,RTX Corporation,35244043947.0,base,79
2001,EMR.N,Emerson Electric Co,32740801813.5,base,80
2001,KRB.N^A06,MBNA,32367687500.0,dead-redo,81
2001,AMAT.OQ,Applied Materials Inc,31963934514.0,base,82
2001,MRSH.N,Marsh & McLennan Companies Inc,31205036475.9375,base,83
2001,TX.N^J01,Texaco,31000000000.0,manual-est,84
2001,GM.N^F09,Motors GUC Trust,30966373837.25,dead-redo,85
2001,CCU.N^G08,iHeartCommns,30845937710.75,dead-redo,86
2001,SEBL.OQ^B06,Siebel Systems,30640899630.625,dead-redo,87
2001,DUK.N,Duke Energy Corp,30519033209.75,base,88
2001,ALL.N,Allstate Corp,29983424353.0,base,89
2001,TGT.N,Target Corp,29782595902.5,base,90
2001,WB.N^A09,Wachovia Corp,29510672473.125,dead-redo,91
2001,WM.N^I08,WMI Holdings,29000000000.0,manual-est,92
2001,SWY.N^A15,Safeway US,28687975000.0,dead-redo,93
2001,HWM.N,Howmet Aerospace Inc.,27894995442.75,base,94
2001,EDS.N^H08,Peraton Entp,27707112931.5,dead-redo,95
2001,HI.N^C03,HSBC Fnce,27309340716.0,dead-redo,96
2001,CAH.N,"Cardinal Health, Inc.",27144275389.25,base,97
2001,FITB.N,Fifth Third Bancorp,26436460534.1788,base,98
2001,BAX.N,Baxter International Inc.,26362561535.25,base,99
2001,MET.N,"MetLife, Inc.",25995000254.0,base,100
2001,TLAB.OQ^L13,Infinera Optical,25272349449.0625,dead-redo,101
2001,MEL.N^G07,Mellon Financial,24582493680.875,dead-redo,102
2001,DOW.N^I17,Dow Chem,23872811587.5,dead-redo,103
2001,AES.N,The AES Corporation,23732642891.25,base,104
2001,FSR.N^B01,U.S. Bancorp,23455845439.0625,dead-redo,105
2001,A.N,Agilent Technologies Inc,23217639633.375,base,106
2001,SLR.N^J07,Solectron,22793674292.730003,dead-redo,107
2001,CVS.N,CVS Health Corporation,22405289725.3125,base,108
2001,USB.N,U.S. Bancorp,21911916372.1875,base,109
2001,KR.N,Kroger Co,21844002758.375,base,110
2001,EXC.OQ,Exelon Corp,21726221881.32,base,111
2001,GAP.N,Gap,21614120276.375,base,112
2001,HCA.N^K06,HCA,21257560000.0,dead-redo,113
2001,SO.N,Southern Co,20990823498.0,base,114
2001,FDC.N^I07,First Data,20813193757.6875,dead-redo,115
2001,PNC.N,"The PNC Financial Services Group, Inc.",20519000000.0,base,116
2001,AT.N^K07,Alltel,20420305159.375,dead-redo,117
2001,CI.N,The Cigna Group,20308338546.3,base,118
2001,MU.OQ,"Micron Technology, Inc.",20081232506.25,base,119
2001,KSS.N,Kohls,19653354994.5,base,120
2001,S.N^G13,Sprint Commns DE,19602355283.625,dead-redo,121
2001,STT.N,State Street Corporation,19529698288.6,base,122
2001,SYY.N,Sysco Corporation,19384904362.0,base,123
2001,PCS.N^D04,Sprint PCS,19286976937.5,dead-redo,124
2001,HSH.N^H14,Hillshire Brands,19281010638.125,dead-redo,125
2001,IP.N,International Paper Co,18984031701.8125,base,126
2001,STI.N^L19,SunTrust Banks,18957631424.0,dead-redo,127
2001,UNH.N,UnitedHealth Group Inc,18792529057.25,base,128
2001,AFL.N,Aflac Incorporated,18466843099.375,base,129
2001,COST.OQ,Costco Wholesale Corp,18456194988.0625,base,130
2001,LEH.N^I08,Lehman Bros Hldg,18156060210.75,dead-redo,131
2001,NCC.N^A09,National City,18123362873.0,dead-redo,132
2001,CGP.N^A01,El Paso CGP,18000000000.0,manual-est,133
2001,ITW.N,Illinois Tool Works Inc,17844148251.5625,base,134
2001,NTRS.OQ,Northern Trust Corporation,17756426338.875,base,135
2001,ABI.N^K08,Applied Biosyst,17591305536.0,dead-redo,136
2001,CMVT.OQ^B07,Comverse Tech,17543352741.4375,dead-redo,137
2001,AABA.OQ^J19,Altaba,17276202250.3125,dead-redo,138
2001,LOW.N,Lowe's Companies Inc,17133510678.25,base,139
2001,PVN.N^J05,Providian Finl,17080539029.5,dead-redo,140
2001,PAYX.OQ,"Paychex, Inc.",17037337869.25,base,141
2001,EP.N^E12,El Paso,17000000000.0,manual-est,142
2001,TGNA.N^C26,Tegna,16942221794.0,dead-redo,143
2001,LLTC.OQ^C17,Linear Tech,16887853125.0,dead-redo,144
2001,XLNX.OQ^B22,Xilinx,16835306250.0,dead-redo,145
2001,ADI.OQ,"Analog Devices, Inc.",16832451972.0,base,146
2001,LUV.N,Southwest Airlines Co,16791950989.24,base,147
2001,WM.N,Waste Management Inc,16784104149.0,base,148
2001,WMB.N,"The Williams Companies, Inc.",16693051459.5,base,149
2001,CCL.N,Carnival Corporation Ltd,16547793001.875,base,150
2001,NTAP.OQ,NetApp Inc,16503450233.5625,base,151
2001,GDT.N^D06,Guidant,16443885557.8125,dead-redo,152
2001,BRCM.OQ^B16,Broadcom Co,16346649220.0625,dead-redo,153
2001,HAL.N,Halliburton Company,16285997250.0,base,154
2001,APC.N^H19,Anadarko Petrol,16071537938.1999,dead-redo,155
2001,WB.N^H01,Wachovia,16000000000.0,manual-est,156
2001,CAT.N,Caterpillar Inc,15903564763.125,base,157
2001,MXIM.OQ^J07,Maxim Integrated,15898062937.1875,dead-redo,158
2001,PALM.OQ^G10,Palm,15789798628.125,dead-redo,159
2001,D.N,"Dominion Energy, Inc.",15678197961.25,base,160
2001,HNZ.N^F13,Kraft Heinz Food,15603908434.0,dead-redo,161
2001,HIG.N,"The Hartford Insurance Group, Inc.",15150448671.875,base,162
2001,ADCT.OQ^L10,CommScope (US),15000000000.0,manual-est,163
2001,GD.N,General Dynamics Corp,14955740740.0,base,164
2001,LMT.N,Lockheed Martin Corp,14688775132.9,base,165
2001,AEP.OQ,American Electric Power Company Inc,14670824697.5625,base,166
2001,CPB.OQ,Campbell's Co,14603715786.5,base,167
2001,COP.N,ConocoPhillips,14566737763.875,base,168
2001,CB.N^A16,Chubb NJ,14389465614.0,dead-redo,169
2001,TFC.N,Truist Financial Corporation,14326309047.625,base,170
2001,BKR.OQ,Baker Hughes Company,14069471828.25,base,171
2001,THC.N,Tenet Healthcare,13938541876.5625,base,172
2001,OMC.N,Omnicom Group Inc,13932418664.625,base,173
2001,CAG.N,Conagra Brands,13721985071.75,base,174
2001,IPG.N^K25,Interpublic Grp,13059519340.0,dead-redo,175
2001,GX.N^A02,Global Crossing,13000000000.0,manual-est,176
2001,TRB.N^L07,Tribune Media,12734288632.625,dead-redo,177
2001,ALTR.OQ^L15,Altera,12685686080.0,dead-redo,178
2001,CNP.N,"CenterPoint Energy, Inc.",12582140454.2499,base,179
2001,UNP.N,Union Pacific Corporation,12546515300.625,base,180
2001,GIS.N,General Mills Inc,12493800924.0,base,181
2001,NEE.N,"NextEra Energy, Inc.",12426226677.25,base,182
2001,CA.OQ^K18,CA,12373706836.5625,dead-redo,183
2001,COC.N^H02,ConocoPhlip Hldg,12230021496.0,dead-redo,184
2001,COF.N,Capital One Financial Corp,12198196826.375,base,185
2001,S.N^C05,Sears Roebuck,12034020000.0,dead-redo,186
2001,EK.N^A12,Eastman Kodak,11764612773.0,dead-redo,187
2001,AGN.N^C15,Allerg,11645168587.8125,dead-redo,188
2001,DYN.N^G12,Dynegy,11586398850.0,dead-redo,189
2001,KEY.N,KeyCorp,11550544083.75,base,190
2001,PSFT.OQ^A05,Peoplesoft,11542783968.6875,dead-redo,191
2001,HOG.N,Harley Davidson,11401804524.25,base,192
2001,BNI.N^B10,Burlington Nrth,11375300997.0625,dead-redo,193
2001,ADBE.OQ,Adobe Inc,11232265669.9946,base,194
2001,TRV.N,"The Travelers Companies, Inc.",11183788660.875,base,195
2001,SPGI.N,S&P Global Inc,11088950000.0,base,196
2001,AVP.N^A20,Avon Prdcts,11048203678.1875,dead-redo,197
2001,MEDI.OQ^F07,Medimmune LLC,11031437185.9815,dead-redo,198
2001,MAS.N,Masco Corporation,10961678812.4999,base,199
2001,FDX.N,FedEx Corp,10906998387.6,base,200
2001,CPN.N^L05,Calpine,10847718574.0,dead-redo,201
2001,MAY.N^H05,May Department,10794384893.75,dead-redo,202
2001,K.N^L25,Kellanova,10673375871.75,dead-redo,203
2001,WY.N,Weyerhaeuser Company,10668203198.0,base,204
2001,AL.N^K07,Alcan,10667902795.3211,dead-redo,205
2001,FRX.N^G14,Forest Labs,10648905165.0,dead-redo,206
2001,TXU.N^J07,Energy Future Hd,10599582083.0625,dead-redo,207
2001,WWY.N^J08,WM Wrigley,10541575521.0,dead-redo,208
2001,DE.N,Deere & Co,10515533651.25,base,209
2001,SANM.OQ,Sanmina,10458316369.8125,base,210
2001,BR.N^D06,Burlington Res,10458277906.125,dead-redo,211
2001,GDW.N^J06,Golden West,10324304115.75,dead-redo,212
2001,SLM.OQ,SLM,10305017368.125,base,213
2001,ABS.N^F06,Albertson,10206792840.5625,dead-redo,214
2001,DXC.N,DXC Tech,10019014897.5,base,215
2001,MCK.N,McKesson Corp,9977970249.52,base,216
2001,VTSS.OQ^F06,Microchip Commns,9974303937.0,dead-redo,217
2001,RIG.N,Transocea,9969499851.0625,base,218
2001,L.N,Loews Corporation,9953850625.0,base,219
2001,MAR.OQ,"Marriott International, Inc.",9869293842.625,base,220
2001,XEL.OQ,Xcel Energy Inc,9642924137.25,base,221
2001,CMA.N^B26,Comerica,9522076500.0,dead-redo,222
2001,SYK.N,Stryker Corporation,9505636821.0,base,223
2001,DHR.N,Danaher Corporation,9433692327.5,base,224
2001,JNS.N^E17,Janus US Hldg,9354320974.8125,dead-redo,225
2001,APD.N,"Air Products and Chemicals, Inc.",9272528661.0625,base,226
2001,ADM.N,Archer-Daniels-Midland Co,9260890799.23141,base,227
2001,NKE.N,"NIKE, Inc.",9225936196.0,base,228
2001,ETR.N,Entergy Corp,9168145483.25,base,229
2001,BEN.N,"Franklin Templeton, Inc.",9135690150.0,base,230
2001,OXY.N,Occidental Petroleum Corp,8934230577.375,base,231
2001,UCL.N^H05,Unocal,8898077408.375,dead-redo,232
2001,APA.OQ,APA Corporation,8746133805.0625,base,233
2001,NXTL.OQ^H05,Nextel Comms,8718330245.625,dead-redo,234
2001,BDX.N,Becton Dickinson and Co,8711108331.25,base,235
2001,LNC.N,LNC,8705108223.4375,base,236
2001,CHIR.OQ^D06,Novartis Vaccine,8632837832.8125,dead-redo,237
2001,AON.N,Aon PLC,8595178200.9375,base,238
2001,BGEN.OQ^K03,Biogen MA,8579359014.0,dead-redo,239
2001,MRO.N^K24,Marathn Oil,8479323272.75,dead-redo,240
2001,ROK.N,Rockwell Automation Inc,8416036859.3125,base,241
2001,NBR.N,Nabors Inds,8353405459.35,base,242
2001,RSH.N^B15,RS Legacy,8271792432.0,dead-redo,243
2001,PBI.N,Pitney Bowes,8225984306.25,base,244
2001,CLX.N,The Clorox Company,8136724858.25,base,245
2001,ED.N,"Consolidated Edison, Inc.",7962906077.75,base,246
2001,QLGC.OQ^H16,QLogic,7957984375.25,dead-redo,247
2001,SBUX.OQ,Starbucks Corp,7915639705.1875,base,248
2001,ROH.N^D09,Rohm Haas,7882260736.875,dead-redo,249
2001,DOV.N,Dover Corp,7844527689.0,base,250
2001,RAL.N^L01,Nestle Purina,7765635000.0,dead-redo,251
2001,CCEP.OQ,Coca-Cola UK,7677433606.5,base,252
2001,TJX.N,"The TJX Companies, Inc.",7671052526.25,base,253
2001,PPG.N,"PPG Industries, Inc.",7667711166.0,base,254
2001,SNV.N^A26,Synovus Fin,7657320420.3125,dead-redo,255
2001,MERQE.OQ^A06,Hewlett Packard,7629096947.25,dead-redo,256
2001,KG.N^C11,King Pharm,7607523845.6875,dead-redo,257
2001,PCG.N,PG&E Corp,7572552784.375,base,258
2001,DVN.N,Devon Energy Corporation,7572119000.0,base,259
2001,INTU.OQ,Intuit Inc.,7500593495.0,base,260
2001,JP.N^D06,Jefferson-Pilot,7473109397.5,dead-redo,261
2001,PGN.N^G12,Prgres Enrgy,7461190371.25,dead-redo,262
2001,RTN.N^D20,Raytheon,7442143125.0,dead-redo,263
2001,PGR.N,The Progressive Corporation,7317936542.125,base,264
2001,RX.N^C10,Iqvia,7268001939.0,dead-redo,265
2001,HOT.N^I16,Starwood Hotls,7253626011.25,dead-redo,266
2001,BMET.OQ^J07,Biomet,7102834803.0,dead-redo,267
2001,BBBY.OQ^E23,20230930-DK,7090053420.125,dead-redo,268
2001,DPH.N^J05,DPH,7067323500.0,dead-redo,269
2001,CAR.OQ,Avis Budget Grp,7016225456.625,base,270
2001,BBWI.N,Bath & Body,6997495429.5,base,271
2001,GP.N^L05,Georgia-Pacific,6938327842.875,dead-redo,272
2001,SOTR.OQ^K04,Southtrust,6937477999.15625,dead-redo,273
2001,FE.N,FirstEnergy Corp,6905012012.5,base,274
2001,HSY.N,The Hershey Company,6882072587.375,base,275
2001,MTG.N,MGIC Investment,6858874981.5,base,276
2001,M.N,Macy's,6831668525.0,base,277
2001,LIN.OQ,Linde PLC,6829850989.0,base,278
2001,MBI.N,MBIA,6792211859.0625,base,279
2001,B.N,Barrick Mining,6784717249.56416,base,280
2001,CVG.N^J18,Convergys,6728529664.125,dead-redo,281
2001,TXT.N,Textron Inc,6685609000.0,base,282
2001,SPLS.OQ^I17,Staples,6624764215.875,dead-redo,283
2001,NWL.OQ,Newell Brands,6596425000.0,base,284
2001,TER.OQ,"Teradyne, Inc.",6542768962.5,base,285
2001,TT.N,Trane Technologies PLC,6520978343.75,base,286
2001,LSI.OQ^E14,LSI,6446535441.96,dead-redo,287
2001,CINF.OQ,Cincinnati Financial Corporation,6374394500.0,base,288
2001,KLAC.OQ,KLA Corporation,6347353603.5,base,289
2001,DG.N^G07,Dollar General,6343567862.5,dead-redo,290
2001,CEG.N^C12,Constell Energy,6303515607.5,dead-redo,291
2001,PPL.N,PPL Corp,6277129334.4375,base,292
2001,AMR.N^A12,American Airline,6272442195.75,dead-redo,293
2001,DAL.N^J05,Delta Air,6271000137.0,dead-redo,294
2001,EOG.N,"EOG Resources, Inc.",6259326015.8125,base,295
2001,SFA.N^B06,Scient Atlanta,6233559223.4375,dead-redo,296
2001,NYT.N,New York Times,6229335574.0,base,297
2001,AEE.N,Ameren Corporation,6200423689.125,base,298
2001,HES.N^G25,Hess,6200215350.0,dead-redo,299
2001,KMG.N^H06,Kerr-McGee,6113607575.0,dead-redo,300
2001,UNM.N,Unum Group,6111498715.0,base,301
2001,GTW.N^J07,Gateway,6111243595.79999,dead-redo,302
2001,RF.N,Regions Financial Corporation,6009929494.625,base,303
2001,AVY.N,Avery Dennison Corp,6000727777.5,base,304
2001,NOC.N,Northrop Grumman Corp,5978458723.5,base,305
2001,ASO.N^K06,AmSouth Bancorp,5958307362.0,dead-redo,306
2001,LXK.N^K16,Lexmark Intl,5951668924.6875,dead-redo,307
2001,MOLX.OQ^L13,Molex,5914512647.5,dead-redo,308
2001,CF.N^H04,Charter One Finl,5885475631.6875,dead-redo,309
2001,AET.N^K18,Aetna,5879327866.5,dead-redo,310
2001,MAT.OQ,Mattel,5846496098.0,base,311
2001,BBY.N,"Best Buy Co., Inc.",5817252000.0,base,312
2001,CFC.N^G08,Countrywide Fncl,5779802766.0,dead-redo,313
2001,HRC.N^C03,Encompass Health,5770621420.5,dead-redo,314
2001,ABK.N^K10,Octave Specialty,5758755679.6875,dead-redo,315
2001,BSC.N^F08,Bear Stearns Cos,5756345005.5625,dead-redo,316
2001,CSX.OQ,CSX Corporation,5574052281.0,base,317
2001,BSX.N,Boston Scientific Corp,5471447467.5,base,318
2001,NVLS.OQ^F12,Novellus Systems,5463322919.6875,dead-redo,319
2001,DTE.N,DTE Energy Company,5456407329.0,base,320
2001,TSG.N^D07,Sabre Hldgs,5438343151.625,dead-redo,321
2001,TIF.N^A21,Tiffany,5415314119.875,dead-redo,322
2001,ECL.N,Ecolab Inc.,5398115400.0,base,323
2001,KSE.N^H07,Keyspan,5377295706.75,dead-redo,324
2001,NSC.N,Norfolk Southern Corp,5250850132.875,base,325
2001,KMI.N^E07,Kinder Kansas,5234228814.75,dead-redo,326
2001,TMO.N,Thermo Fisher Scientific Inc,5220235248.0,base,327
2001,SBL.N^A07,Symbol Tech,5201826585.6875,dead-redo,328
2001,CIN.N^D06,Cinergy,5146578024.875,dead-redo,329
2001,DJ.N^L07,Dow Jones & Co,5124837521.375,dead-redo,330
2001,PH.N,Parker-Hannifin Corp,5123866748.0,base,331
2001,LUMN.N,Lumen Tech,5054528695.3125,base,332
2001,STJ.N^A17,St Jude Med,5036359197.75,dead-redo,333
2001,AAPL.OQ,Apple Inc.,4996244407.87499,base,334
2001,AGN.N^E20,Allergan,4945741281.25,dead-redo,335
2001,TROW.OQ,"T. Rowe Price Group, Inc.",4902769544.75,base,336
2001,EIX.N,Edison International,4887168090.0,base,337
2001,RVTY.N,"Revvity, Inc.",4842439044.0,base,338
2001,BEAM.N^E14,Suntory Global,4776109479.37499,dead-redo,339
2001,AYE.N^B11,Allegheny Enrgy,4769468440.4375,dead-redo,340
2001,ETN.N,Eaton Corporation PLC,4702237734.75,base,341
2001,YUM.N,"Yum! Brands, Inc.",4671427511.1875,base,342
2001,VMC.N,Vulcan Materials Co,4664104323.6875,base,343
2001,GL.N,Globe Life Inc.,4639696136.25,base,344
2001,SRE.N,Sempra,4601461320.0,base,345
2001,JCI.N^I16,Johnson Cntrl,4600000000.0,manual-fix,346
2001,UIS.N,Unisys,4592709075.75,base,347
2001,GPC.N,Genuine Parts Co,4564898885.625,base,348
2001,AMD.OQ,"Advanced Micro Devices, Inc.",4505296623.125,base,349
2001,BFb.N,Brown-Forman Corporation,4488637443.75,base,350
2001,VYX.N,NCR Voyix,4484026294.5,base,351
2001,MCO.N,Moody's Corporation,4285937500.0,base,352
2001,RHI.N,Robert Half,4253447050.125,base,353
2001,CTXS.OQ^J22,Citrix Systems,4249663104.5,dead-redo,354
2001,PD.N^C07,Freeport-Mc,4212071745.5,dead-redo,355
2001,NSI.N^H03,Natl Serv Inds,4197633871.5,dead-redo,356
2001,UST.N^A09,UST DE,4184596911.0,dead-redo,357
2001,KRI.N^F06,Knight Ridder,4162467844.25,dead-redo,358
2001,CNC.N^H02,CNO Fincl Grp,4147647126.75,dead-redo,359
2001,EFX.N,Equifax Inc.,4128498304.0,base,360
2001,HLT.N^J07,Park Hotels,4124108246.625,dead-redo,361
2001,SAF.N^I08,Safeco,4092278174.4375,dead-redo,362
2001,HBAN.OQ,Huntington Bancshares Inc,4013589680.0,base,363
2001,SHW.N,Sherwin-Williams Co,4003957294.3125,base,364
2001,VFC.N,VF,3994239820.45,base,365
2001,CNXT.OQ^D11,Lakestar Semi,3988131194.5625,dead-redo,366
2001,NSM.N^I11,Natl Semiconduct,3963756296.5,dead-redo,367
2001,PNW.N,Pinnacle West Capital Corporation,3928456115.5,base,368
2001,BMC.OQ^I13,BMC Software,3836203125.0,dead-redo,369
2001,PCAR.OQ,Paccar Inc,3823284650.0,base,370
2001,HRB.N,H&R Block,3674154113.0,base,371
2001,CMS.N,CMS Energy Corporation,3671631342.0,base,372
2001,GR.N^G12,Goodrich,3659951834.375,dead-redo,373
2001,NI.N,NiSource Inc.,3656528758.5,base,374
2001,EMN.N,Eastman Chemical,3652822960.0,base,375
2001,TOY.N^G05,Toys R US,3651122334.0,dead-redo,376
2001,PTC.OQ,PTC Inc.,3638541532.5,base,377
2001,GT.OQ,Goodyear Tire,3579594208.64,base,378
2001,BVSN.OQ^C06,BroadVision,3515664971.5,dead-redo,379
2001,XRX.OQ,Xerox Hlngs,3420644688.25,base,380
2001,GWW.N,WW Grainger Inc,3388448728.125,base,381
2001,BDK.N^C10,Black & Decker,3373433408.0,dead-redo,382
2001,TEK.N^K07,Tektronix,3351953461.5,dead-redo,383
2001,PWER.OQ^G13,Fimer,3252101811.5625,dead-redo,384
2001,ITT.N,ITT,3241850690.625,base,385
2001,AZO.N,"AutoZone, Inc.",3171929421.25,base,386
2001,JCP.N^E20,Old Copper Co,3148169976.0,dead-redo,387
2001,HET.N^A08,HARRAH S,3144457151.75,dead-redo,388
2001,WHR.N,Whirlpool,3143839371.75,base,389
2001,PDG.N^C06,Placer Dome,3091656544.98731,dead-redo,390
2001,AV.N^J07,Avaya,3073999666.5,dead-redo,391
2001,SIAL.OQ^K15,Sigma Aldrich,3059741377.0,dead-redo,392
2001,NEM.N,Newmont Corporation,3017103536.125,base,393
2001,CEN.N^K07,Thl/Cannae,2995140021.5625,dead-redo,394
2001,NUE.N,Nucor Corporation,2993016886.875,base,395
2001,N.N^K06,Inco,2932555483.90068,dead-redo,396
2001,WEN.N^I08,Wendys Intl,2900955327.0,dead-redo,397
2001,MIL.N^G10,EMD Millipore,2871682520.0,dead-redo,398
2001,CPWR.OQ^L14,Compuware,2829995169.25,dead-redo,399
2001,AW.N^L08,Allied Waste Ind,2829083835.0,dead-redo,400
2001,TAP.N,Molson Coors Beverage Company,2786484143.25,base,401
2001,CC.N^K08,Circuit City,2777714842.5,dead-redo,402
2001,PLL.N^H15,Pall,2750807164.5,dead-redo,403
2001,DRI.N,Darden Restaurants Inc,2718087724.25,base,404
2001,SEE.N^D26,Sealed Air,2713696597.5,dead-redo,405
2001,SUN.N^J12,ETC Sunoco Hldg,2704690446.9375,dead-redo,406
2001,U.N^H02,US Airways Group,2681440000.0,dead-redo,407
2001,TIN.N^B12,Temple-Inland,2655326232.0,dead-redo,408
2001,JWN.N^E25,Nordstrom,2645581684.25,dead-redo,409
2001,SWK.N,Stanley Black & Decker Inc,2643311820.0,base,410
2001,WIN.N^B05,Winn-Dixie,2581743043.0,dead-redo,411
2001,FLR_w.N^L00,Fluor,2554018630.25,dead-redo,412
2001,EC.N^F06,Engelhard,2539618278.0,dead-redo,413
2001,HUM.N,Humana Inc.,2526493258.5,base,414
2001,DCN.N^C06,Dana Corp,2522842993.125,dead-redo,415
2001,FLR.N,Fluor,2517270160.75,base,416
2001,ASH.N,Ashland,2487185870.4,base,417
2001,RDC.N^D19,Rowan,2477174542.5,dead-redo,418
2001,MYG.N^D06,Whirlpool Intl,2456642624.1875,dead-redo,419
2001,APCC.OQ^B07,SE IT,2422128500.0,dead-redo,420
2001,ODP.OQ^L25,ODP Group,2420834804.375,dead-redo,421
2001,QTRN.OQ^I03,Quintiles,2341716284.375,dead-redo,422
2001,BCR.N^L17,CR Bard,2328957051.75,dead-redo,423
2001,CTX.N^H09,Centex,2299231456.8125,dead-redo,424
2001,KATE.N^G17,Kate Spade & Co,2221806338.5,dead-redo,425
2001,BOL.N^J07,Bausch & Lomb,2184141671.5625,dead-redo,426
2001,CBE.N^L12,Cooper Inds,2143694545.78125,dead-redo,427
2001,FMC.N,FMC,2102094177.0,base,428
2001,HPC.N^K08,Hercules,2068120362.0,dead-redo,429
2001,HCR.N^L07,Manor Care,2049140000.0,dead-redo,430
2001,PTV.N^K10,Pactiv,2034460158.625,dead-redo,431
2001,IFF.N,International Flavors & Fragrances Inc.,1979175141.0,base,432
2001,OMX.N^K13,OfficeMax,1963676930.25,dead-redo,433
2001,ANDW.OQ^A08,CommScope LLC,1914753499.75,dead-redo,434
2001,AMCR.N,Amcor PLC,1857182621.68345,base,435
2001,NOVL.OQ^D11,Micro Focus,1846759316.8125,dead-redo,436
2001,SVU.N^J18,Supervalu,1835953680.75,dead-redo,437
2001,GAS.N^L11,Nicor,1831776187.875,dead-redo,438
2001,GLK.N^G05,Great Lakes Chem,1823034275.125,dead-redo,439
2001,SAPE.OQ^B15,Sapient,1781840147.5,dead-redo,440
2001,HAS.OQ,"Hasbro, Inc.",1777075791.5625,base,441
2001,PHM.N,"PulteGroup, Inc.",1640340135.0,base,442
2001,NAV.N^B07,Navistar Intl,1639664049.75,dead-redo,443
2001,VC.N^C09,Visteon,1636650000.0,dead-redo,444
2001,SNA.N,Snap-On Inc,1592884236.0,base,445
2001,CMI.N,Cummins Inc,1566625000.0,base,446
2001,X.N^F25,U. S. Steel,1542327024.625,dead-redo,447
2001,PGL.N^B07,Peoples US IL,1509259164.625,dead-redo,448
2001,RBK.N^B06,Reebok Internati,1502015445.0,dead-redo,449
2001,ADSK.OQ,"Autodesk, Inc.",1448775000.0,base,450
2001,DLX.N,Deluxe,1417009559.49,base,451
2001,OKE.N,"ONEOK, Inc.",1352134377.75,base,452
2001,KBH.N,KB Home,1347699028.875,base,453
2001,BC.N,Brunswick Corp,1315893468.875,base,454
2001,MDP.N^L21,Hawkeye Acqsn,1293365277.4375,dead-redo,455
2001,BALL.N,Ball Corp,1256410277.4375,base,456
2001,BIG.N^I24,Former Bl Stores,1249508314.125,dead-redo,457
2001,ATI.N,ATI,1220600664.0,base,458
2001,TUP.N^I24,Tupperware,1153211280.0,dead-redo,459
2001,ADPT.OQ^H10,Steel Excel,1129681394.625,dead-redo,460
2001,DDS.N,Dillard's,1055015973.1875,base,461
2001,LPX.N,Louisiana-Pacifc,1002734338.375,base,462
2001,PCH.OQ^B26,Potlatchdeltic,968425283.125,dead-redo,463
2001,R.N,Ryder,968093194.6875,base,464
2001,BGG.N^G20,Briggs,963774291.375,dead-redo,465
2001,TNB.N^E12,ABB Installation,956993944.5,dead-redo,466
2001,TKR.N,Timken,892771974.5,base,467
2001,LDG.N^J08,Longs Drug Store,873766522.75,dead-redo,468
2001,CTB.N^F21,Cooper Tire,865920811.1875,dead-redo,469
2001,ACV.N^K06,Alberto Culver,795298105.875,dead-redo,470
2001,FCX.N,Freeport-McMoRan Inc,758053233.875,base,471
2001,WOR.N,Worthington Entp,699011292.1875,base,472
2001,MDR.N^A20,McDermott Intern,634770675.0,dead-redo,473
2001,AM.N^H13,Amercn Greetin,592248975.0625,dead-redo,474
2002,GE.N,General Electric Company,406526251950.0,base,1
2002,MSFT.OQ,Microsoft Corporation,361060917656.8,base,2
2002,XOM.N,Exxonmobil Holdings Corp,268986847932.0,base,3
2002,C.N,Citigroup Inc,262436938726.41,base,4
2002,WMT.OQ,Walmart Inc,258733962115.199,base,5
2002,PFE.N,Pfizer Inc.,250840201455.9,base,6
2002,INTC.OQ,Intel Corp,221496000000.0,base,7
2002,IBM.N,International Business Machines Corporation,209300994130.5,base,8
2002,AIG.N,"American International Group, Inc.",205732702586.25,base,9
2002,JNJ.N,Johnson & Johnson,178921882517.2,base,10
2002,CSCO.OQ,Cisco Systems Inc,141050353279.41,base,11
2002,MRK.N,Merck & Co Inc,135936663205.68,base,12
2002,TWX.N^F18,Time Warner,134387060503.579,dead-redo,13
2002,T.N,AT&T Inc,134126269775.4,base,14
2002,VZ.N,Verizon Communications Inc,131623865004.45,base,15
2002,HD.N,"The Home Depot, Inc.",118080766295.05,base,16
2002,KO.N,Coca-Cola Co,118047101113.34,base,17
2002,PG.N,The Procter & Gamble Company,103691249600.0,base,18
2002,MO.N,Altria Group Inc,101054624717.2,base,19
2002,BAC.N,Bank of America Corporation,99056080440.24,base,20
2002,BMY.N,Bristol-Myers Squibb Company,98387459584.65,base,21
2002,CVX.N,Chevron Corporation,95456774544.4,base,22
2002,LLY.N,Eli Lilly and Company,88250311672.0,base,23
2002,UN.N^K20,Unilever,87217228051.6925,dead-redo,24
2002,ABT.N,Abbott Laboratories,86690239290.88,base,25
2002,PEP.OQ,"PepsiCo, Inc.",85992566283.65,base,26
2002,WYE.N^J09,Wyeth,80150231840.0,dead-redo,27
2002,FNM.N^G10,Fannie Mae,79264768000.0,dead-redo,28
2002,PSKY.OQ,Paramount Skydance Corp,77991464569.0199,base,29
2002,ORCL.N,Oracle Corporation,76850541016.62,base,30
2002,DELL.OQ^J13,Dell,75681210000.0,dead-redo,31
2002,BLS.N^A07,Bellsouth US,75078757960.0,dead-redo,32
2002,WFC.N,Wells Fargo & Co,73639846944.72,base,33
2002,JPM.N,JPMorgan Chase & Co,71718305655.3,base,34
2002,SHEL.N,Shell,66824787467.831,base,35
2002,T.N^K05,At&T Corp,65948889582.48,dead-redo,36
2002,MS.N,Morgan Stanley,60643661289.52,base,37
2002,MDT.N,Medtronic PLC,60531373000.0,base,38
2002,AMGN.OQ,Amgen Inc,58966831849.2,base,39
2002,PHA.N^D03,Pharmacia,54611663390.4,dead-redo,40
2002,MER.N^A09,Merrill Lyn,52980868763.735,dead-redo,41
2002,SGP.N^K09,Schering-Plough,50701298180.0,dead-redo,42
2002,TXN.OQ,Texas Instruments Inc,49921971721.6,base,43
2002,AXP.N,American Express Company,47871820668.36,base,44
2002,ONE.N^G04,Bank One,46000000000.0,manual-est,45
2002,MMM.N,3M Company,45928870284.9,base,46
2002,FRE.N^G10,Freddie Mac,45615278880.0,dead-redo,47
2002,DD.N^I17,EIDP,45158399138.7999,dead-redo,48
2002,JAVA.OQ^B10,Oracle America,43747423165.1599,dead-redo,49
2002,DIS.N,The Walt Disney Company,43728228129.2999,base,50
2002,WB.N^A09,Wachovia Corp,43003755544.0,dead-redo,51
2002,WCOEQ.OQ^G02,MCI,42950047909.3606,dead-redo,52
2002,HPQ.N,HP Inc,42001583575.75,base,53
2002,DUK.N,Duke Energy Corp,40682418631.95,base,54
2002,USB.N,U.S. Bancorp,40090746488.85,base,55
2002,BUD.N^K08,Anheuser-Busch,40000000000.0,manual-est,56
2002,QCOM.OQ,QUALCOMM Incorporated,39788012385.2999,base,57
2002,FBF.N^D04,FleetBoston Fin,37516296764.6,dead-redo,58
2002,TGT.N,Target Corp,37014319562.0,base,59
2002,EMC.N^I16,EMC US,36756218704.8,dead-redo,60
2002,AWE.N^J04,Nw Cngulr Wrles,36589005600.0,dead-redo,61
2002,ADP.OQ,Automatic Data Processing Inc,36366546773.7,base,62
2002,FITB.N,Fifth Third Bancorp,35431251252.6,base,63
2002,G.N^J05,Gillette,35279666823.07,dead-redo,64
2002,WBA.OQ^H25,Walgreens Hldg,35161827221.31,dead-redo,65
2002,LOW.N,Lowe's Companies Inc,35130770320.49,base,66
2002,MSI.N,Motorola Solutions Inc,34587915202.2599,base,67
2002,AMAT.OQ,Applied Materials Inc,34127829716.31,base,68
2002,MCD.N,McDonald's Corp,34051364831.64,base,69
2002,CMCSK.OQ^L15,Comcast,33395562879.6799,dead-redo,70
2002,WM.N^I08,WMI Holdings,33000000000.0,manual-est,71
2002,DOW.N^I17,Dow Chem,31962922450.64,dead-redo,72
2002,CL.N,Colgate-Palmolive Company,31789810002.7199,base,73
2002,BAX.N,Baxter International Inc.,31347647711.1,base,74
2002,KMB.OQ,Kimberly-Clark Corporation,31167800993.7,base,75
2002,SLB.N,SLB N.V.,30760723019.52,base,76
2002,EDS.N^H08,Peraton Entp,30552770761.4,dead-redo,77
2002,KRB.N^A06,MBNA,30417108437.5,dead-redo,78
2002,BA.N,Boeing Co,30402742877.4,base,79
2002,HWM.N,Howmet Aerospace Inc.,30303141208.8,base,80
2002,BNY.N,Bank of New York Mellon Corp,30187666164.34,base,81
2002,RTX.N,RTX Corporation,30145817789.92,base,82
2002,CCU.N^G08,iHeartCommns,29893942145.74,dead-redo,83
2002,FDC.N^I07,First Data,29738172881.0,dead-redo,84
2002,MRSH.N,Marsh & McLennan Companies Inc,29307266148.66,base,85
2002,CAH.N,"Cardinal Health, Inc.",28883967020.56,base,86
2002,F.N,Ford Motor Co,28223194778.5799,base,87
2002,GM.N^F09,Motors GUC Trust,27414129160.95,dead-redo,88
2002,HON.OQ,Honeywell International Inc,27219880465.3999,base,89
2002,NT.N^A09,Nortel Networks,26701226813.5444,dead-redo,90
2002,HI.N^C03,HSBC Fnce,26112553463.5,dead-redo,91
2002,Q.N^D11,Qwest Comms Intl,24308207585.0,dead-redo,92
2002,PCS.N^D04,Sprint PCS,23991791960.0,dead-redo,93
2002,EMR.N,Emerson Electric Co,23950652532.2,base,94
2002,LU.N^L06,Nokia of America,23697395900.64,dead-redo,95
2002,ALL.N,Allstate Corp,23665330450.75,base,96
2002,KSS.N,Kohls,23523893934.03,base,97
2002,EP.N^E12,El Paso,23000000000.0,manual-est,98
2002,COP.N,ConocoPhillips,22922547167.16,base,99
2002,MET.N,"MetLife, Inc.",22489734023.91,base,100
2002,UNH.N,UnitedHealth Group Inc,21955652173.7,base,101
2002,SCHW.N,The Charles Schwab Corporation,21265134201.64,base,102
2002,ITW.N,Illinois Tool Works Inc,20638902013.14,base,103
2002,LMT.N,Lockheed Martin Corp,20369571648.32,base,104
2002,CA.OQ^K18,CA,20286278622.96,dead-redo,105
2002,COST.OQ,Costco Wholesale Corp,20110111049.7,base,106
2002,SWY.N^A15,Safeway US,19940487000.0,dead-redo,107
2002,MU.OQ,"Micron Technology, Inc.",19919973729.12,base,108
2002,WM.N,Waste Management Inc,19568575747.32,base,109
2002,AT.N^K07,Alltel,19400739625.0,dead-redo,110
2002,IP.N,International Paper Co,19350698617.25,base,111
2002,THC.N,Tenet Healthcare,19332188271.0,base,112
2002,VRTS.OQ^G05,Veritas Software,19197956572.67,dead-redo,113
2002,MXIM.OQ^J07,Maxim Integrated,19099501570.76,dead-redo,114
2002,CAR.OQ,Avis Budget Grp,18942784502.5,base,115
2002,HCA.N^K06,HCA,18842090616.0,dead-redo,116
2002,GIS.N,General Mills Inc,18611007746.1,base,117
2002,TGNA.N^C26,Tegna,18235046980.8,dead-redo,118
2002,STI.N^L19,SunTrust Banks,17993174001.6,dead-redo,119
2002,MEL.N^G07,Mellon Financial,17964820454.3999,dead-redo,120
2002,CAT.N,Caterpillar Inc,17735393332.6,base,121
2002,SO.N,Southern Co,17725851592.5,base,122
2002,S.N^G13,Sprint Commns DE,17705658120.47,dead-redo,123
2002,SYY.N,Sysco Corporation,17689474611.96,base,124
2002,COC.N^H02,ConocoPhlip Hldg,17688539276.24,dead-redo,125
2002,NCC.N^A09,National City,17637581330.16,dead-redo,126
2002,HSH.N^H14,Hillshire Brands,17247209439.96,dead-redo,127
2002,STT.N,State Street Corporation,16954841071.71,base,128
2002,OMC.N,Omnicom Group Inc,16746820680.07,base,129
2002,ADI.OQ,"Analog Devices, Inc.",16525875181.85,base,130
2002,KR.N,Kroger Co,16424591518.8,base,131
2002,HOG.N,Harley Davidson,16414193778.68,base,132
2002,TFC.N,Truist Financial Corporation,16228555470.0,base,133
2002,CCL.N,Carnival Corporation Ltd,16207441429.55,base,134
2002,GD.N,General Dynamics Corp,16144847373.69,base,135
2002,PNC.N,"The PNC Financial Services Group, Inc.",16086159602.52,base,136
2002,D.N,"Dominion Energy, Inc.",15978910176.0,base,137
2002,LEH.N^I08,Lehman Bros Hldg,15837809781.6999,dead-redo,138
2002,EXC.OQ,Exelon Corp,15556485165.5999,base,139
2002,S.N^C05,Sears Roebuck,15336247450.7799,dead-redo,140
2002,HIG.N,"The Hartford Insurance Group, Inc.",15323333437.5,base,141
2002,BBY.N,"Best Buy Co., Inc.",15240240000.0,base,142
2002,XLNX.OQ^B22,Xilinx,15231602107.2,dead-redo,143
2002,FDX.N,FedEx Corp,15185573646.1,base,144
2002,GDT.N^D06,Guidant,14736608552.64,dead-redo,145
2002,SEBL.OQ^B06,Siebel Systems,14587551356.45,dead-redo,146
2002,HNZ.N^F13,Kraft Heinz Food,14257368488.7499,dead-redo,147
2002,AEP.OQ,American Electric Power Company Inc,14162228469.75,base,148
2002,FRX.N^G14,Forest Labs,14138982620.35,dead-redo,149
2002,UNP.N,Union Pacific Corporation,14059769355.4,base,150
2002,LUV.N,Southwest Airlines Co,13993620572.5,base,151
2002,A.N,Agilent Technologies Inc,13563083430.0,base,152
2002,LLTC.OQ^C17,Linear Tech,13501913343.4,dead-redo,153
2002,SLM.OQ,SLM,13500495589.62,base,154
2002,APC.N^H19,Anadarko Petrol,13345886282.25,dead-redo,155
2002,CI.N,The Cigna Group,13321602273.11,base,156
2002,NTRS.OQ,Northern Trust Corporation,13231382448.48,base,157
2002,PAYX.OQ,"Paychex, Inc.",12966017113.4,base,158
2002,CAG.N,Conagra Brands,12811926001.05,base,159
2002,ABS.N^F06,Albertson,12794637786.3599,dead-redo,160
2002,EOP.N^B07,Equity Office,12616432755.15,dead-redo,161
2002,WMB.N,"The Williams Companies, Inc.",12595683314.48,base,162
2002,BRCM.OQ^B16,Broadcom Co,12512585342.7,dead-redo,163
2002,AFL.N,Aflac Incorporated,12417242217.48,base,164
2002,JHF.N^D04,John Hancock Fin,12415895764.11,dead-redo,165
2002,PSFT.OQ^A05,Peoplesoft,12414843421.69,dead-redo,166
2002,TXU.N^J07,Energy Future Hd,12242816434.71,dead-redo,167
2002,CPB.OQ,Campbell's Co,12228449415.45,base,168
2002,GAP.N,Gap,12194355968.1,base,169
2002,K.N^L25,Kellanova,12190225196.68,dead-redo,170
2002,VIAV.OQ,Viavi Solutions,12121866680.33,base,171
2002,BKR.OQ,Baker Hughes Company,11943701985.04,base,172
2002,TRB.N^L07,Tribune Media,11697843289.08,dead-redo,173
2002,CB.N^A16,Chubb NJ,11696900267.75,dead-redo,174
2002,AL.N^K07,Alcan,11676624137.3724,dead-redo,175
2002,WWY.N^J08,WM Wrigley,11628541900.65,dead-redo,176
2002,WY.N,Weyerhaeuser Company,11604093051.9999,base,177
2002,CVS.N,CVS Health Corporation,11567208738.4,base,178
2002,GENZ.OQ^D11,Genzyme,11519738149.79,dead-redo,179
2002,RTN.N^D20,Raytheon,11516326220.0,dead-redo,180
2002,SPGI.N,S&P Global Inc,11501350000.0,base,181
2002,BNI.N^B10,Burlington Nrth,11441710379.77,dead-redo,182
2002,COF.N,Capital One Financial Corp,11413985713.2799,base,183
2002,XL.N^I18,XL Grp,11344616556.0,dead-redo,184
2002,MAS.N,Masco Corporation,11243515500.0,base,185
2002,SYK.N,Stryker Corporation,11233780057.38,base,186
2002,IPG.N^K25,Interpublic Grp,11045922585.75,dead-redo,187
2002,AABA.OQ^J19,Altaba,10896677560.0,dead-redo,188
2002,PGR.N,The Progressive Corporation,10850159153.33,base,189
2002,AVP.N^A20,Avon Prdcts,10819550221.8,dead-redo,190
2002,TJX.N,"The TJX Companies, Inc.",10808628855.39,base,191
2002,MCK.N,McKesson Corp,10715606189.07,base,192
2002,APD.N,"Air Products and Chemicals, Inc.",10678415980.0,base,193
2002,L.N,Loews Corporation,10572345093.0,base,194
2002,MAY.N^H05,May Department,10549234721.22,dead-redo,195
2002,SANM.OQ,Sanmina,10548291318.75,base,196
2002,FE.N,FirstEnergy Corp,10453292400.0,base,197
2002,KEY.N,KeyCorp,10374979230.0,base,198
2002,RIG.N,Transocea,10355587994.52,base,199
2002,DE.N,Deere & Co,10302350156.0,base,200
2002,CMA.N^B26,Comerica,10150674000.0,dead-redo,201
2002,MEDI.OQ^F07,Medimmune LLC,10096468074.39,dead-redo,202
2002,KG.N^C11,King Pharm,10021802287.1999,dead-redo,203
2002,NEE.N,"NextEra Energy, Inc.",10015945538.15,base,204
2002,PGN.N^G12,Prgres Enrgy,9930763039.6,dead-redo,205
2002,OXY.N,Occidental Petroleum Corp,9816774521.84,base,206
2002,BBBY.OQ^E23,20230930-DK,9781594158.4,dead-redo,207
2002,XEL.OQ,Xcel Energy Inc,9747376362.36,base,208
2002,NVDA.OQ,NVIDIA Corporation,9729818624.4,base,209
2002,KLAC.OQ,KLA Corporation,9692192695.6,base,210
2002,NKE.N,"NIKE, Inc.",9642503855.4,base,211
2002,MAR.OQ,"Marriott International, Inc.",9639239919.99999,base,212
2002,ALTR.OQ^L15,Altera,9583263969.6,dead-redo,213
2002,NOC.N,Northrop Grumman Corp,9566237340.02,base,214
2002,AON.N,Aon PLC,9557228421.0,base,215
2002,ADM.N,Archer-Daniels-Midland Co,9370655730.67,base,216
2002,PBI.N,Pitney Bowes,9336960520.02,base,217
2002,AGN.N^C15,Allerg,9278484045.82,dead-redo,218
2002,CLX.N,The Clorox Company,9196412752.0,base,219
2002,BEN.N,"Franklin Templeton, Inc.",9195051775.85999,base,220
2002,BSX.N,Boston Scientific Corp,9176011503.75,base,221
2002,HSY.N,The Hershey Company,9174413199.6,base,222
2002,LNC.N,LNC,9150443838.9,base,223
2002,GDW.N^J06,Golden West,9148220515.48,dead-redo,224
2002,SLR.N^J07,Solectron,9119066713.73,dead-redo,225
2002,MRO.N^K24,Marathn Oil,9060714878.8,dead-redo,226
2002,TRV.N,"The Travelers Companies, Inc.",9047039207.58,base,227
2002,AES.N,The AES Corporation,8949968802.27999,base,228
2002,LIN.OQ,Linde PLC,8824226391.76,base,229
2002,INTU.OQ,Intuit Inc.,8809133865.98,base,230
2002,ETR.N,Entergy Corp,8797368637.4,base,231
2002,GLW.N,Corning Incorporated,8682031946.52,base,232
2002,ED.N,"Consolidated Edison, Inc.",8655022576.32,base,233
2002,PPG.N,"PPG Industries, Inc.",8647669174.56,base,234
2002,CCEP.OQ,Coca-Cola UK,8619052963.5,base,235
2002,DHR.N,Danaher Corporation,8618210649.9,base,236
2002,BDX.N,Becton Dickinson and Co,8612093172.16,base,237
2002,UCL.N^H05,Unocal,8588500729.6,dead-redo,238
2002,EK.N^A12,Eastman Kodak,8544605318.37,dead-redo,239
2002,NXTL.OQ^H05,Nextel Comms,8503720107.0,dead-redo,240
2002,DXC.N,DXC Tech,8385184622.51999,base,241
2002,SPLS.OQ^I17,Staples,8382952207.76,dead-redo,242
2002,CHIR.OQ^D06,Novartis Vaccine,8352723190.28,dead-redo,243
2002,BGEN.OQ^K03,Biogen MA,8341690002.0,dead-redo,244
2002,SOTR.OQ^K04,Southtrust,8272413413.58,dead-redo,245
2002,CTAS.OQ,Cintas Corporation,8250677803.8,base,246
2002,DYN.N^G12,Dynegy,8239456629.44,dead-redo,247
2002,BMET.OQ^J07,Biomet,8138723188.2,dead-redo,248
2002,AAPL.OQ,Apple Inc.,8062475140.8,base,249
2002,FISV.OQ,Fiserv Inc,8027249510.0,base,250
2002,CNP.N,"CenterPoint Energy, Inc.",7990419142.4,base,251
2002,MBI.N,MBIA,7984635916.59999,base,252
2002,HRB.N,H&R Block,7982135955.88999,base,253
2002,ROH.N^D09,Rohm Haas,7960299517.79999,dead-redo,254
2002,LXK.N^K16,Lexmark Intl,7951558829.01,dead-redo,255
2002,NTAP.OQ,NetApp Inc,7874294561.72,base,256
2002,DPH.N^J05,DPH,7848878340.0,dead-redo,257
2002,VMRK.N,Vivmark Residential,7785503277.5,base,258
2002,M.N,Macy's,7755214034.96,base,259
2002,ABI.N^K08,Applied Biosyst,7642222628.64,dead-redo,260
2002,CSX.OQ,CSX Corporation,7575788604.01999,base,261
2002,ADBE.OQ,Adobe Inc,7552179843.51999,base,262
2002,PCG.N,PG&E Corp,7546600000.0,base,263
2002,XRX.OQ,Xerox Hlngs,7502275178.82,base,264
2002,DOV.N,Dover Corp,7501638875.0,base,265
2002,AZO.N,"AutoZone, Inc.",7474790820.0,base,266
2002,SBUX.OQ,Starbucks Corp,7418865147.18,base,267
2002,JCI.N^I16,Johnson Cntrl,7400000000.0,manual-fix,268
2002,SNV.N^A26,Synovus Fin,7305683590.91999,dead-redo,269
2002,NWL.OQ,Newell Brands,7282776817.0,base,270
2002,MAT.OQ,Mattel,7251377313.6,base,271
2002,BR.N^D06,Burlington Res,7191485438.22,dead-redo,272
2002,NSC.N,Norfolk Southern Corp,7163115256.59999,base,273
2002,TT.N,Trane Technologies PLC,7068973080.32,base,274
2002,YUM.N,"Yum! Brands, Inc.",6999320912.29,base,275
2002,ASO.N^K06,AmSouth Bancorp,6923999000.0,dead-redo,276
2002,JP.N^D06,Jefferson-Pilot,6919264806.93,dead-redo,277
2002,DTE.N,DTE Energy Company,6891584687.83,base,278
2002,TLAB.OQ^L13,Infinera Optical,6879541839.7,dead-redo,279
2002,JCP.N^E20,Old Copper Co,6859118890.0,dead-redo,280
2002,RF.N,Regions Financial Corporation,6818256393.38,base,281
2002,APA.OQ,APA Corporation,6779114049.3,base,282
2002,BBWI.N,Bath & Body,6655753288.16,base,283
2002,MTG.N,MGIC Investment,6628376921.76,base,284
2002,NYT.N,New York Times,6558047761.86,base,285
2002,NVLS.OQ^F12,Novellus Systems,6550993832.46,dead-redo,286
2002,COR.N,"Cencora, Inc.",6531865938.15,base,287
2002,PBG.N^C10,Pepsi Bottling,6529321742.0,dead-redo,288
2002,STJ.N^A17,St Jude Med,6467279696.48,dead-redo,289
2002,CVG.N^J18,Convergys,6454447127.04,dead-redo,290
2002,UNM.N,Unum Group,6414423315.0,base,291
2002,B.N,Barrick Mining,6378815235.20941,base,292
2002,GP.N^L05,Georgia-Pacific,6261228712.25,dead-redo,293
2002,LSI.OQ^E14,LSI,6258577315.08,dead-redo,294
2002,GPC.N,Genuine Parts Co,6251240785.14,base,295
2002,AVY.N,Avery Dennison Corp,6245107291.73,base,296
2002,MCO.N,Moody's Corporation,6236879999.99999,base,297
2002,KMI.N^E07,Kinder Kansas,6155227857.18,dead-redo,298
2002,CINF.OQ,Cincinnati Financial Corporation,6115412220.0,base,299
2002,CF.N^H04,Charter One Finl,6113432026.8896,dead-redo,300
2002,ABK.N^K10,Octave Specialty,6110367532.2,dead-redo,301
2002,JNS.N^E17,Janus US Hldg,6108834352.8,dead-redo,302
2002,NSM.N^I11,Natl Semiconduct,6084831223.44,dead-redo,303
2002,TXT.N,Textron Inc,6004665030.0,base,304
2002,MOLX.OQ^L13,Molex,5968105650.46,dead-redo,305
2002,HOT.N^I16,Starwood Hotls,5958170982.44,dead-redo,306
2002,AEE.N,Ameren Corporation,5883376410.0,base,307
2002,BEAM.N^E14,Suntory Global,5861820230.55,dead-redo,308
2002,ZBH.N,"Zimmer Biomet Holdings, Inc.",5859541360.0,base,309
2002,HRC.N^C03,Encompass Health,5825649045.15,dead-redo,310
2002,UST.N^A09,UST DE,5787802829.44,dead-redo,311
2002,RX.N^C10,Iqvia,5752140754.46999,dead-redo,312
2002,UVN.N^C07,Univision Comm,5657333364.27,dead-redo,313
2002,BSC.N^F08,Bear Stearns Cos,5610172674.4,dead-redo,314
2002,AMD.OQ,"Advanced Micro Devices, Inc.",5569768381.65,base,315
2002,CC.N^K08,Circuit City,5552002726.2,dead-redo,316
2002,TSG.N^D07,Sabre Hldgs,5471422097.24,dead-redo,317
2002,KRI.N^F06,Knight Ridder,5449046126.4,dead-redo,318
2002,HES.N^G25,Hess,5439569595.15,dead-redo,319
2002,ODP.OQ^L25,ODP Group,5427344643.76,dead-redo,320
2002,PH.N,Parker-Hannifin Corp,5423299969.76999,base,321
2002,TER.OQ,"Teradyne, Inc.",5410350047.25,base,322
2002,RSH.N^B15,RS Legacy,5377199580.0,dead-redo,323
2002,MIR.N^G03,GenOn Energ,5364690219.0,dead-redo,324
2002,CIN.N^D06,Cinergy,5352531313.12,dead-redo,325
2002,KMG.N^H06,Kerr-McGee,5346945499.5,dead-redo,326
2002,HAL.N,Halliburton Company,5268262549.76999,base,327
2002,ETN.N,Eaton Corporation PLC,5162157000.0,base,328
2002,SRE.N,Sempra,5132244127.36,base,329
2002,ECL.N,Ecolab Inc.,5130323818.91,base,330
2002,DG.N^G07,Dollar General,5121690173.6,dead-redo,331
2002,CIEN.N,Ciena,5113867095.76,base,332
2002,PPL.N,PPL Corp,5057876804.92,base,333
2002,EIX.N,Edison International,5033783132.7,base,334
2002,FDO.N^G15,Family Dlr,5023904837.16,dead-redo,335
2002,PCAR.OQ,Paccar Inc,5015058070.59999,base,336
2002,MWW.N^K16,Monster Wrldwd,4895978337.18,dead-redo,337
2002,WHR.N,Whirlpool,4878502335.9,base,338
2002,IGT.N^D15,IGT,4868737332.67999,dead-redo,339
2002,NI.N,NiSource Inc.,4861725670.46,base,340
2002,CPN.N^L05,Calpine,4854550046.7,dead-redo,341
2002,QLGC.OQ^H16,QLogic,4842999124.51,dead-redo,342
2002,KSE.N^H07,Keyspan,4831827907.68,dead-redo,343
2002,VMC.N,Vulcan Materials Co,4817661349.76,base,344
2002,GL.N,Globe Life Inc.,4816761205.86,base,345
2002,DVN.N,Devon Energy Corporation,4813734800.0,base,346
2002,ZION.OQ,Zions Bancorp,4732208956.88,base,347
2002,ADCT.OQ^L10,CommScope (US),4700000000.0,manual-est,348
2002,TIF.N^A21,Tiffany,4683072203.52,dead-redo,349
2002,DJ.N^L07,Dow Jones & Co,4669239232.17999,dead-redo,350
2002,CMVT.OQ^B07,Comverse Tech,4653377900.0,dead-redo,351
2002,NBR.N,Nabors Inds,4652995587.03,base,352
2002,RHI.N,Robert Half,4647636329.5,base,353
2002,JBL.N,Jabil Inc.,4640787415.0,base,354
2002,LUMN.N,Lumen Tech,4624498184.4,base,355
2002,CFC.N^G08,Countrywide Fncl,4573977247.76,dead-redo,356
2002,CPWR.OQ^L14,Compuware,4559105419.3,dead-redo,357
2002,CEG.N^C12,Constell Energy,4501968625.0,dead-redo,358
2002,ITT.N,ITT,4477270619.65,base,359
2002,GWW.N,WW Grainger Inc,4472440284.06,base,360
2002,AYE.N^B11,Allegheny Enrgy,4438003631.88,dead-redo,361
2002,HMA.N^A14,Health Mgmt,4425922012.16,dead-redo,362
2002,BMC.OQ^I13,BMC Software,4420400100.0,dead-redo,363
2002,CTXS.OQ^J22,Citrix Systems,4409490511.25999,dead-redo,364
2002,AET.N^K18,Aetna,4408784967.6,dead-redo,365
2002,EOG.N,"EOG Resources, Inc.",4398765524.66,base,366
2002,VFC.N,VF,4366672923.45,base,367
2002,HBAN.OQ,Huntington Bancshares Inc,4333082889.75,base,368
2002,NE.N^H20,Noble Corp,4323943915.2,dead-redo,369
2002,CE.N^B04,Concord EFS,4312307680.0,dead-redo,370
2002,BFb.N,Brown-Forman Corporation,4311996683.4,base,371
2002,TROW.OQ,"T. Rowe Price Group, Inc.",4261758354.16,base,372
2002,SHW.N,Sherwin-Williams Co,4235491159.2,base,373
2002,HET.N^A08,HARRAH S,4205822472.72,dead-redo,374
2002,TMO.N,Thermo Fisher Scientific Inc,4178081074.0,base,375
2002,PMCS.OQ^A16,Microchip Strg,4126987550.0,dead-redo,376
2002,HLT.N^J07,Park Hotels,4125085736.08,dead-redo,377
2002,SFA.N^B06,Scient Atlanta,4111563046.56,dead-redo,378
2002,DRI.N,Darden Restaurants Inc,4093711154.52,base,379
2002,UIS.N,Unisys,4076679444.24,base,380
2002,CNXT.OQ^D11,Lakestar Semi,4066836148.2,dead-redo,381
2002,NUE.N,Nucor Corporation,4014465580.06,base,382
2002,JNY.N^D14,Jones Group,3994946011.1,dead-redo,383
2002,SAF.N^I08,Safeco,3923963817.93,dead-redo,384
2002,SWK.N,Stanley Black & Decker Inc,3922833577.56,base,385
2002,GT.OQ,Goodyear Tire,3905500210.92,base,386
2002,AMCC.OQ^A17,App Micro Crts,3905152043.87,dead-redo,387
2002,TOY.N^G05,Toys R US,3900827316.89999,dead-redo,388
2002,SBL.N^A07,Symbol Tech,3843515743.2,dead-redo,389
2002,DAL.N^J05,Delta Air,3814404492.65,dead-redo,390
2002,PDG.N^C06,Placer Dome,3771183923.70282,dead-redo,391
2002,NEM.N,Newmont Corporation,3742307768.2,base,392
2002,VYX.N,NCR Voyix,3715718870.25,base,393
2002,COL.N^K18,Rockwell Collins,3672703300.0,dead-redo,394
2002,AMR.N^A12,American Airline,3651944976.72,dead-redo,395
2002,EC.N^F06,Engelhard,3639493411.35999,dead-redo,396
2002,PNW.N,Pinnacle West Capital Corporation,3591399901.77,base,397
2002,TE.N^G16,Teco Energy,3563476547.27999,dead-redo,398
2002,RVTY.N,"Revvity, Inc.",3557401249.16,base,399
2002,EFX.N,Equifax Inc.,3521964610.45,base,400
2002,SEE.N^D26,Sealed Air,3519790255.68,dead-redo,401
2002,AV.N^J07,Avaya,3503931255.29999,dead-redo,402
2002,CTX.N^H09,Centex,3384411762.4,dead-redo,403
2002,ROK.N,Rockwell Automation Inc,3295417813.6,base,404
2002,AGN.N^E20,Allergan,3293055240.0,dead-redo,405
2002,CMS.N,CMS Energy Corporation,3228760397.16,base,406
2002,ASH.N,Ashland,3133102044.74,base,407
2002,N.N^K06,Inco,3115380509.05676,dead-redo,408
2002,WEN.N^I08,Wendys Intl,3110001020.0,dead-redo,409
2002,FTR.OQ^D20,Frontier Comm,3089102170.77,dead-redo,410
2002,BCR.N^L17,CR Bard,3051475430.01,dead-redo,411
2002,EMN.N,Eastman Chemical,3008378646.0,base,412
2002,BDK.N^C10,Black & Decker,2998472160.77999,dead-redo,413
2002,SIAL.OQ^K15,Sigma Aldrich,2997469292.58,dead-redo,414
2002,GTW.N^J07,Gateway,2977213454.29,dead-redo,415
2002,APCC.OQ^B07,SE IT,2972071200.0,dead-redo,416
2002,FLR.N,Fluor,2956022542.79999,base,417
2002,SUN.N^J12,ETC Sunoco Hldg,2953794576.5,dead-redo,418
2002,PLL.N^H15,Pall,2947293795.52,dead-redo,419
2002,SVU.N^J18,Supervalu,2943262079.04,dead-redo,420
2002,MERQE.OQ^A06,Hewlett Packard,2896849497.2,dead-redo,421
2002,IFF.N,International Flavors & Fragrances Inc.,2829892510.2,base,422
2002,PTV.N^K10,Pactiv,2827687907.75,dead-redo,423
2002,TIN.N^B12,Temple-Inland,2810915964.16,dead-redo,424
2002,VTSS.OQ^F06,Microchip Commns,2799116096.0,dead-redo,425
2002,HAS.OQ,"Hasbro, Inc.",2798580358.79999,base,426
2002,MIL.N^G10,EMD Millipore,2783407202.4,dead-redo,427
2002,JWN.N^E25,Nordstrom,2770147437.29999,dead-redo,428
2002,DLX.N,Deluxe,2730572032.5,base,429
2002,GR.N^G12,Goodrich,2701376583.5,dead-redo,430
2002,AW.N^L08,Allied Waste Ind,2698442091.2,dead-redo,431
2002,KATE.N^G17,Kate Spade & Co,2688344172.5,dead-redo,432
2002,PHM.N,"PulteGroup, Inc.",2606849432.32,base,433
2002,PD.N^C07,Freeport-Mc,2532557440.12,dead-redo,434
2002,PALM.OQ^G10,Palm,2523713053.96,dead-redo,435
2002,AMCR.N,Amcor PLC,2403296735.1142,base,436
2002,MYG.N^D06,Whirlpool Intl,2392648100.16,dead-redo,437
2002,TEK.N^K07,Tektronix,2359388535.54,dead-redo,438
2002,HCR.N^L07,Manor Care,2352439045.5,dead-redo,439
2002,NAV.N^B07,Navistar Intl,2334116918.39999,dead-redo,440
2002,DCN.N^C06,Dana Corp,2155097750.0,dead-redo,441
2002,ADSK.OQ,"Autodesk, Inc.",2035820000.0,base,442
2002,PTC.OQ,PTC Inc.,2030513840.08,base,443
2002,BOL.N^J07,Bausch & Lomb,2019750092.13,dead-redo,444
2002,VC.N^C09,Visteon,1999052100.0,dead-redo,445
2002,ANDW.OQ^A08,CommScope LLC,1995207139.1,dead-redo,446
2002,KBH.N,KB Home,1992215199.48,base,447
2002,OMX.N^K13,OfficeMax,1983529795.12,dead-redo,448
2002,WIN.N^B05,Winn-Dixie,1980445861.51,dead-redo,449
2002,SNA.N,Snap-On Inc,1942332423.65,base,450
2002,HUM.N,Humana Inc.,1940011256.5,base,451
2002,BALL.N,Ball Corp,1931893945.5,base,452
2002,BC.N,Brunswick Corp,1914349770.4,base,453
2002,GAS.N^L11,Nicor,1857570799.52,dead-redo,454
2002,TAP.N,Molson Coors Beverage Company,1846193544.0,base,455
2002,QTRN.OQ^I03,Quintiles,1815711602.1,dead-redo,456
2002,NOVL.OQ^D11,Micro Focus,1810902140.0,dead-redo,457
2002,MDP.N^L21,Hawkeye Acqsn,1776367506.88,dead-redo,458
2002,RDC.N^D19,Rowan,1692930042.3,dead-redo,459
2002,X.N^F25,U. S. Steel,1609949819.73,dead-redo,460
2002,CMI.N,Cummins Inc,1609461000.0,base,461
2002,CBE.N^L12,Cooper Inds,1599390849.825,dead-redo,462
2002,RBK.N^B06,Reebok Internati,1592710728.96,dead-redo,463
2002,CNC.N^H02,CNO Fincl Grp,1465111221.0,dead-redo,464
2002,R.N,Ryder,1346207497.95,base,465
2002,PGL.N^B07,Peoples US IL,1332833520.0,dead-redo,466
2002,ATI.N,ATI,1312028443.8,base,467
2002,DDS.N,Dillard's,1270414716.36,base,468
2002,TNB.N^E12,ABB Installation,1259485116.84,dead-redo,469
2002,GLK.N^G05,Great Lakes Chem,1227064448.25,dead-redo,470
2002,BIG.N^I24,Former Bl Stores,1213425222.85,dead-redo,471
2002,WOR.N,Worthington Entp,1195603150.0,base,472
2002,CTB.N^F21,Cooper Tire,1188757648.26,dead-redo,473
2002,FCX.N,Freeport-McMoRan Inc,1175467234.72,base,474
2002,TUP.N^I24,Tupperware,1117028325.51,dead-redo,475
2002,HPC.N^K08,Hercules,1101295208.65,dead-redo,476
2002,FMC.N,FMC,1032394802.9,base,477
2002,PVN.N^J05,Providian Finl,977699569.04,dead-redo,478
2002,ACV.N^K06,Alberto Culver,967742339.199999,dead-redo,479
2002,LPX.N,Louisiana-Pacifc,901465454.77,base,480
2002,PWER.OQ^G13,Fimer,883905260.31,dead-redo,481
2002,SAPE.OQ^B15,Sapient,877602639.9,dead-redo,482
2002,AM.N^H13,Amercn Greetin,831296782.94,dead-redo,483
2002,MDR.N^A20,McDermott Intern,756233592.26,dead-redo,484
2002,U.N^H02,US Airways Group,452356640.0,dead-redo,485
2003,MSFT.OQ,Microsoft Corporation,287439209211.72,base,1
2003,GE.N,General Electric Company,253553034280.0,base,2
2003,XOM.N,Exxonmobil Holdings Corp,238674015252.3,base,3
2003,WMT.OQ,Walmart Inc,227760509530.8,base,4
2003,PFE.N,Pfizer Inc.,194293021271.82,base,5
2003,C.N,Citigroup Inc,186863754350.0,base,6
2003,JNJ.N,Johnson & Johnson,164362271905.15,base,7
2003,AIG.N,"American International Group, Inc.",157298275605.6,base,8
2003,IBM.N,International Business Machines Corporation,136170372112.319,base,9
2003,MRK.N,Merck & Co Inc,130803662105.75,base,10
2003,PG.N,The Procter & Gamble Company,113530309785.84,base,11
2003,KO.N,Coca-Cola Co,111188204729.55,base,12
2003,INTC.OQ,Intel Corp,110571250000.0,base,13
2003,VZ.N,Verizon Communications Inc,109895583240.3,base,14
2003,BAC.N,Bank of America Corporation,105786658037.52,base,15
2003,CSCO.OQ,Cisco Systems Inc,98550816343.32,base,16
2003,T.N,AT&T Inc,95987081392.58,base,17
2003,MO.N,Altria Group Inc,83469191044.5,base,18
2003,WFC.N,Wells Fargo & Co,82175071849.32,base,19
2003,PSKY.OQ,Paramount Skydance Corp,75920847266.7,base,20
2003,PEP.OQ,"PepsiCo, Inc.",74435653809.2,base,21
2003,LLY.N,Eli Lilly and Company,74412268787.5199,base,22
2003,CVX.N,Chevron Corporation,72442394786.3799,base,23
2003,DELL.OQ^J13,Dell,71676093944.28,dead-redo,24
2003,FNM.N^G10,Fannie Mae,67545114000.0,dead-redo,25
2003,AMGN.OQ,Amgen Inc,63478081359.72,base,26
2003,ABT.N,Abbott Laboratories,62579752031.2499,base,27
2003,TWX.N^F18,Time Warner,60793996928.7999,dead-redo,28
2003,ORCL.N,Oracle Corporation,59066765686.79,base,29
2003,HD.N,"The Home Depot, Inc.",57864856974.96,base,30
2003,MDT.N,Medtronic PLC,56955190816.92,base,31
2003,PHA.N^D03,Pharmacia,56267735872.00001,dead-redo,32
2003,HPQ.N,HP Inc,55536681200.0,base,33
2003,CMCSA.OQ,Comcast Corporation,54689844527.8,base,34
2003,WYE.N^J09,Wyeth,51441544400.0,dead-redo,35
2003,WB.N^A09,Wachovia Corp,51093173813.52,dead-redo,36
2003,JPM.N,JPMorgan Chase & Co,50791244953.44,base,37
2003,BLS.N^A07,Bellsouth US,50404251449.28,dead-redo,38
2003,MMM.N,3M Company,49457424627.0,base,39
2003,AXP.N,American Express Company,48196091407.91,base,40
2003,BMY.N,Bristol-Myers Squibb Company,46547188394.31,base,41
2003,MS.N,Morgan Stanley,45776285140.02,base,42
2003,MER.N^A09,Merrill Lyn,44688946491.9799,dead-redo,43
2003,DD.N^I17,EIDP,43375334966.28,dead-redo,44
2003,ONE.N^G04,Bank One,43000000000.0,manual-est,45
2003,FRE.N^G10,Freddie Mac,42662263080.0,dead-redo,46
2003,BUD.N^K08,Anheuser-Busch,42000000000.0,manual-est,47
2003,USB.N,U.S. Bancorp,41050514768.55,base,48
2003,DIS.N,The Walt Disney Company,35247649323.8,base,49
2003,FITB.N,Fifth Third Bancorp,34927263200.7,base,50
2003,SGP.N^K09,Schering-Plough,33908462480.0,dead-redo,51
2003,COP.N,ConocoPhillips,33388035443.2199,base,52
2003,GS.N,Goldman Sachs Group Inc,33255112820.3,base,53
2003,WBA.OQ^H25,Walgreens Hldg,32961050156.1599,dead-redo,54
2003,G.N^J05,Gillette,32862612048.0,dead-redo,55
2003,WM.N^I08,WMI Holdings,32000000000.0,manual-est,56
2003,LOW.N,Lowe's Companies Inc,30730143724.2,base,57
2003,UPS.N,United Parcel Service Inc,30100816332.45,base,58
2003,RTX.N,RTX Corporation,30035082368.19,base,59
2003,QCOM.OQ,QUALCOMM Incorporated,29157896640.9,base,60
2003,CL.N,Colgate-Palmolive Company,28958564141.1999,base,61
2003,TGT.N,Target Corp,28271884040.46,base,62
2003,TXN.OQ,Texas Instruments Inc,27765334844.5199,base,63
2003,DOW.N^I17,Dow Chem,27652113687.25,dead-redo,64
2003,CAH.N,"Cardinal Health, Inc.",27368750369.95,base,65
2003,FDC.N^I07,First Data,27182354959.5,dead-redo,66
2003,FBF.N^D04,FleetBoston Fin,27089700941.14,dead-redo,67
2003,BA.N,Boeing Co,27081677687.68,base,68
2003,LMT.N,Lockheed Martin Corp,26840296583.1,base,69
2003,ALL.N,Allstate Corp,26684218794.48,base,70
2003,UNH.N,UnitedHealth Group Inc,26094627460.53,base,71
2003,KRB.N^A06,MBNA,25655651249.9999,dead-redo,72
2003,MRSH.N,Marsh & McLennan Companies Inc,25558766398.18,base,73
2003,SLB.N,SLB N.V.,25026485910.6,base,74
2003,CCU.N^G08,iHeartCommns,24454028637.87,dead-redo,75
2003,KMB.OQ,Kimberly-Clark Corporation,24405745221.0,base,76
2003,ADP.OQ,Automatic Data Processing Inc,24355549103.1,base,77
2003,DUK.N,Duke Energy Corp,23718947518.87,base,78
2003,AMAT.OQ,Applied Materials Inc,23071280284.56,base,79
2003,WM.N,Waste Management Inc,22346351007.2399,base,80
2003,EMR.N,Emerson Electric Co,22089167557.12,base,81
2003,HCA.N^K06,HCA,21769613124.0,dead-redo,82
2003,GM.N^F09,Motors GUC Trust,21599405428.14,dead-redo,83
2003,EBAY.OQ,eBay Inc.,21410570094.75,base,84
2003,T.N^K05,At&T Corp,21308862902.34,dead-redo,85
2003,MSI.N,Motorola Solutions Inc,21168913171.6,base,86
2003,MCD.N,McDonald's Corp,21007126773.8,base,87
2003,ITW.N,Illinois Tool Works Inc,20760911697.75,base,88
2003,SO.N,Southern Co,20676605075.28,base,89
2003,HON.OQ,Honeywell International Inc,20509848934.04,base,90
2003,SYY.N,Sysco Corporation,20071770869.6,base,91
2003,HWM.N,Howmet Aerospace Inc.,19882565800.5,base,92
2003,KSS.N,Kohls,19755607161.78,base,93
2003,TGNA.N^C26,Tegna,19537591606.5,dead-redo,94
2003,MET.N,"MetLife, Inc.",19502753774.2,base,95
2003,FRX.N^G14,Forest Labs,19195878767.9499,dead-redo,96
2003,PRU.N,Prudential Financial Inc,18293737313.6,base,97
2003,BNY.N,Bank of New York Mellon Corp,18291144032.46,base,98
2003,TFC.N,Truist Financial Corporation,18192884800.51,base,99
2003,HSH.N^H14,Hillshire Brands,18001979526.0,dead-redo,100
2003,GIS.N,General Mills Inc,17571739258.8999,base,101
2003,F.N,Ford Motor Co,17536696847.04,base,102
2003,BSX.N,Boston Scientific Corp,17533098389.79,base,103
2003,EXC.OQ,Exelon Corp,17373349272.18,base,104
2003,NCC.N^A09,National City,17292975632.52,dead-redo,105
2003,D.N,"Dominion Energy, Inc.",17133778803.57,base,106
2003,IP.N,International Paper Co,17042990428.75,base,107
2003,BAX.N,Baxter International Inc.,17021390976.05,base,108
2003,AWE.N^J04,Nw Cngulr Wrles,16931562500.0,dead-redo,109
2003,FDX.N,FedEx Corp,16567735757.28,base,110
2003,AT.N^K07,Alltel,16543759421.34,dead-redo,111
2003,STI.N^L19,SunTrust Banks,16516835501.22,dead-redo,112
2003,CAT.N,Caterpillar Inc,16438179449.25,base,113
2003,AFL.N,Aflac Incorporated,16306085259.36,base,114
2003,GD.N,General Dynamics Corp,16255519260.1,base,115
2003,SLM.OQ,SLM,16123127239.7,base,116
2003,UNP.N,Union Pacific Corporation,15498328149.98,base,117
2003,SCHW.N,The Charles Schwab Corporation,15425072117.56,base,118
2003,CCL.N,Carnival Corporation Ltd,15039077542.9399,base,119
2003,HOG.N,Harley Davidson,14563544321.64,base,120
2003,GAP.N,Gap,14204270718.06,base,121
2003,EMC.N^I16,EMC US,14056629389.73,dead-redo,122
2003,K.N^L25,Kellanova,14007064327.69,dead-redo,123
2003,TRB.N^L07,Tribune Media,14000000000.0,manual-fix,124
2003,S.N^G13,Sprint Commns DE,13799712706.26,dead-redo,125
2003,CAG.N,Conagra Brands,13762406183.68,base,126
2003,SYK.N,Stryker Corporation,13465132136.5199,base,127
2003,LEH.N^I08,Lehman Bros Hldg,13249337367.5999,dead-redo,128
2003,COST.OQ,Costco Wholesale Corp,13222847669.91,base,129
2003,STT.N,State Street Corporation,13195329658.92,base,130
2003,HI.N^C03,HSBC Fnce,13021757276.15,dead-redo,131
2003,WWY.N^J08,WM Wrigley,12830835288.84,dead-redo,132
2003,RTN.N^D20,Raytheon,12826060800.0,dead-redo,133
2003,AVP.N^A20,Avon Prdcts,12700046481.93,dead-redo,134
2003,OMC.N,Omnicom Group Inc,12525051943.8,base,135
2003,PNC.N,"The PNC Financial Services Group, Inc.",12395813704.9499,base,136
2003,KR.N,Kroger Co,12195302568.78,base,137
2003,SPGI.N,S&P Global Inc,12040794000.0,base,138
2003,APC.N^H19,Anadarko Petrol,12040744184.86,dead-redo,139
2003,HIG.N,"The Hartford Insurance Group, Inc.",11974322311.9,base,140
2003,NXTL.OQ^H05,Nextel Comms,11778705347.8,dead-redo,141
2003,MEL.N^G07,Mellon Financial,11712962898.72,dead-redo,142
2003,HNZ.N^F13,Kraft Heinz Food,11665443130.8,dead-redo,143
2003,MXIM.OQ^J07,Maxim Integrated,11481485173.76,dead-redo,144
2003,DE.N,Deere & Co,11345686011.62,base,145
2003,GDW.N^J06,Golden West,11301953532.3,dead-redo,146
2003,NOC.N,Northrop Grumman Corp,11291291162.0,base,147
2003,BKR.OQ,Baker Hughes Company,11205286436.02,base,148
2003,CAR.OQ,Avis Budget Grp,11194078446.0,base,149
2003,NEE.N,"NextEra Energy, Inc.",11193510943.9499,base,150
2003,WY.N,Weyerhaeuser Company,11175081676.0,base,151
2003,PGR.N,The Progressive Corporation,11130127335.45,base,152
2003,JAVA.OQ^B10,Oracle America,11057012580.05,dead-redo,153
2003,LUV.N,Southwest Airlines Co,11028613094.8,base,154
2003,KEY.N,KeyCorp,11013404967.36,base,155
2003,OXY.N,Occidental Petroleum Corp,10965492081.3,base,156
2003,XL.N^I18,XL Grp,10962373219.2,dead-redo,157
2003,PAYX.OQ,"Paychex, Inc.",10882481621.4,base,158
2003,MAS.N,Masco Corporation,10804320000.0,base,159
2003,SWY.N^A15,Safeway US,10740785000.0,dead-redo,160
2003,EK.N^A12,Eastman Kodak,10702478889.97,dead-redo,161
2003,AABA.OQ^J19,Altaba,10695199500.0,dead-redo,162
2003,TJX.N,"The TJX Companies, Inc.",10523098606.4,base,163
2003,EOP.N^B07,Equity Office,10485295977.06,dead-redo,164
2003,NEM.N,Newmont Corporation,10465279199.1,base,165
2003,BBBY.OQ^E23,20230930-DK,10373497416.532,dead-redo,166
2003,ETR.N,Entergy Corp,10368030169.8,base,167
2003,PFG.OQ,Principal Financial Group Inc,10302163812.38,base,168
2003,DHR.N,Danaher Corporation,10287619245.0,base,169
2003,BNI.N^B10,Burlington Nrth,10082375866.87,dead-redo,170
2003,CCEP.OQ,Coca-Cola UK,10003145175.66,base,171
2003,CVS.N,CVS Health Corporation,9984630810.0,base,172
2003,CPB.OQ,Campbell's Co,9923929050.36,base,173
2003,FE.N,FirstEnergy Corp,9821997108.0,base,174
2003,PGN.N^G12,Prgres Enrgy,9808046075.85,dead-redo,175
2003,INTU.OQ,Intuit Inc.,9707737675.9,base,176
2003,APD.N,"Air Products and Chemicals, Inc.",9668184959.4,base,177
2003,LIN.OQ,Linde PLC,9589546683.9,base,178
2003,AEP.OQ,American Electric Power Company Inc,9548376499.6,base,179
2003,ADI.OQ,"Analog Devices, Inc.",9421237924.0,base,180
2003,CB.N^A16,Chubb NJ,9331299434.4,dead-redo,181
2003,EDS.N^H08,Peraton Entp,9289713829.5,dead-redo,182
2003,ED.N,"Consolidated Edison, Inc.",9239172173.5,base,183
2003,HSY.N,The Hershey Company,9210051084.3,base,184
2003,GDT.N^D06,Guidant,9167703080.0,dead-redo,185
2003,CLX.N,The Clorox Company,9163921334.8,base,186
2003,Q.N^D11,Qwest Comms Intl,9121023242.4,dead-redo,187
2003,BEN.N,"Franklin Templeton, Inc.",9095391483.52,base,188
2003,ELV.N,Elevance Health Inc,8960598018.4,base,189
2003,A.N,Agilent Technologies Inc,8938847417.94,base,190
2003,ABS.N^F06,Albertson,8894885462.88,dead-redo,191
2003,SOTR.OQ^K04,Southtrust,8844527661.0,dead-redo,192
2003,LLTC.OQ^C17,Linear Tech,8791965952.52,dead-redo,193
2003,PPG.N,"PPG Industries, Inc.",8756389533.76,base,194
2003,BR.N^D06,Burlington Res,8739856848.0,dead-redo,195
2003,MAT.OQ,Mattel,8701264572.4,base,196
2003,L.N,Loews Corporation,8589636384.0,base,197
2003,APA.OQ,APA Corporation,8537226080.9,base,198
2003,SPLS.OQ^I17,Staples,8437664230.49,dead-redo,199
2003,NWL.OQ,Newell Brands,8397383153.22,base,200
2003,HAL.N,Halliburton Company,8370158463.66,base,201
2003,JHF.N^D04,John Hancock Fin,8242923200.99,dead-redo,202
2003,CE.N^B04,Concord EFS,8236387270.0,dead-redo,203
2003,SBUX.OQ,Starbucks Corp,8214240700.8,base,204
2003,MCK.N,McKesson Corp,8145615860.06,base,205
2003,ADM.N,Archer-Daniels-Midland Co,8097224914.08,base,206
2003,BDX.N,Becton Dickinson and Co,8096982989.36,base,207
2003,MAR.OQ,"Marriott International, Inc.",8091307655.2,base,208
2003,UCL.N^H05,Unocal,8072161733.3,dead-redo,209
2003,NTRS.OQ,Northern Trust Corporation,8057073298.05,base,210
2003,THC.N,Tenet Healthcare,8039340529.20999,base,211
2003,BBY.N,"Best Buy Co., Inc.",8030256000.0,base,212
2003,CA.OQ^K18,CA,8025618034.0,dead-redo,213
2003,CB.N,Chubb Limited,8013481338.78,base,214
2003,LXK.N^K16,Lexmark Intl,8010270474.89,dead-redo,215
2003,CTAS.OQ,Cintas Corporation,7993445223.29999,base,216
2003,NSC.N,Norfolk Southern Corp,7963367112.83999,base,217
2003,APOL.OQ^B17,Apollo Edu Grp,7962561130.0,dead-redo,218
2003,TRV.N,"The Travelers Companies, Inc.",7945010730.55999,base,219
2003,PBI.N,Pitney Bowes,7876707874.19999,base,220
2003,DTE.N,DTE Energy Company,7867337981.4,base,221
2003,ZBH.N,"Zimmer Biomet Holdings, Inc.",7860010363.4,base,222
2003,CMA.N^B26,Comerica,7816659620.0,dead-redo,223
2003,XLNX.OQ^B22,Xilinx,7733286676.74,dead-redo,224
2003,EA.OQ^H26,Electronic Arts,7707496110.54999,dead-redo,225
2003,RIG.N,Transocea,7686805222.87999,base,226
2003,TAPb.N^D04,Travelers Propty,7675839009.48,dead-redo,227
2003,NKE.N,"NIKE, Inc.",7672838637.6,base,228
2003,RF.N,Regions Financial Corporation,7635757296.24,base,229
2003,AGN.N^C15,Allerg,7614201293.55,dead-redo,230
2003,S.N^C05,Sears Roebuck,7588329630.01999,dead-redo,231
2003,BMET.OQ^J07,Biomet,7569190811.68,dead-redo,232
2003,TT.N,Trane Technologies PLC,7544040170.03,base,233
2003,DVN.N,Devon Energy Corporation,7441635000.0,base,234
2003,YUM.N,"Yum! Brands, Inc.",7423931390.4,base,235
2003,JCI.N^I16,Johnson Cntrl,7400000000.0,manual-fix,236
2003,CHIR.OQ^D06,Novartis Vaccine,7381921131.72,dead-redo,237
2003,STJ.N^A17,St Jude Med,7377611725.95,dead-redo,238
2003,HRB.N,H&R Block,7369597991.25,base,239
2003,BBWI.N,Bath & Body,7323910300.0,base,240
2003,PBG.N^C10,Pepsi Bottling,7291821966.0,dead-redo,241
2003,ROH.N^D09,Rohm Haas,7196793802.79999,dead-redo,242
2003,AZO.N,"AutoZone, Inc.",7163611941.05,base,243
2003,NYT.N,New York Times,7096654237.44,base,244
2003,MEDI.OQ^F07,Medimmune LLC,7078513837.8,dead-redo,245
2003,KLAC.OQ,KLA Corporation,7049426120.96,base,246
2003,COF.N,Capital One Financial Corp,7037634023.16,base,247
2003,BEAM.N^E14,Suntory Global,7029782199.6,dead-redo,248
2003,VRTS.OQ^G05,Veritas Software,7009548000.0,dead-redo,249
2003,ASO.N^K06,AmSouth Bancorp,6955432410.0,dead-redo,250
2003,AVY.N,Avery Dennison Corp,6904740496.32,base,251
2003,SDS.N^H05,Fis Cap Mrkt,6900585293.03,dead-redo,252
2003,FISV.OQ,Fiserv Inc,6819487011.0,base,253
2003,VMRK.N,Vivmark Residential,6787643791.88,base,254
2003,MAY.N^H05,May Department,6782454098.29,dead-redo,255
2003,CFC.N^G08,Countrywide Fncl,6729732763.5,dead-redo,256
2003,IGT.N^D15,IGT,6710079691.29,dead-redo,257
2003,MRO.N^K24,Marathn Oil,6668266651.84,dead-redo,258
2003,CF.N^H04,Charter One Finl,6610192962.75,dead-redo,259
2003,MCO.N,Moody's Corporation,6603070000.0,base,260
2003,MBI.N,MBIA,6579340946.54,base,261
2003,GENZ.OQ^D11,Genzyme,6512046353.900001,dead-redo,262
2003,SPG.N,Simon Property Group Inc,6496039330.79999,base,263
2003,AEE.N,Ameren Corporation,6494761698.88,base,264
2003,ECL.N,Ecolab Inc.,6484791563.25,base,265
2003,AET.N^K18,Aetna,6372394519.13999,dead-redo,266
2003,JCP.N^E20,Old Copper Co,6299746292.44,dead-redo,267
2003,CSX.OQ,CSX Corporation,6265224122.82,base,268
2003,CINF.OQ,Cincinnati Financial Corporation,6241588500.0,base,269
2003,TXT.N,Textron Inc,6172403000.0,base,270
2003,BGEN.OQ^K03,Biogen MA,6171249600.0,dead-redo,271
2003,COR.N,"Cencora, Inc.",6163210036.62,base,272
2003,DOV.N,Dover Corp,6162692786.4,base,273
2003,MI.N^G11,Marshall Ilsley,6157382946.59999,dead-redo,274
2003,ABK.N^K10,Octave Specialty,6100090744.44,dead-redo,275
2003,MU.OQ,"Micron Technology, Inc.",6050609620.0,base,276
2003,ADBE.OQ,Adobe Inc,6048572416.0,base,277
2003,XRX.OQ,Xerox Hlngs,6024304987.2,base,278
2003,DXC.N,DXC Tech,6016609219.74999,base,279
2003,SNV.N^A26,Synovus Fin,5985007676.64,dead-redo,280
2003,PSFT.OQ^A05,Peoplesoft,5946747072.0,dead-redo,281
2003,BSC.N^F08,Bear Stearns Cos,5933650321.2,dead-redo,282
2003,CI.N,The Cigna Group,5923888552.5,base,283
2003,PCG.N,PG&E Corp,5912598128.46,base,284
2003,LNC.N,LNC,5823218046.36,base,285
2003,CIN.N^D06,Cinergy,5812309797.81,dead-redo,286
2003,PPL.N,PPL Corp,5795308038.2,base,287
2003,DGX.N,Quest Diagnostics Inc,5770000816.0,base,288
2003,UST.N^A09,UST DE,5734880036.2,dead-redo,289
2003,IPG.N^K25,Interpublic Grp,5715193514.16,dead-redo,290
2003,M.N,Macy's,5696631274.15,base,291
2003,ITT.N,ITT,5675307144.98,base,292
2003,JP.N^D06,Jefferson-Pilot,5640588991.06,dead-redo,293
2003,ETN.N,Eaton Corporation PLC,5640000000.0,base,294
2003,PH.N,Parker-Hannifin Corp,5639994592.5,base,295
2003,TXU.N^J07,Energy Future Hd,5593420383.6,dead-redo,296
2003,PCAR.OQ,Paccar Inc,5561348840.23,base,297
2003,NFB.N^L06,North Fork Banc,5560236801.79,dead-redo,298
2003,GPC.N,Genuine Parts Co,5520864812.01,base,299
2003,FDO.N^G15,Family Dlr,5451764573.5,dead-redo,300
2003,KRI.N^F06,Knight Ridder,5352747855.0,dead-redo,301
2003,AON.N,Aon PLC,5341926439.47,base,302
2003,KMI.N^E07,Kinder Kansas,5325005525.0,dead-redo,303
2003,AAPL.OQ,Apple Inc.,5315206643.2,base,304
2003,NBR.N,Nabors Inds,5310470644.58999,base,305
2003,LU.N^L06,Nokia of America,5230703164.849999,dead-redo,306
2003,KSE.N^H07,Keyspan,5172600577.5,dead-redo,307
2003,ALTR.OQ^L15,Altera,5118289573.14,dead-redo,308
2003,NI.N,NiSource Inc.,5111588056.12,base,309
2003,MON.N^F18,Monsanto,5039942538.24,dead-redo,310
2003,HLT.N^J07,Park Hotels,5011376562.57,dead-redo,311
2003,SRE.N,Sempra,4992509092.33,base,312
2003,HES.N^G25,Hess,4973843856.8,dead-redo,313
2003,HOT.N^I16,Starwood Hotls,4932819305.68,dead-redo,314
2003,MWV.N^G15,Westrock MWV,4930837311.2,dead-redo,315
2003,GWW.N,WW Grainger Inc,4856272286.22,base,316
2003,NE.N^H20,Noble Corp,4842283876.56,dead-redo,317
2003,EOG.N,"EOG Resources, Inc.",4755517614.12,base,318
2003,DPH.N^J05,DPH,4743841500.0,dead-redo,319
2003,CEG.N^C12,Constell Energy,4713133752.46,dead-redo,320
2003,RX.N^C10,Iqvia,4674429477.12,dead-redo,321
2003,JNY.N^D14,Jones Group,4671226583.75,dead-redo,322
2003,FHN.N,First Horizon,4665986593.08,base,323
2003,EP.N^E12,El Paso,4635988256.34,dead-redo,324
2003,BFb.N,Brown-Forman Corporation,4609459067.4,base,325
2003,SAF.N^I08,Safeco,4561704636.89,dead-redo,326
2003,HBAN.OQ,Huntington Bancshares Inc,4560142004.0,base,327
2003,BRCM.OQ^B16,Broadcom Co,4551736860.0,dead-redo,328
2003,ODP.OQ^L25,ODP Group,4529684977.95999,dead-redo,329
2003,XEL.OQ,Xcel Energy Inc,4525404342.65,base,330
2003,HET.N^A08,HARRAH S,4488284546.34999,dead-redo,331
2003,NVLS.OQ^F12,Novellus Systems,4461652416.0,dead-redo,332
2003,GL.N,Globe Life Inc.,4430646354.33,base,333
2003,PCL.N^B16,Plum Creek Timb,4408925667.75,dead-redo,334
2003,KMG.N^H06,Kerr-McGee,4402570483.44,dead-redo,335
2003,HMA.N^A14,Health Mgmt,4393735773.21,dead-redo,336
2003,UNM.N,Unum Group,4392957796.38,base,337
2003,MOLX.OQ^L13,Molex,4378265397.65,dead-redo,338
2003,SHW.N,Sherwin-Williams Co,4349415710.78,base,339
2003,MTG.N,MGIC Investment,4326577512.8,base,340
2003,LUMN.N,Lumen Tech,4322445024.66,base,341
2003,GLW.N,Corning Incorporated,4304999145.0,base,342
2003,KG.N^C11,King Pharm,4297404939.45,dead-redo,343
2003,DG.N^G07,Dollar General,4216219889.75,dead-redo,344
2003,COL.N^K18,Rockwell Collins,4213540562.3,dead-redo,345
2003,GP.N^L05,Georgia-Pacific,4201055208.0,dead-redo,346
2003,BMC.OQ^I13,BMC Software,4191045600.0,dead-redo,347
2003,EIX.N,Edison International,4141060428.26,base,348
2003,UVN.N^C07,Univision Comm,4109532371.54999,dead-redo,349
2003,VFC.N,VF,4069054512.95,base,350
2003,AMCR.N,Amcor PLC,4033722162.33608,base,351
2003,ROK.N,Rockwell Automation Inc,3974535115.64,base,352
2003,VMC.N,Vulcan Materials Co,3893284445.05,base,353
2003,VIAV.OQ,Viavi Solutions,3890269253.75,base,354
2003,SEBL.OQ^B06,Siebel Systems,3876455264.0,dead-redo,355
2003,JBL.N,Jabil Inc.,3745616460.33,base,356
2003,WHR.N,Whirlpool,3698388602.91999,base,357
2003,ZION.OQ,Zions Bancorp,3695054363.238,base,358
2003,RAI.N^G17,Reynolds Amricn,3683989608.94,dead-redo,359
2003,DRI.N,Darden Restaurants Inc,3656217341.28,base,360
2003,DJ.N^L07,Dow Jones & Co,3625538259.52,dead-redo,361
2003,NTAP.OQ,NetApp Inc,3605888968.29999,base,362
2003,TIF.N^A21,Tiffany,3562073982.06,dead-redo,363
2003,PTV.N^K10,Pactiv,3549746300.79999,dead-redo,364
2003,ABI.N^K08,Applied Biosyst,3549565779.0,dead-redo,365
2003,QLGC.OQ^H16,QLogic,3543948335.55,dead-redo,366
2003,SIAL.OQ^K15,Sigma Aldrich,3520148247.7,dead-redo,367
2003,TROW.OQ,"T. Rowe Price Group, Inc.",3507383458.36,base,368
2003,UIS.N,Unisys,3464268139.25999,base,369
2003,EFX.N,Equifax Inc.,3414450424.14,base,370
2003,TLAB.OQ^L13,Infinera Optical,3407251900.52999,dead-redo,371
2003,IFF.N,International Flavors & Fragrances Inc.,3375452854.88,base,372
2003,TMO.N,Thermo Fisher Scientific Inc,3332507172.66,base,373
2003,RSH.N^B15,RS Legacy,3324851292.41999,dead-redo,374
2003,NUE.N,Nucor Corporation,3302837811.0,base,375
2003,BDK.N^C10,Black & Decker,3222906525.25,dead-redo,376
2003,APCC.OQ^B07,SE IT,3220142620.0,dead-redo,377
2003,KATE.N^G17,Kate Spade & Co,3220005754.68,dead-redo,378
2003,SEE.N^D26,Sealed Air,3193857756.14999,dead-redo,379
2003,SWK.N,Stanley Black & Decker Inc,3182882201.04,base,380
2003,CTX.N^H09,Centex,3172084498.43999,dead-redo,381
2003,AGN.N^E20,Allergan,3122826751.62,dead-redo,382
2003,WEN.N^I08,Wendys Intl,3111291840.0,dead-redo,383
2003,PHM.N,"PulteGroup, Inc.",3107431920.05,base,384
2003,SLR.N^J07,Solectron,3065274489.69,dead-redo,385
2003,BCR.N^L17,CR Bard,3064837064.89999,dead-redo,386
2003,BALL.N,Ball Corp,3006760062.02,base,387
2003,PCS.N^D04,Sprint PCS,2988743510.0,dead-redo,388
2003,JNS.N^E17,Janus US Hldg,2972323715.2,dead-redo,389
2003,PNW.N,Pinnacle West Capital Corporation,2970675963.85,base,390
2003,FTR.OQ^D20,Frontier Comm,2963348629.5,dead-redo,391
2003,PD.N^C07,Freeport-Mc,2942660238.2,dead-redo,392
2003,EMN.N,Eastman Chemical,2918275748.08,base,393
2003,RHI.N,Robert Half,2906165769.77999,base,394
2003,TE.N^G16,Teco Energy,2901686540.2,dead-redo,395
2003,EC.N^F06,Engelhard,2882856423.83999,dead-redo,396
2003,WAT.N,Waters Corp,2843716264.56,base,397
2003,NSM.N^I11,Natl Semiconduct,2839682532.72,dead-redo,398
2003,MERQE.OQ^A06,Hewlett Packard,2652649130.16,dead-redo,399
2003,CVG.N^J18,Convergys,2652027642.0,dead-redo,400
2003,TSG.N^D07,Sabre Hldgs,2642381355.08,dead-redo,401
2003,DLX.N,Deluxe,2596200817.5,base,402
2003,CNP.N,"CenterPoint Energy, Inc.",2586876986.5,base,403
2003,JWN.N^E25,Nordstrom,2582776248.05,dead-redo,404
2003,SUN.N^J12,ETC Sunoco Hldg,2577585010.66,dead-redo,405
2003,TER.OQ,"Teradyne, Inc.",2572293754.3,base,406
2003,FCX.N,Freeport-McMoRan Inc,2528402184.6,base,407
2003,TIN.N^B12,Temple-Inland,2510198821.29,dead-redo,408
2003,CIEN.N,Ciena,2455231870.98,base,409
2003,AMD.OQ,"Advanced Micro Devices, Inc.",2407752880.2,base,410
2003,VYX.N,NCR Voyix,2403926349.44,base,411
2003,SANM.OQ,Sanmina,2382295385.91,base,412
2003,FLR.N,Fluor,2350864503.68,base,413
2003,CTXS.OQ^J22,Citrix Systems,2319026603.16,dead-redo,414
2003,SVU.N^J18,Supervalu,2256658115.75999,dead-redo,415
2003,WIN.N^B05,Winn-Dixie,2246599983.6,dead-redo,416
2003,TOY.N^G05,Toys R US,2230672836.0,dead-redo,417
2003,MYG.N^D06,Whirlpool Intl,2223377748.13,dead-redo,418
2003,LSI.OQ^E14,LSI,2208809790.0,dead-redo,419
2003,RDC.N^D19,Rowan,2204907574.71,dead-redo,420
2003,KBH.N,KB Home,2187235096.72,base,421
2003,TAP.N,Molson Coors Beverage Company,2167378859.12,base,422
2003,PLL.N^H15,Pall,2078249581.19999,dead-redo,423
2003,MDP.N^L21,Hawkeye Acqsn,2048303566.39999,dead-redo,424
2003,AW.N^L08,Allied Waste Ind,2034749549.28,dead-redo,425
2003,HAS.OQ,"Hasbro, Inc.",2012195810.65999,base,426
2003,CMVT.OQ^B07,Comverse Tech,2008743078.6,dead-redo,427
2003,ADCT.OQ^L10,CommScope (US),2000000000.0,manual-est,428
2003,ASH.N,Ashland,1972881915.27,base,429
2003,BOL.N^J07,Bausch & Lomb,1957732362.3,dead-redo,430
2003,SFA.N^B06,Scient Atlanta,1947533834.26,dead-redo,431
2003,PVN.N^J05,Providian Finl,1945266624.75,dead-redo,432
2003,SBL.N^A07,Symbol Tech,1943659148.07,dead-redo,433
2003,NVDA.OQ,NVIDIA Corporation,1940740940.71,base,434
2003,GR.N^G12,Goodrich,1927769813.76,dead-redo,435
2003,BC.N,Brunswick Corp,1858887164.54,base,436
2003,HCR.N^L07,Manor Care,1834459236.95999,dead-redo,437
2003,RBK.N^B06,Reebok Internati,1828752885.5,dead-redo,438
2003,CPWR.OQ^L14,Compuware,1802669284.52999,dead-redo,439
2003,DCN.N^C06,Dana Corp,1791633600.0,dead-redo,440
2003,HRC.N^C03,Encompass Health,1775993730.55999,dead-redo,441
2003,AES.N,The AES Corporation,1761914886.84,base,442
2003,CBE.N^L12,Cooper Inds,1741058140.225,dead-redo,443
2003,NAV.N^B07,Navistar Intl,1738478028.56,dead-redo,444
2003,HUM.N,Humana Inc.,1703770080.3,base,445
2003,MIL.N^G10,EMD Millipore,1698223570.34,dead-redo,446
2003,SNA.N,Snap-On Inc,1683219303.92,base,447
2003,ADSK.OQ,"Autodesk, Inc.",1655640000.0,base,448
2003,TEK.N^K07,Tektronix,1606606330.56,dead-redo,449
2003,BIG.N^I24,Former Bl Stores,1570295961.52,dead-redo,450
2003,DAL.N^J05,Delta Air,1566595901.6,dead-redo,451
2003,GAS.N^L11,Nicor,1543032882.36,dead-redo,452
2003,OMX.N^K13,OfficeMax,1518840855.48,dead-redo,453
2003,CC.N^K08,Circuit City,1490531308.68,dead-redo,454
2003,QTRN.OQ^I03,Quintiles,1472506063.2,dead-redo,455
2003,CPN.N^L05,Calpine,1462856811.12,dead-redo,456
2003,WMB.N,"The Williams Companies, Inc.",1456998875.76,base,457
2003,R.N,Ryder,1416049085.89999,base,458
2003,CMS.N,CMS Energy Corporation,1399082332.79,base,459
2003,X.N^F25,U. S. Steel,1394248396.97,dead-redo,460
2003,PGL.N^B07,Peoples US IL,1388393496.32,dead-redo,461
2003,MWW.N^K16,Monster Wrldwd,1339879816.8,dead-redo,462
2003,WOR.N,Worthington Entp,1331281871.5,base,463
2003,DDS.N,Dillard's,1327658415.1,base,464
2003,NOVL.OQ^D11,Micro Focus,1290021712.02,dead-redo,465
2003,ACV.N^K06,Alberto Culver,1287393497.21,dead-redo,466
2003,GLK.N^G05,Great Lakes Chem,1231226563.05,dead-redo,467
2003,GT.OQ,Goodyear Tire,1230658179.65999,base,468
2003,CMI.N,Cummins Inc,1203500000.0,base,469
2003,AMCC.OQ^A17,App Micro Crts,1184288189.28,dead-redo,470
2003,GTW.N^J07,Gateway,1121221719.2,dead-redo,471
2003,CTB.N^F21,Cooper Tire,1117252723.02,dead-redo,472
2003,RVTY.N,"Revvity, Inc.",1115619003.44,base,473
2003,AMR.N^A12,American Airline,1048273806.71999,dead-redo,474
2003,ANDW.OQ^A08,CommScope LLC,1045134212.15,dead-redo,475
2003,TNB.N^E12,ABB Installation,1026593264.4,dead-redo,476
2003,HPC.N^K08,Hercules,1026498508.6,dead-redo,477
2003,PMCS.OQ^A16,Microchip Strg,1006302668.48,dead-redo,478
2003,AM.N^H13,Amercn Greetin,979469304.84,dead-redo,479
2003,AYE.N^B11,Allegheny Enrgy,971551635.96,dead-redo,480
2003,AV.N^J07,Avaya,959446056.7,dead-redo,481
2003,VC.N^C09,Visteon,947091600.0,dead-redo,482
2003,TUP.N^I24,Tupperware,888954838.8,dead-redo,483
2003,LPX.N,Louisiana-Pacifc,870114427.52,base,484
2003,MIR.N^G03,GenOn Energ,836095298.04,dead-redo,485
2003,PTC.OQ,PTC Inc.,575059069.5,base,486
2003,ATI.N,ATI,501480813.6,base,487
2003,DYN.N^G12,Dynegy,497632919.0,dead-redo,488
2003,PWER.OQ^G13,Fimer,473104738.719999,dead-redo,489
2003,MDR.N^A20,McDermott Intern,302880762.25,dead-redo,490
2004,GE.N,General Electric Company,312471563200.0,base,1
2004,MSFT.OQ,Microsoft Corporation,296802270783.45,base,2
2004,PFE.N,Pfizer Inc.,271300637992.949,base,3
2004,XOM.N,Exxonmobil Holdings Corp,268556154213.19,base,4
2004,C.N,Citigroup Inc,268393396446.0,base,5
2004,WMT.OQ,Walmart Inc,226342952419.1,base,6
2004,INTC.OQ,Intel Corp,210069119999.999,base,7
2004,AIG.N,"American International Group, Inc.",174184691432.88,base,8
2004,CSCO.OQ,Cisco Systems Inc,167405943832.5,base,9
2004,IBM.N,International Business Machines Corporation,157504744143.1,base,10
2004,JNJ.N,Johnson & Johnson,153334264642.02,base,11
2004,PG.N,The Procter & Gamble Company,127934290037.989,base,12
2004,KO.N,Coca-Cola Co,123433643902.2,base,13
2004,BAC.N,Bank of America Corporation,117512280594.06,base,14
2004,MO.N,Altria Group Inc,111003577015.7,base,15
2004,MRK.N,Merck & Co Inc,104686124611.75,base,16
2004,WFC.N,Wells Fargo & Co,98425336586.22,base,17
2004,VZ.N,Verizon Communications Inc,97344650683.5,base,18
2004,CVX.N,Chevron Corporation,91812886792.2,base,19
2004,DELL.OQ^J13,Dell,87873805081.92,dead-redo,20
2004,T.N,AT&T Inc,86540900834.56,base,21
2004,AMGN.OQ,Amgen Inc,80428323828.65,base,22
2004,LLY.N,Eli Lilly and Company,79995701120.92,base,23
2004,PEP.OQ,"PepsiCo, Inc.",79760077792.52,base,24
2004,HD.N,"The Home Depot, Inc.",79678052378.18,base,25
2004,TWX.N^F18,Time Warner,79267205404.62,dead-redo,26
2004,PSKY.OQ,Paramount Skydance Corp,77589824465.9,base,27
2004,JPM.N,JPMorgan Chase & Co,74714721090.4,base,28
2004,ABT.N,Abbott Laboratories,73086765980.25,base,29
2004,CMCSA.OQ,Comcast Corporation,72577299807.23,base,30
2004,FNM.N^G10,Fannie Mae,71990787581.16,dead-redo,31
2004,HPQ.N,HP Inc,70618082400.0,base,32
2004,ORCL.N,Oracle Corporation,68690490814.8,base,33
2004,MMM.N,3M Company,65435698461.21,base,34
2004,MER.N^A09,Merrill Lyn,62397944111.63,dead-redo,35
2004,MS.N,Morgan Stanley,61880515161.2,base,36
2004,AXP.N,American Express Company,61420073749.25,base,37
2004,WB.N^A09,Wachovia Corp,60998705510.4,dead-redo,38
2004,MDT.N,Medtronic PLC,58688238528.36,base,39
2004,WYE.N^J09,Wyeth,57227617880.0,dead-redo,40
2004,BMY.N,Bristol-Myers Squibb Company,56918057689.05,base,41
2004,USB.N,U.S. Bancorp,56052535000.0,base,42
2004,BLS.N^A07,Bellsouth US,52246266317.85,dead-redo,43
2004,ONE.N^G04,Bank One,51000000000.0,manual-est,44
2004,TXN.OQ,Texas Instruments Inc,50724629125.74,base,45
2004,DIS.N,The Walt Disney Company,48413772957.33,base,46
2004,GS.N,Goldman Sachs Group Inc,45987882248.5499,base,47
2004,DD.N^I17,EIDP,45363317538.18,dead-redo,48
2004,FBF.N^D04,FleetBoston Fin,45187890472.35,dead-redo,49
2004,BUD.N^K08,Anheuser-Busch,45000000000.0,manual-est,50
2004,COP.N,ConocoPhillips,44577167036.88,base,51
2004,RTX.N,RTX Corporation,44401977529.56,base,52
2004,QCOM.OQ,QUALCOMM Incorporated,42899801497.14,base,53
2004,LOW.N,Lowe's Companies Inc,42384465669.7,base,54
2004,TRB.N^L07,Tribune Media,41395011002.55,dead-redo,55
2004,EBAY.OQ,eBay Inc.,40697091666.0,base,56
2004,FRE.N^G10,Freddie Mac,40580500080.0,dead-redo,57
2004,UPS.N,United Parcel Service Inc,40261599442.2,base,58
2004,DOW.N^I17,Dow Chem,37861594596.54,dead-redo,59
2004,AMAT.OQ,Applied Materials Inc,37160484966.8,base,60
2004,WBA.OQ^H25,Walgreens Hldg,36599065406.49,dead-redo,61
2004,G.N^J05,Gillette,36533231840.97,dead-redo,62
2004,WM.N^I08,WMI Holdings,35000000000.0,manual-est,63
2004,UNH.N,UnitedHealth Group Inc,34635409096.32,base,64
2004,TGT.N,Target Corp,34380341962.72,base,65
2004,MSI.N,Motorola Solutions Inc,33752621935.0,base,66
2004,BA.N,Boeing Co,33601076012.53,base,67
2004,FITB.N,Fifth Third Bancorp,33276085153.92,base,68
2004,HWM.N,Howmet Aerospace Inc.,32494077546.3999,base,69
2004,SLB.N,SLB N.V.,32000375325.8999,base,70
2004,MCD.N,McDonald's Corp,31462573081.0,base,71
2004,ALL.N,Allstate Corp,30577346292.36,base,72
2004,EMC.N^I16,EMC US,30404082505.1,dead-redo,73
2004,KRB.N^A06,MBNA,30225281562.5,dead-redo,74
2004,GM.N^F09,Motors GUC Trust,30062419831.08,dead-redo,75
2004,BSX.N,Boston Scientific Corp,29843090175.0,base,76
2004,AABA.OQ^J19,Altaba,29842962101.8,dead-redo,77
2004,FDC.N^I07,First Data,29713659328.35,dead-redo,78
2004,NXTL.OQ^H05,Nextel Comms,29639333227.0,dead-redo,79
2004,KMB.OQ,Kimberly-Clark Corporation,29586520467.3,base,80
2004,F.N,Ford Motor Co,29443169992.7999,base,81
2004,CCU.N^G08,iHeartCommns,28735337651.4,dead-redo,82
2004,HON.OQ,Honeywell International Inc,28732153130.67,base,83
2004,CAT.N,Caterpillar Inc,28411932606.0,base,84
2004,EMR.N,Emerson Electric Co,27276257490.8599,base,85
2004,WM.N,Waste Management Inc,26827266381.12,base,86
2004,CL.N,Colgate-Palmolive Company,26657832723.12,base,87
2004,SGP.N^K09,Schering-Plough,26008716300.0,dead-redo,88
2004,CAH.N,"Cardinal Health, Inc.",25837962744.7999,base,89
2004,MET.N,"MetLife, Inc.",25511079777.48,base,90
2004,ITW.N,Illinois Tool Works Inc,25460151102.5799,base,91
2004,MRSH.N,Marsh & McLennan Companies Inc,25456893070.7199,base,92
2004,BNY.N,Bank of New York Mellon Corp,25381230571.17,base,93
2004,CCL.N,Carnival Corporation Ltd,25083137412.08,base,94
2004,TGNA.N^C26,Tegna,24035095116.37,dead-redo,95
2004,SYY.N,Sysco Corporation,23892867937.12,base,96
2004,ADP.OQ,Automatic Data Processing Inc,23572829254.32,base,97
2004,LMT.N,Lockheed Martin Corp,22859363260.5,base,98
2004,FRX.N^G14,Forest Labs,22683760392.48,dead-redo,99
2004,PRU.N,Prudential Financial Inc,22579307809.31,base,100
2004,CAR.OQ,Avis Budget Grp,22239980220.8,base,101
2004,SO.N,Southern Co,22009925988.0,base,102
2004,AWE.N^J04,Nw Cngulr Wrles,21932990320.0,dead-redo,103
2004,EXC.OQ,Exelon Corp,21583398540.0,base,104
2004,HCA.N^K06,HCA,21356226710.0,dead-redo,105
2004,D.N,"Dominion Energy, Inc.",20765768560.44,base,106
2004,TFC.N,Truist Financial Corporation,20756416402.1,base,107
2004,IP.N,International Paper Co,20535166803.06,base,108
2004,NCC.N^A09,National City,20312989942.4,dead-redo,109
2004,FDX.N,FedEx Corp,20257299264.6,base,110
2004,GAP.N,Gap,20183143241.79,base,111
2004,STI.N^L19,SunTrust Banks,19904171989.8,dead-redo,112
2004,GDT.N^D06,Guidant,18703453217.98,dead-redo,113
2004,AFL.N,Aflac Incorporated,18513160870.1,base,114
2004,DUK.N,Duke Energy Corp,18468298523.95,base,115
2004,BAX.N,Baxter International Inc.,18412812486.46,base,116
2004,LEH.N^I08,Lehman Bros Hldg,18403634260.44,dead-redo,117
2004,NEM.N,Newmont Corporation,17812254295.04,base,118
2004,PGR.N,The Progressive Corporation,17798218720.0,base,119
2004,GD.N,General Dynamics Corp,17729089647.0599,base,120
2004,UNP.N,Union Pacific Corporation,17630510562.0,base,121
2004,NOC.N,Northrop Grumman Corp,17338609504.44,base,122
2004,STT.N,State Street Corporation,17215353044.04,base,123
2004,HSH.N^H14,Hillshire Brands,17073664184.1999,dead-redo,124
2004,ADI.OQ,"Analog Devices, Inc.",17024957085.86,base,125
2004,ZBH.N,"Zimmer Biomet Holdings, Inc.",16927662150.0,base,126
2004,GIS.N,General Mills Inc,16871232159.74,base,127
2004,SYK.N,Stryker Corporation,16708926336.24,base,128
2004,SLM.OQ,SLM,16698600151.52,base,129
2004,HIG.N,"The Hartford Insurance Group, Inc.",16685671609.14,base,130
2004,COST.OQ,Costco Wholesale Corp,16637438142.08,base,131
2004,OMC.N,Omnicom Group Inc,16549078389.9999,base,132
2004,BBY.N,"Best Buy Co., Inc.",16499780220.0,base,133
2004,T.N^K05,At&T Corp,16484650010.88,dead-redo,134
2004,MXIM.OQ^J07,Maxim Integrated,16206516489.6,dead-redo,135
2004,OXY.N,Occidental Petroleum Corp,16190656093.0399,base,136
2004,SCHW.N,The Charles Schwab Corporation,15845000820.48,base,137
2004,AVP.N^A20,Avon Prdcts,15782163091.72,dead-redo,138
2004,DE.N,Deere & Co,15709332522.9,base,139
2004,CA.OQ^K18,CA,15687317943.36,dead-redo,140
2004,VRTS.OQ^G05,Veritas Software,15589438132.66,dead-redo,141
2004,K.N^L25,Kellanova,15427635451.1999,dead-redo,142
2004,GDW.N^J06,Golden West,15352239315.9,dead-redo,143
2004,JAVA.OQ^B10,Oracle America,15321121040.12,dead-redo,144
2004,PNC.N,"The PNC Financial Services Group, Inc.",15108087406.63,base,145
2004,KSS.N,Kohls,14912879872.26,base,146
2004,S.N^G13,Sprint Commns DE,14761497033.3199,dead-redo,147
2004,AT.N^K07,Alltel,14704683222.48,dead-redo,148
2004,HOG.N,Harley Davidson,14300226668.8,base,149
2004,EA.OQ^H26,Electronic Arts,14187532953.66,dead-redo,150
2004,CVS.N,CVS Health Corporation,14126932260.0,base,151
2004,WY.N,Weyerhaeuser Company,14101049432.35,base,152
2004,CAG.N,Conagra Brands,13959540036.0,base,153
2004,DHR.N,Danaher Corporation,13930623272.16,base,154
2004,COF.N,Capital One Financial Corp,13908374178.97,base,155
2004,PAYX.OQ,"Paychex, Inc.",13908041188.32,base,156
2004,MEL.N^G07,Mellon Financial,13797544729.8,dead-redo,157
2004,KR.N,Kroger Co,13768132039.2,base,158
2004,CFC.N^G08,Countrywide Fncl,13746376055.4,dead-redo,159
2004,A.N,Agilent Technologies Inc,13713093590.4,base,160
2004,GLW.N,Corning Incorporated,13656488102.7899,base,161
2004,DVN.N,Devon Energy Corporation,13320864960.0,base,162
2004,SPGI.N,S&P Global Inc,13316200000.0,base,163
2004,XLNX.OQ^B22,Xilinx,13183423171.07,dead-redo,164
2004,ETR.N,Entergy Corp,13099133481.25,base,165
2004,LU.N^L06,Nokia of America,13083877385.28,dead-redo,166
2004,LLTC.OQ^C17,Linear Tech,13036643916.2699,dead-redo,167
2004,APA.OQ,APA Corporation,13027849732.8,base,168
2004,SPLS.OQ^I17,Staples,12997602003.7499,dead-redo,169
2004,BEN.N,"Franklin Templeton, Inc.",12967809888.63,base,170
2004,SBUX.OQ,Starbucks Corp,12962968902.9899,base,171
2004,APC.N^H19,Anadarko Petrol,12828419801.87,dead-redo,172
2004,CB.N^A16,Chubb NJ,12768913452.0,dead-redo,173
2004,HNZ.N^F13,Kraft Heinz Food,12660214921.6199,dead-redo,174
2004,BBBY.OQ^E23,20230930-DK,12642536011.8,dead-redo,175
2004,LUV.N,Southwest Airlines Co,12582887407.32,base,176
2004,RTN.N^D20,Raytheon,12485540960.0,dead-redo,177
2004,MAS.N,Masco Corporation,12458788800.0,base,178
2004,WWY.N^J08,WM Wrigley,12403875367.41,dead-redo,179
2004,LIN.OQ,Linde PLC,12240638559.3,base,180
2004,IGT.N^D15,IGT,12221444850.4,dead-redo,181
2004,APOL.OQ^B17,Apollo Edu Grp,12206349600.0,dead-redo,182
2004,KEY.N,KeyCorp,12167733279.39,base,183
2004,AEP.OQ,American Electric Power Company Inc,12150705109.96,base,184
2004,BIIB.OQ,Biogen Inc.,12101359300.0,base,185
2004,APD.N,"Air Products and Chemicals, Inc.",11970093372.9,base,186
2004,NEE.N,"NextEra Energy, Inc.",11962084920.31,base,187
2004,BNI.N^B10,Burlington Nrth,11879043328.0,dead-redo,188
2004,EDS.N^H08,Peraton Entp,11793030889.35,dead-redo,189
2004,FE.N,FirstEnergy Corp,11656413993.84,base,190
2004,NKE.N,"NIKE, Inc.",11650482045.98,base,191
2004,TT.N,Trane Technologies PLC,11628340470.29,base,192
2004,CB.N,Chubb Limited,11484014105.8,base,193
2004,EOP.N^B07,Equity Office,11421221710.36,dead-redo,194
2004,HAL.N,Halliburton Company,11402805841.91,base,195
2004,S.N^C05,Sears Roebuck,11389083328.6999,dead-redo,196
2004,PCG.N,PG&E Corp,11293874308.99,base,197
2004,PGN.N^G12,Prgres Enrgy,11150461868.0,dead-redo,198
2004,GENZ.OQ^D11,Genzyme,10994221262.25,dead-redo,199
2004,KLAC.OQ,KLA Corporation,10989480599.76,base,200
2004,CPB.OQ,Campbell's Co,10979604457.93,base,201
2004,JHF.N^D04,John Hancock Fin,10962002694.15,dead-redo,202
2004,BR.N^D06,Burlington Res,10937758144.96,dead-redo,203
2004,TJX.N,"The TJX Companies, Inc.",10875792696.0299,base,204
2004,PPG.N,"PPG Industries, Inc.",10814099231.4,base,205
2004,XRX.OQ,Xerox Hlngs,10761338396.7,base,206
2004,GEN.OQ,Gen Digital Inc.,10702120570.56,base,207
2004,SOTR.OQ^K04,Southtrust,10691064511.02,dead-redo,208
2004,MAR.OQ,"Marriott International, Inc.",10671504018.5,base,209
2004,XL.N^I18,XL Grp,10664470484.91,dead-redo,210
2004,BKR.OQ,Baker Hughes Company,10648132183.2,base,211
2004,PFG.OQ,Principal Financial Group Inc,10635338578.03,base,212
2004,CHIR.OQ^D06,Novartis Vaccine,10592892656.28,dead-redo,213
2004,ELV.N,Elevance Health Inc,10548101072.88,base,214
2004,STJ.N^A17,St Jude Med,10493179903.26,dead-redo,215
2004,BDX.N,Becton Dickinson and Co,10419141788.0,base,216
2004,JCI.N^I16,Johnson Cntrl,10400000000.0,manual-fix,217
2004,INTU.OQ,Intuit Inc.,10377264803.88,base,218
2004,AGN.N^C15,Allerg,10329562157.68,dead-redo,219
2004,BEAM.N^E14,Suntory Global,10327561732.8,dead-redo,220
2004,AET.N^K18,Aetna,10324360132.45,dead-redo,221
2004,MRO.N^K24,Marathn Oil,10315732500.5,dead-redo,222
2004,PEG.N,Public Service Enterprise Group Incorporated,10300017679.8,base,223
2004,NTRS.OQ,Northern Trust Corporation,10175955247.34,base,224
2004,LXK.N^K16,Lexmark Intl,10066181568.5,dead-redo,225
2004,CLX.N,The Clorox Company,10024212526.2,base,226
2004,UVN.N^C07,Univision Comm,9992195112.19999,dead-redo,227
2004,HSY.N,The Hershey Company,9959181280.14,base,228
2004,HRB.N,H&R Block,9933666541.68,base,229
2004,CCEP.OQ,Coca-Cola UK,9885026370.56,base,230
2004,ADM.N,Archer-Daniels-Midland Co,9874562089.68,base,231
2004,YUM.N,"Yum! Brands, Inc.",9862949117.63,base,232
2004,PCAR.OQ,Paccar Inc,9791939173.6,base,233
2004,CMA.N^B26,Comerica,9748151220.0,dead-redo,234
2004,ED.N,"Consolidated Edison, Inc.",9690125742.5,base,235
2004,UCL.N^H05,Unocal,9552707111.92,dead-redo,236
2004,SWY.N^A15,Safeway US,9527142000.0,dead-redo,237
2004,ROH.N^D09,Rohm Haas,9478706951.34,dead-redo,238
2004,PBI.N,Pitney Bowes,9458283374.11,base,239
2004,NSC.N,Norfolk Southern Corp,9342730785.96,base,240
2004,BMET.OQ^J07,Biomet,9258110129.73,dead-redo,241
2004,BBWI.N,Bath & Body,9171238216.75,base,242
2004,ADBE.OQ,Adobe Inc,9149879522.4,base,243
2004,L.N,Loews Corporation,9142539565.0,base,244
2004,TRV.N,"The Travelers Companies, Inc.",9034997677.2,base,245
2004,MCO.N,Moody's Corporation,9002400000.0,base,246
2004,MCK.N,McKesson Corp,8993064462.06,base,247
2004,SPG.N,Simon Property Group Inc,8690317343.4,base,248
2004,SNV.N^A26,Synovus Fin,8600179864.5,dead-redo,249
2004,ALTR.OQ^L15,Altera,8574902309.28,dead-redo,250
2004,MBI.N,MBIA,8562510246.08,base,251
2004,PSFT.OQ^A05,Peoplesoft,8548575729.6,dead-redo,252
2004,CTAS.OQ,Cintas Corporation,8540634648.38,base,253
2004,TAPb.N^D04,Travelers Propty,8508692298.7,dead-redo,254
2004,MI.N^G11,Marshall Ilsley,8459739147.04,dead-redo,255
2004,PLD.N^F11,Prologis MD,8441727471.2,dead-redo,256
2004,ASO.N^K06,AmSouth Bancorp,8425656000.0,dead-redo,257
2004,MU.OQ,"Micron Technology, Inc.",8389736222.88,base,258
2004,ABS.N^F06,Albertson,8347432024.75,dead-redo,259
2004,M.N,Macy's,8339859583.58,base,260
2004,MAT.OQ,Mattel,8296793546.8,base,261
2004,DXC.N,DXC Tech,8288749638.0,base,262
2004,MAY.N^H05,May Department,8181304349.4,dead-redo,263
2004,RF.N,Regions Financial Corporation,8144561164.73999,base,264
2004,VMRK.N,Vivmark Residential,8134365485.69,base,265
2004,BRCM.OQ^B16,Broadcom Co,8092958887.82999,dead-redo,266
2004,ETN.N,Eaton Corporation PLC,8092480000.0,base,267
2004,CI.N,The Cigna Group,8058516036.48,base,268
2004,DOV.N,Dover Corp,7985302365.21,base,269
2004,SDS.N^H05,Fis Cap Mrkt,7937871853.76999,dead-redo,270
2004,AAPL.OQ,Apple Inc.,7825399948.8,base,271
2004,BSC.N^F08,Bear Stearns Cos,7822040767.8,dead-redo,272
2004,TXT.N,Textron Inc,7778831274.26999,base,273
2004,GP.N^L05,Georgia-Pacific,7766251122.24,dead-redo,274
2004,PPL.N,PPL Corp,7758035293.75,base,275
2004,TXU.N^J07,Energy Future Hd,7705335915.42,dead-redo,276
2004,CSX.OQ,CSX Corporation,7678990668.96,base,277
2004,RIG.N,Transocea,7658182161.0,base,278
2004,FISV.OQ,Fiserv Inc,7570468232.46,base,279
2004,CF.N^H04,Charter One Finl,7551559669.76,dead-redo,280
2004,AON.N,Aon PLC,7545407637.9,base,281
2004,MON.N^F18,Monsanto,7524511937.51999,dead-redo,282
2004,DGX.N,Quest Diagnostics Inc,7510604322.25,base,283
2004,THC.N,Tenet Healthcare,7450456566.07,base,284
2004,Q.N^D11,Qwest Comms Intl,7444548599.3,dead-redo,285
2004,AEE.N,Ameren Corporation,7437947113.59999,base,286
2004,ABK.N^K10,Octave Specialty,7387968942.84,dead-redo,287
2004,AZO.N,"AutoZone, Inc.",7345922495.34,base,288
2004,EK.N^A12,Eastman Kodak,7250319290.5,dead-redo,289
2004,HOT.N^I16,Starwood Hotls,7242420307.5,dead-redo,290
2004,KMI.N^E07,Kinder Kansas,7209093352.5,dead-redo,291
2004,FCX.N,Freeport-McMoRan Inc,7162825946.09999,base,292
2004,LNC.N,LNC,7149691353.48,base,293
2004,EIX.N,Edison International,7145039747.58,base,294
2004,JP.N^D06,Jefferson-Pilot,7130347790.84999,dead-redo,295
2004,PH.N,Parker-Hannifin Corp,7107887696.93999,base,296
2004,NTAP.OQ,NetApp Inc,7087273769.7,base,297
2004,DG.N^G07,Dollar General,7009824432.0,dead-redo,298
2004,NYT.N,New York Times,6990741401.6,base,299
2004,JCP.N^E20,Old Copper Co,6986705527.65,dead-redo,300
2004,ECL.N,Ecolab Inc.,6966908268.32,base,301
2004,SEBL.OQ^B06,Siebel Systems,6937347349.9,dead-redo,302
2004,CIN.N^D06,Cinergy,6903781886.62,dead-redo,303
2004,PD.N^C07,Freeport-Mc,6894814768.64,dead-redo,304
2004,ITT.N,ITT,6883440397.4,base,305
2004,NSM.N^I11,Natl Semiconduct,6879659418.24,dead-redo,306
2004,CE.N^B04,Concord EFS,6855898280.0,dead-redo,307
2004,SRE.N,Sempra,6832328891.2,base,308
2004,XEL.OQ,Xcel Energy Inc,6768053495.94,base,309
2004,CINF.OQ,Cincinnati Financial Corporation,6731547424.92,base,310
2004,DTE.N,DTE Energy Company,6658271553.78,base,311
2004,CEG.N^C12,Constell Energy,6573785119.79999,dead-redo,312
2004,SANM.OQ,Sanmina,6497579643.2,base,313
2004,ROK.N,Rockwell Automation Inc,6489362030.5,base,314
2004,CTX.N^H09,Centex,6489252500.4,dead-redo,315
2004,HLT.N^J07,Park Hotels,6461015140.06,dead-redo,316
2004,TIF.N^A21,Tiffany,6385936612.25,dead-redo,317
2004,NVLS.OQ^F12,Novellus Systems,6370693945.56,dead-redo,318
2004,PBG.N^C10,Pepsi Bottling,6327681814.71999,dead-redo,319
2004,MEDI.OQ^F07,Medimmune LLC,6322068163.0,dead-redo,320
2004,NWL.OQ,Newell Brands,6212416000.0,base,321
2004,AVY.N,Avery Dennison Corp,6177471775.2,base,322
2004,MOLX.OQ^L13,Molex,6163820899.34,dead-redo,323
2004,KRI.N^F06,Knight Ridder,6126460169.4,dead-redo,324
2004,NBR.N,Nabors Inds,6090725666.09999,base,325
2004,IPG.N^K25,Interpublic Grp,6087543273.76,dead-redo,326
2004,NFB.N^L06,North Fork Banc,6074503970.4,dead-redo,327
2004,COR.N,"Cencora, Inc.",6055422894.0,base,328
2004,TROW.OQ,"T. Rowe Price Group, Inc.",6025550962.98,base,329
2004,RX.N^C10,Iqvia,5991279592.32,dead-redo,330
2004,MWV.N^G15,Westrock MWV,5980913844.36,dead-redo,331
2004,UST.N^A09,UST DE,5914226868.7,dead-redo,332
2004,AES.N,The AES Corporation,5903080419.84,base,333
2004,FDO.N^G15,Family Dlr,5900708544.64,dead-redo,334
2004,KSE.N^H07,Keyspan,5874089493.0,dead-redo,335
2004,HMA.N^A14,Health Mgmt,5851162024.6,dead-redo,336
2004,GPC.N,Genuine Parts Co,5746168423.89,base,337
2004,BFb.N,Brown-Forman Corporation,5737008350.84,base,338
2004,JBL.N,Jabil Inc.,5730652404.93,base,339
2004,DPH.N^J05,DPH,5720611950.0,dead-redo,340
2004,NI.N,NiSource Inc.,5688574658.94,base,341
2004,PHM.N,"PulteGroup, Inc.",5643506344.65,base,342
2004,PCL.N^B16,Plum Creek Timb,5553896793.2,dead-redo,343
2004,MTG.N,MGIC Investment,5544610734.08,base,344
2004,AV.N^J07,Avaya,5477205685.2,dead-redo,345
2004,FHN.N,First Horizon,5444503810.92,base,346
2004,AMCR.N,Amcor PLC,5444309138.60199,base,347
2004,VIAV.OQ,Viavi Solutions,5438363813.30999,base,348
2004,HET.N^A08,HARRAH S,5421629218.44,dead-redo,349
2004,ZION.OQ,Zions Bancorp,5409544669.2,base,350
2004,SAF.N^I08,Safeco,5363758516.97,dead-redo,351
2004,EOG.N,"EOG Resources, Inc.",5273247347.18,base,352
2004,COL.N^K18,Rockwell Collins,5197124345.92,dead-redo,353
2004,AMD.OQ,"Advanced Micro Devices, Inc.",5180057415.63999,base,354
2004,ESRX.OQ^L18,Evernorth Health,5157948427.17,dead-redo,355
2004,GL.N,Globe Life Inc.,5156277101.24,base,356
2004,ODP.OQ^L25,ODP Group,5135503806.4,dead-redo,357
2004,HBAN.OQ,Huntington Bancshares Inc,5101851732.12,base,358
2004,WMB.N,"The Williams Companies, Inc.",5098927686.72,base,359
2004,SHW.N,Sherwin-Williams Co,5052632137.08,base,360
2004,EP.N^E12,El Paso,5023176078.14,dead-redo,361
2004,SLR.N^J07,Solectron,4985242303.96,dead-redo,362
2004,WHR.N,Whirlpool,4958162767.12,base,363
2004,AN.N,AutoNation,4951343394.0,base,364
2004,UIS.N,Unisys,4913663355.04999,base,365
2004,AGN.N^E20,Allergan,4894622571.6,dead-redo,366
2004,RSH.N^B15,RS Legacy,4893826281.12,dead-redo,367
2004,RAI.N^G17,Reynolds Amricn,4875549739.48,dead-redo,368
2004,QLGC.OQ^H16,QLogic,4838560070.214,dead-redo,369
2004,APCC.OQ^B07,SE IT,4830770160.0,dead-redo,370
2004,HES.N^G25,Hess,4829060583.9,dead-redo,371
2004,TER.OQ,"Teradyne, Inc.",4812210808.5,base,372
2004,VMC.N,Vulcan Materials Co,4801218335.01,base,373
2004,UNM.N,Unum Group,4766597185.7,base,374
2004,NE.N^H20,Noble Corp,4764167711.55,dead-redo,375
2004,PCS.N^D04,Sprint PCS,4763680600.0,dead-redo,376
2004,KMG.N^H06,Kerr-McGee,4761202100.39,dead-redo,377
2004,LUMN.N,Lumen Tech,4721303556.02,base,378
2004,VFC.N,VF,4612265344.51999,base,379
2004,JWN.N^E25,Nordstrom,4569721430.75,dead-redo,380
2004,SEE.N^D26,Sealed Air,4507159924.8,dead-redo,381
2004,MHS.N^D12,Medco Health Sol,4491136466.254999,dead-redo,382
2004,WEN.N^I08,Wendys Intl,4455997850.0,dead-redo,383
2004,MERQE.OQ^A06,Hewlett Packard,4424253217.02,dead-redo,384
2004,NUE.N,Nucor Corporation,4388183758.09999,base,385
2004,JNY.N^D14,Jones Group,4358596278.0,dead-redo,386
2004,GWW.N,WW Grainger Inc,4321778215.68,base,387
2004,CBE.N^L12,Cooper Inds,4320727879.175,dead-redo,388
2004,ABI.N^K08,Applied Biosyst,4306158237.59999,dead-redo,389
2004,SFA.N^B06,Scient Atlanta,4300249267.2,dead-redo,390
2004,BCR.N^L17,CR Bard,4229731777.2,dead-redo,391
2004,BMC.OQ^I13,BMC Software,4219599799.99999,dead-redo,392
2004,MKC.N,"McCormick & Company, Incorporated",4101079778.9,base,393
2004,TMO.N,Thermo Fisher Scientific Inc,4075440266.72,base,394
2004,RHI.N,Robert Half,4054520526.08,base,395
2004,WAT.N,Waters Corp,4021521148.79999,base,396
2004,JNS.N^E17,Janus US Hldg,4019206768.79999,dead-redo,397
2004,DJ.N^L07,Dow Jones & Co,4017232372.5,dead-redo,398
2004,SIAL.OQ^K15,Sigma Aldrich,4003562320.14,dead-redo,399
2004,NOVL.OQ^D11,Micro Focus,3965789111.4,dead-redo,400
2004,SUN.N^J12,ETC Sunoco Hldg,3923240028.6,dead-redo,401
2004,SBL.N^A07,Symbol Tech,3898130799.6,dead-redo,402
2004,KATE.N^G17,Kate Spade & Co,3816124120.37999,dead-redo,403
2004,SVU.N^J18,Supervalu,3781286450.4,dead-redo,404
2004,BDK.N^C10,Black & Decker,3750833844.25,dead-redo,405
2004,NVDA.OQ,NVIDIA Corporation,3742947093.08,base,406
2004,KG.N^C11,King Pharm,3735271487.68,dead-redo,407
2004,EC.N^F06,Engelhard,3704749403.26,dead-redo,408
2004,HUM.N,Humana Inc.,3693898696.47,base,409
2004,PNW.N,Pinnacle West Capital Corporation,3677472932.91,base,410
2004,VYX.N,NCR Voyix,3672372000.0,base,411
2004,X.N^F25,U. S. Steel,3668412324.48,dead-redo,412
2004,HAS.OQ,"Hasbro, Inc.",3667639722.72,base,413
2004,PTV.N^K10,Pactiv,3643291069.46,dead-redo,414
2004,FTR.OQ^D20,Frontier Comm,3535542860.96,dead-redo,415
2004,TLAB.OQ^L13,Infinera Optical,3488044505.43999,dead-redo,416
2004,DRI.N,Darden Restaurants Inc,3444676386.79999,base,417
2004,GR.N^G12,Goodrich,3427020831.48,dead-redo,418
2004,CTXS.OQ^J22,Citrix Systems,3423537234.03999,dead-redo,419
2004,PMCS.OQ^A16,Microchip Strg,3420798361.2,dead-redo,420
2004,LSI.OQ^E14,LSI,3392550125.99999,dead-redo,421
2004,TIN.N^B12,Temple-Inland,3392324435.07999,dead-redo,422
2004,CMVT.OQ^B07,Comverse Tech,3366754339.14,dead-redo,423
2004,PLL.N^H15,Pall,3364401000.0,dead-redo,424
2004,EFX.N,Equifax Inc.,3333670416.6,base,425
2004,PVN.N^J05,Providian Finl,3311516050.57,dead-redo,426
2004,BALL.N,Ball Corp,3295763968.24,base,427
2004,KBH.N,KB Home,3269665847.6,base,428
2004,NAV.N^B07,Navistar Intl,3260968513.49,dead-redo,429
2004,AIV.N,Aimco,3246480493.98,base,430
2004,IFF.N,International Flavors & Fragrances Inc.,3220885104.73,base,431
2004,FLR.N,Fluor,3207021037.29,base,432
2004,CIEN.N,Ciena,3160218459.57,base,433
2004,FHI.N,Federated Hermes,3131458945.56,base,434
2004,CVG.N^J18,Convergys,3078741408.64999,dead-redo,435
2004,TSG.N^D07,Sabre Hldgs,3074481801.79,dead-redo,436
2004,EMN.N,Eastman Chemical,3064590381.6,base,437
2004,HCR.N^L07,Manor Care,3030692748.0,dead-redo,438
2004,ASH.N,Ashland,3013750744.61,base,439
2004,SWK.N,Stanley Black & Decker Inc,3003042400.79999,base,440
2004,CNP.N,"CenterPoint Energy, Inc.",2975077596.24,base,441
2004,BC.N,Brunswick Corp,2923193196.6,base,442
2004,AW.N^L08,Allied Waste Ind,2912959407.0,dead-redo,443
2004,ADSK.OQ,"Autodesk, Inc.",2763600000.0,base,444
2004,TEK.N^K07,Tektronix,2742506084.44,dead-redo,445
2004,BOL.N^J07,Bausch & Lomb,2706539168.94,dead-redo,446
2004,TE.N^G16,Teco Energy,2702713841.49,dead-redo,447
2004,DCN.N^C06,Dana Corp,2682536850.0,dead-redo,448
2004,TOY.N^G05,Toys R US,2621541424.16,dead-redo,449
2004,MDP.N^L21,Hawkeye Acqsn,2457196019.31999,dead-redo,450
2004,MWW.N^K16,Monster Wrldwd,2405241864.52,dead-redo,451
2004,CPWR.OQ^L14,Compuware,2339035111.35,dead-redo,452
2004,ADCT.OQ^L10,CommScope (US),2300000000.0,manual-est,453
2004,RVTY.N,"Revvity, Inc.",2226252757.95,base,454
2004,MYG.N^D06,Whirlpool Intl,2178981244.22,dead-redo,455
2004,R.N,Ryder,2159432891.07,base,456
2004,RDC.N^D19,Rowan,2151210792.94,dead-redo,457
2004,CC.N^K08,Circuit City,2126584300.1,dead-redo,458
2004,MIL.N^G10,EMD Millipore,2098223075.64,dead-redo,459
2004,CMI.N,Cummins Inc,2062971000.0,base,460
2004,DLX.N,Deluxe,2061634979.03,base,461
2004,CPN.N^L05,Calpine,2053264409.84,dead-redo,462
2004,OMX.N^K13,OfficeMax,1962005731.07,dead-redo,463
2004,TAP.N,Molson Coors Beverage Company,1958788380.54,base,464
2004,ANDW.OQ^A08,CommScope LLC,1957383366.0,dead-redo,465
2004,LPX.N,Louisiana-Pacifc,1936702000.16999,base,466
2004,SNA.N,Snap-On Inc,1852817460.0,base,467
2004,AMCC.OQ^A17,App Micro Crts,1851156658.62,dead-redo,468
2004,DYN.N^G12,Dynegy,1715311493.35,dead-redo,469
2004,ACV.N^K06,Alberto Culver,1673227953.3,dead-redo,470
2004,BIG.N^I24,Former Bl Stores,1636842970.0,dead-redo,471
2004,AYE.N^B11,Allegheny Enrgy,1601082091.1799998,dead-redo,472
2004,CTB.N^F21,Cooper Tire,1572850319.4,dead-redo,473
2004,GTW.N^J07,Gateway,1563554030.46,dead-redo,474
2004,PGL.N^B07,Peoples US IL,1562547391.4,dead-redo,475
2004,WOR.N,Worthington Entp,1544350292.91,base,476
2004,GAS.N^L11,Nicor,1483508357.34,dead-redo,477
2004,DAL.N^J05,Delta Air,1480302533.71,dead-redo,478
2004,HPC.N^K08,Hercules,1395283552.36,dead-redo,479
2004,CMS.N,CMS Energy Corporation,1384114645.75,base,480
2004,GLK.N^G05,Great Lakes Chem,1383833857.6,dead-redo,481
2004,GT.OQ,Goodyear Tire,1378064977.38,base,482
2004,WIN.N^B05,Winn-Dixie,1376572741.2,dead-redo,483
2004,VC.N^C09,Visteon,1360951350.0,dead-redo,484
2004,TNB.N^E12,ABB Installation,1347059450.87999,dead-redo,485
2004,AM.N^H13,Amercn Greetin,1320211669.26,dead-redo,486
2004,DDS.N,Dillard's,1297489399.48,base,487
2004,ATI.N,ATI,1092705590.45,base,488
2004,PTC.OQ,PTC Inc.,1051733134.35,base,489
2004,TUP.N^I24,Tupperware,1028485075.2,dead-redo,490
2004,PWER.OQ^G13,Fimer,909284135.76,dead-redo,491
2004,RBK.N^B06,Reebok Internati,7195887.93103448,dead-redo,492
2005,GE.N,General Electric Company,385882854500.0,base,1
2005,XOM.N,Exxonmobil Holdings Corp,330693413019.86,base,2
2005,MSFT.OQ,Microsoft Corporation,290719535928.16,base,3
2005,C.N,Citigroup Inc,250042291638.48,base,4
2005,WMT.OQ,Walmart Inc,223685678426.12,base,5
2005,PFE.N,Pfizer Inc.,202508466924.47,base,6
2005,BAC.N,Bank of America Corporation,189800906554.4,base,7
2005,JNJ.N,Johnson & Johnson,188213195794.26,base,8
2005,AIG.N,"American International Group, Inc.",171042165683.73,base,9
2005,IBM.N,International Business Machines Corporation,164105855102.16,base,10
2005,INTC.OQ,Intel Corp,147894970000.0,base,11
2005,JPM.N,JPMorgan Chase & Co,138971689510.02,base,12
2005,PG.N,The Procter & Gamble Company,138943903200.84,base,13
2005,CSCO.OQ,Cisco Systems Inc,127217153190.96,base,14
2005,MO.N,Altria Group Inc,125412604944.9,base,15
2005,VZ.N,Verizon Communications Inc,112170502596.459,base,16
2005,CVX.N,Chevron Corporation,111248326464.47,base,17
2005,WFC.N,Wells Fargo & Co,105149682650.65,base,18
2005,DELL.OQ^J13,Dell,103893591189.0,dead-redo,19
2005,KO.N,Coca-Cola Co,100745294927.88,base,20
2005,HD.N,"The Home Depot, Inc.",93855105117.46,base,21
2005,PEP.OQ,"PepsiCo, Inc.",87929837469.0,base,22
2005,TWX.N^F18,Time Warner,85582333761.66,dead-redo,23
2005,T.N,AT&T Inc,85438216434.93,base,24
2005,WB.N^A09,Wachovia Corp,83797771977.86,dead-redo,25
2005,AMGN.OQ,Amgen Inc,81479238128.1,base,26
2005,EBAY.OQ,eBay Inc.,77122766397.18,base,27
2005,CMCSA.OQ,Comcast Corporation,72932462192.72,base,28
2005,ABT.N,Abbott Laboratories,72652350934.95,base,29
2005,ORCL.N,Oracle Corporation,71685155839.92,base,30
2005,MRK.N,Merck & Co Inc,71273169333.26,base,31
2005,AXP.N,American Express Company,70754942937.66,base,32
2005,QCOM.OQ,QUALCOMM Incorporated,69497061493.5999,base,33
2005,FNM.N^G10,Fannie Mae,68982498552.0199,dead-redo,34
2005,LLY.N,Eli Lilly and Company,64220518925.0,base,35
2005,MMM.N,3M Company,63894267160.4599,base,36
2005,MER.N^A09,Merrill Lyn,63123024892.75,dead-redo,37
2005,PSKY.OQ,Paramount Skydance Corp,63111341737.53,base,38
2005,HPQ.N,HP Inc,61023535088.31,base,39
2005,MS.N,Morgan Stanley,60421560987.52,base,40
2005,MDT.N,Medtronic PLC,60037382968.82,base,41
2005,COP.N,ConocoPhillips,59932940072.9999,base,42
2005,USB.N,U.S. Bancorp,58180032000.0,base,43
2005,UNH.N,UnitedHealth Group Inc,57538921696.65,base,44
2005,DIS.N,The Walt Disney Company,56803274683.6,base,45
2005,WYE.N^J09,Wyeth,56769997250.0,dead-redo,46
2005,DD.N^I17,EIDP,53061130920.0,dead-redo,47
2005,RTX.N,RTX Corporation,52816310792.7,base,48
2005,AABA.OQ^J19,Altaba,52490601141.26,dead-redo,49
2005,UPS.N,United Parcel Service Inc,51372273766.56,base,50
2005,FRE.N^G10,Freddie Mac,50649293790.0,dead-redo,51
2005,BLS.N^A07,Bellsouth US,50648197981.85,dead-redo,52
2005,GS.N,Goldman Sachs Group Inc,50374727670.24,base,53
2005,BMY.N,Bristol-Myers Squibb Company,49846463996.28,base,54
2005,TFCFA.OQ^C19,Tfcf,49358180177.35,dead-redo,55
2005,DOW.N^I17,Dow Chem,46639288286.4,dead-redo,56
2005,TGT.N,Target Corp,46499464650.15,base,57
2005,LOW.N,Lowe's Companies Inc,44450661300.89,base,58
2005,G.N^J05,Gillette,44338956543.42,dead-redo,59
2005,BA.N,Boeing Co,43465916137.31,base,60
2005,TRB.N^L07,Tribune Media,42950671595.75,dead-redo,61
2005,TXN.OQ,Texas Instruments Inc,42541509363.84,base,62
2005,WBA.OQ^H25,Walgreens Hldg,41243345437.98,dead-redo,63
2005,MSI.N,Motorola Solutions Inc,40679322439.2,base,64
2005,MCD.N,McDonald's Corp,40306004354.56,base,65
2005,BUD.N^K08,Anheuser-Busch,40000000000.0,manual-est,66
2005,SLB.N,SLB N.V.,39416353089.1,base,67
2005,WM.N^I08,WMI Holdings,37000000000.0,manual-est,68
2005,S.N^G13,Sprint Commns DE,36553547742.6,dead-redo,69
2005,CCL.N,Carnival Corporation Ltd,36495544601.25,base,70
2005,KRB.N^A06,MBNA,36260435514.6,dead-redo,71
2005,ALL.N,Allstate Corp,35490892501.44,base,72
2005,EMC.N^I16,EMC US,35297184160.98,dead-redo,73
2005,FDC.N^I07,First Data,34065187330.9999,dead-redo,74
2005,ELV.N,Elevance Health Inc,33942443430.0,base,75
2005,CAT.N,Caterpillar Inc,33439781896.99,base,76
2005,NXTL.OQ^H05,Nextel Comms,32686780874.16,dead-redo,77
2005,KMB.OQ,Kimberly-Clark Corporation,32097231475.88,base,78
2005,SGP.N^K09,Schering-Plough,31001640100.0,dead-redo,79
2005,HON.OQ,Honeywell International Inc,30458542541.6099,base,80
2005,MET.N,"MetLife, Inc.",30153063756.0599,base,81
2005,BSX.N,Boston Scientific Corp,30021152764.05,base,82
2005,FDX.N,FedEx Corp,29676762249.3299,base,83
2005,EMR.N,Emerson Electric Co,29411449368.4999,base,84
2005,EXC.OQ,Exelon Corp,29198553600.45,base,85
2005,AMAT.OQ,Applied Materials Inc,28714915148.4,base,86
2005,PRU.N,Prudential Financial Inc,28084560000.0,base,87
2005,FITB.N,Fifth Third Bancorp,27974052007.0,base,88
2005,ITW.N,Illinois Tool Works Inc,27404554204.72,base,89
2005,HWM.N,Howmet Aerospace Inc.,27350440628.32,base,90
2005,CL.N,Colgate-Palmolive Company,27129375484.0,base,91
2005,GM.N^F09,Motors GUC Trust,27074023599.9999,dead-redo,92
2005,STI.N^L19,SunTrust Banks,26988639896.74,dead-redo,93
2005,F.N,Ford Motor Co,26786337748.56,base,94
2005,WM.N,Waste Management Inc,26139997565.34,base,95
2005,BNY.N,Bank of New York Mellon Corp,26004803820.0,base,96
2005,AAPL.OQ,Apple Inc.,25892525926.4,base,97
2005,ADP.OQ,Automatic Data Processing Inc,25860350486.45,base,98
2005,CAH.N,"Cardinal Health, Inc.",25125226959.5,base,99
2005,SBUX.OQ,Starbucks Corp,24942535101.24,base,100
2005,TRV.N,"The Travelers Companies, Inc.",24816944811.23,base,101
2005,SO.N,Southern Co,24794305524.88,base,102
2005,CAR.OQ,Avis Budget Grp,24615373014.3999,base,103
2005,LMT.N,Lockheed Martin Corp,24590679130.6,base,104
2005,SYY.N,Sysco Corporation,24420913047.41,base,105
2005,NCC.N^A09,National City,24110826952.0,dead-redo,106
2005,DUK.N,Duke Energy Corp,23758418539.58,base,107
2005,LEH.N^I08,Lehman Bros Hldg,23557949967.52,dead-redo,108
2005,TFC.N,Truist Financial Corporation,23227057537.9499,base,109
2005,OXY.N,Occidental Petroleum Corp,23035954852.04,base,110
2005,SLM.OQ,SLM,22948577624.43,base,111
2005,GDT.N^D06,Guidant,22943045322.34,dead-redo,112
2005,COST.OQ,Costco Wholesale Corp,22868502529.1999,base,113
2005,D.N,"Dominion Energy, Inc.",22451717758.8599,base,114
2005,BIIB.OQ,Biogen Inc.,22217916837.92,base,115
2005,CFC.N^G08,Countrywide Fncl,21295549555.02,dead-redo,116
2005,BAX.N,Baxter International Inc.,21292129393.92,base,117
2005,GD.N,General Dynamics Corp,20950085888.8,base,118
2005,TGNA.N^C26,Tegna,20726347502.0,dead-redo,119
2005,COF.N,Capital One Financial Corp,20439169770.18,base,120
2005,IP.N,International Paper Co,20436674034.0,base,121
2005,HIG.N,"The Hartford Insurance Group, Inc.",20357137965.72,base,122
2005,AFL.N,Aflac Incorporated,20158400488.32,base,123
2005,ZBH.N,"Zimmer Biomet Holdings, Inc.",19653718663.36,base,124
2005,BBY.N,"Best Buy Co., Inc.",19494216500.0,base,125
2005,SYK.N,Stryker Corporation,19397609315.75,base,126
2005,HCA.N^K06,HCA,19349141812.0,dead-redo,127
2005,NOC.N,Northrop Grumman Corp,19299000051.36,base,128
2005,HSH.N^H14,Hillshire Brands,18936007843.86,dead-redo,129
2005,DVN.N,Devon Energy Corporation,18915976240.0,base,130
2005,CCU.N^G08,iHeartCommns,18869440338.0,dead-redo,131
2005,GDW.N^J06,Golden West,18755136977.5,dead-redo,132
2005,EA.OQ^H26,Electronic Arts,18588618856.8,dead-redo,133
2005,GAP.N,Gap,18516714480.0,base,134
2005,TXU.N^J07,Energy Future Hd,18465017934.69,dead-redo,135
2005,DE.N,Deere & Co,18440213203.2,base,136
2005,K.N^L25,Kellanova,18316708937.16,dead-redo,137
2005,GIS.N,General Mills Inc,18148094488.5,base,138
2005,AET.N^K18,Aetna,18130221864.93,dead-redo,139
2005,NEM.N,Newmont Corporation,18113153818.14,base,140
2005,AVP.N^A20,Avon Prdcts,18062024735.5799,dead-redo,141
2005,CA.OQ^K18,CA,18049512421.26,dead-redo,142
2005,CVS.N,CVS Health Corporation,18030929550.0,base,143
2005,HOG.N,Harley Davidson,17848248972.75,base,144
2005,AT.N^K07,Alltel,17839681909.91,dead-redo,145
2005,DHR.N,Danaher Corporation,17717712820.4899,base,146
2005,CMX.N^C07,Caremark Rx,17569170618.7,dead-redo,147
2005,BNI.N^B10,Burlington Nrth,17517948424.0,dead-redo,148
2005,BEN.N,"Franklin Templeton, Inc.",17506727116.9,base,149
2005,UNP.N,Union Pacific Corporation,17457121243.5,base,150
2005,SPGI.N,S&P Global Inc,17383446000.0,base,151
2005,HAL.N,Halliburton Company,17343099470.88,base,152
2005,MRSH.N,Marsh & McLennan Companies Inc,17335893628.2,base,153
2005,RTN.N^D20,Raytheon,17240302800.0,dead-redo,154
2005,JAVA.OQ^B10,Oracle America,17185311808.98,dead-redo,155
2005,PGR.N,The Progressive Corporation,16985329333.56,base,156
2005,NKE.N,"NIKE, Inc.",16912039792.71,base,157
2005,KSS.N,Kohls,16869775619.4,base,158
2005,LU.N^L06,Nokia of America,16710002998.92,dead-redo,159
2005,RF.N,Regions Financial Corporation,16541878840.43,base,160
2005,APA.OQ,APA Corporation,16509653691.57,base,161
2005,GLW.N,Corning Incorporated,16504350016.88,base,162
2005,STT.N,State Street Corporation,16377136973.2799,base,163
2005,MAS.N,Masco Corporation,16365440000.0,base,164
2005,SPLS.OQ^I17,Staples,16356123503.55,dead-redo,165
2005,GEN.OQ,Gen Digital Inc.,16336691638.4,base,166
2005,FRX.N^G14,Forest Labs,16283590858.6,dead-redo,167
2005,PNC.N,"The PNC Financial Services Group, Inc.",16234755267.68,base,168
2005,WY.N,Weyerhaeuser Company,16123834666.94,base,169
2005,SCHW.N,The Charles Schwab Corporation,16109828152.08,base,170
2005,BR.N^D06,Burlington Res,15909931185.83,dead-redo,171
2005,OMC.N,Omnicom Group Inc,15711067343.9999,base,172
2005,APC.N^H19,Anadarko Petrol,15362096349.64,dead-redo,173
2005,ETR.N,Entergy Corp,15336746596.44,base,174
2005,WWY.N^J08,WM Wrigley,15254967292.66,dead-redo,175
2005,CAG.N,Conagra Brands,15181477562.15,base,176
2005,GILD.OQ,"Gilead Sciences, Inc.",15147737383.13,base,177
2005,ADBE.OQ,Adobe Inc,14971459736.72,base,178
2005,T.N^K05,At&T Corp,14970290773.6799,dead-redo,179
2005,APOL.OQ^B17,Apollo Edu Grp,14877567510.0,dead-redo,180
2005,STJ.N^A17,St Jude Med,14673420095.0399,dead-redo,181
2005,CB.N^A16,Chubb NJ,14615983898.6,dead-redo,182
2005,ADM.N,Archer-Daniels-Midland Co,14602176306.7899,base,183
2005,MON.N^F18,Monsanto,14475562685.25,dead-redo,184
2005,BDX.N,Becton Dickinson and Co,14365580349.5999,base,185
2005,LIN.OQ,Linde PLC,14336545836.25,base,186
2005,NSC.N,Norfolk Southern Corp,14331482509.1899,base,187
2005,BKR.OQ,Baker Hughes Company,14314490946.91,base,188
2005,SPG.N,Simon Property Group Inc,14302881077.91,base,189
2005,XRX.OQ,Xerox Hlngs,14291389082.25,base,190
2005,GENZ.OQ^D11,Genzyme,14237419765.92,dead-redo,191
2005,MAR.OQ,"Marriott International, Inc.",14083065369.84,base,192
2005,PCAR.OQ,Paccar Inc,13981246999.0399,base,193
2005,ADI.OQ,"Analog Devices, Inc.",13876029192.48,base,194
2005,NEE.N,"NextEra Energy, Inc.",13872749793.5,base,195
2005,TT.N,Trane Technologies PLC,13828852294.4,base,196
2005,YUM.N,"Yum! Brands, Inc.",13820485570.78,base,197
2005,KEY.N,KeyCorp,13784353895.0999,base,198
2005,RIG.N,Transocea,13614248909.97,base,199
2005,AEP.OQ,American Electric Power Company Inc,13593768974.02,base,200
2005,NFB.N^L06,North Fork Banc,13553911411.2,dead-redo,201
2005,HNZ.N^F13,Kraft Heinz Food,13512052140.88,dead-redo,202
2005,MXIM.OQ^J07,Maxim Integrated,13422994740.99,dead-redo,203
2005,PCG.N,PG&E Corp,13416081902.08,base,204
2005,APD.N,"Air Products and Chemicals, Inc.",13177153569.69,base,205
2005,L.N,Loews Corporation,13040600790.0,base,206
2005,FE.N,FirstEnergy Corp,13031831264.76,base,207
2005,MEL.N^G07,Mellon Financial,13019881535.5399,dead-redo,208
2005,PAYX.OQ,"Paychex, Inc.",12893727243.3599,base,209
2005,MCO.N,Moody's Corporation,12845115000.0,base,210
2005,KR.N,Kroger Co,12842348815.9399,base,211
2005,LUV.N,Southwest Airlines Co,12691617524.08,base,212
2005,MRO.N^K24,Marathn Oil,12677380585.42,dead-redo,213
2005,PFG.OQ,Principal Financial Group Inc,12566951283.98,base,214
2005,MTB.N,M&T Bank Corporation,12524504816.64,base,215
2005,PEG.N,Public Service Enterprise Group Incorporated,12306337297.5,base,216
2005,CPB.OQ,Campbell's Co,12298574401.19,base,217
2005,VRTS.OQ^G05,Veritas Software,12170009543.31,dead-redo,218
2005,CB.N,Chubb Limited,12149450435.25,base,219
2005,TJX.N,"The TJX Companies, Inc.",12109457432.8,base,220
2005,BBBY.OQ^E23,20230930-DK,12076995203.13,dead-redo,221
2005,NTAP.OQ,NetApp Inc,11918773485.74,base,222
2005,HOT.N^I16,Starwood Hotls,11852155239.48,dead-redo,223
2005,JCP.N^E20,Old Copper Co,11829702893.06,dead-redo,224
2005,EDS.N^H08,Peraton Entp,11818600853.0,dead-redo,225
2005,A.N,Agilent Technologies Inc,11732870196.7,base,226
2005,IGT.N^D15,IGT,11727994441.66,dead-redo,227
2005,PPG.N,"PPG Industries, Inc.",11716256052.48,base,228
2005,LLTC.OQ^C17,Linear Tech,11701389598.78,dead-redo,229
2005,VLO.N,Valero Energy Corp,11651345178.6,base,230
2005,EOP.N^B07,Equity Office,11633514130.35,dead-redo,231
2005,RAI.N^G17,Reynolds Amricn,11583094033.0,dead-redo,232
2005,JCI.N^I16,Johnson Cntrl,11400000000.0,manual-fix,233
2005,PLD.N^F11,Prologis MD,11193367083.0,dead-redo,234
2005,PGN.N^G12,Prgres Enrgy,11080084815.15,dead-redo,235
2005,BEAM.N^E14,Suntory Global,11013298062.4,dead-redo,236
2005,UCL.N^H05,Unocal,10993086075.52,dead-redo,237
2005,ETN.N,Eaton Corporation PLC,10991484000.0,base,238
2005,LXK.N^K16,Lexmark Intl,10972445320.0,dead-redo,239
2005,CI.N,The Cigna Group,10950959703.15,base,240
2005,AGN.N^C15,Allerg,10782000739.32,dead-redo,241
2005,PBI.N,Pitney Bowes,10673082446.52,base,242
2005,S.N^C05,Sears Roebuck,10671638726.4,dead-redo,243
2005,DXC.N,DXC Tech,10668637778.55,base,244
2005,TPR.N,"Tapestry, Inc.",10654774867.1999,base,245
2005,NTRS.OQ,Northern Trust Corporation,10649189640.0399,base,246
2005,XL.N^I18,XL Grp,10607159214.0,dead-redo,247
2005,ED.N,"Consolidated Edison, Inc.",10588172306.25,base,248
2005,BSC.N^F08,Bear Stearns Cos,10569221565.74,dead-redo,249
2005,BMET.OQ^J07,Biomet,10511396604.8,dead-redo,250
2005,EIX.N,Edison International,10435732928.18,base,251
2005,CMA.N^B26,Comerica,10306940800.0,dead-redo,252
2005,HSY.N,The Hershey Company,10288297469.88,base,253
2005,VMRK.N,Vivmark Residential,10230476955.3,base,254
2005,XLNX.OQ^B22,Xilinx,10195121012.41,dead-redo,255
2005,TXT.N,Textron Inc,10149028250.4,base,256
2005,PPL.N,PPL Corp,10072220950.08,base,257
2005,ROH.N^D09,Rohm Haas,9866086618.24,dead-redo,258
2005,CCEP.OQ,Coca-Cola UK,9783366728.7,base,259
2005,M.N,Macy's,9778377060.92,base,260
2005,MI.N^G11,Marshall Ilsley,9752825045.69999,dead-redo,261
2005,AEE.N,Ameren Corporation,9740940577.88,base,262
2005,DGX.N,Quest Diagnostics Inc,9669638979.0,base,263
2005,GP.N^L05,Georgia-Pacific,9558838942.24,dead-redo,264
2005,BBWI.N,Bath & Body,9355918370.92,base,265
2005,EK.N^A12,Eastman Kodak,9311342884.48,dead-redo,266
2005,MCK.N,McKesson Corp,9286952360.4,base,267
2005,ASO.N^K06,AmSouth Bancorp,9197167700.0,dead-redo,268
2005,PD.N^C07,Freeport-Mc,9145705261.6,dead-redo,269
2005,ROK.N,Rockwell Automation Inc,9125811393.6,base,270
2005,KLAC.OQ,KLA Corporation,9104142188.94,base,271
2005,PH.N,Parker-Hannifin Corp,9101775625.32,base,272
2005,WMB.N,"The Williams Companies, Inc.",9064597117.85999,base,273
2005,ECL.N,Ecolab Inc.,9053238619.32,base,274
2005,CLX.N,The Clorox Company,9039035919.26,base,275
2005,ABK.N^K10,Octave Specialty,8953119444.5,dead-redo,276
2005,MBI.N,MBIA,8905094642.64,base,277
2005,AES.N,The AES Corporation,8869104078.97,base,278
2005,SNV.N^A26,Synovus Fin,8828145676.48,dead-redo,279
2005,HLT.N^J07,Park Hotels,8774396983.12,dead-redo,280
2005,SWY.N^A15,Safeway US,8762049999.99999,dead-redo,281
2005,KMI.N^E07,Kinder Kansas,8743448212.02,dead-redo,282
2005,ABS.N^F06,Albertson,8741351565.0,dead-redo,283
2005,BRCM.OQ^B16,Broadcom Co,8731415033.11,dead-redo,284
2005,ADSK.OQ,"Autodesk, Inc.",8709525000.0,base,285
2005,CSX.OQ,CSX Corporation,8610365197.68,base,286
2005,XTO.N^F10,XTO Energy,8591008734.0,dead-redo,287
2005,SRE.N,Sempra,8560713105.0,base,288
2005,KMG.N^H06,Kerr-McGee,8538751517.53,dead-redo,289
2005,DOV.N,Dover Corp,8529056005.13999,base,290
2005,MAY.N^H05,May Department,8502624777.92,dead-redo,291
2005,EOG.N,"EOG Resources, Inc.",8461521205.44,base,292
2005,NUE.N,Nucor Corporation,8326770600.0,base,293
2005,INTU.OQ,Intuit Inc.,8248891298.04,base,294
2005,LLL.N^G19,L3 Tech,8237236361.05,dead-redo,295
2005,LNC.N,LNC,8150188146.72,base,296
2005,PHM.N,"PulteGroup, Inc.",8138001599.2,base,297
2005,SDS.N^H05,Fis Cap Mrkt,8102835645.3,dead-redo,298
2005,MAT.OQ,Mattel,8087704978.45,base,299
2005,AMD.OQ,"Advanced Micro Devices, Inc.",8082841830.05999,base,300
2005,HRB.N,H&R Block,8071193711.0,base,301
2005,TROW.OQ,"T. Rowe Price Group, Inc.",7970750926.2,base,302
2005,Q.N^D11,Qwest Comms Intl,7935517304.5,dead-redo,303
2005,UST.N^A09,UST DE,7916282607.15,dead-redo,304
2005,FISV.OQ,Fiserv Inc,7860760572.78,base,305
2005,ITT.N,ITT,7796340647.85,base,306
2005,AV.N^J07,Avaya,7796297027.87,dead-redo,307
2005,SOV.N^A09,Santander Hldg,7773858464.55999,dead-redo,308
2005,GPC.N,Genuine Parts Co,7694215424.0,base,309
2005,NBR.N,Nabors Inds,7668425293.51,base,310
2005,CEG.N^C12,Constell Energy,7658377463.74999,dead-redo,311
2005,RRD.N^B22,RR Donnelley,7646472000.0,dead-redo,312
2005,MU.OQ,"Micron Technology, Inc.",7563309306.15,base,313
2005,AON.N,Aon PLC,7550624961.17999,base,314
2005,CTAS.OQ,Cintas Corporation,7531820561.09999,base,315
2005,DTE.N,DTE Energy Company,7502812551.09,base,316
2005,ALTR.OQ^L15,Altera,7460742000.59999,dead-redo,317
2005,CINF.OQ,Cincinnati Financial Corporation,7437807224.12,base,318
2005,CIN.N^D06,Cinergy,7405669841.94,dead-redo,319
2005,ASN.N^J07,Archstone Smith,7387334520.0,dead-redo,320
2005,UVN.N^C07,Univision Comm,7378112859.04,dead-redo,321
2005,HET.N^A08,HARRAH S,7353812719.94,dead-redo,322
2005,CTX.N^H09,Centex,7289869668.45,dead-redo,323
2005,XEL.OQ,Xcel Energy Inc,7286182995.0,base,324
2005,HES.N^G25,Hess,7277599532.99999,dead-redo,325
2005,AZO.N,"AutoZone, Inc.",7273724285.08,base,326
2005,ACS.N^B10,Affiliated Comp,7204400947.51999,dead-redo,327
2005,FSH.N^K06,Fisher,7169753209.66,dead-redo,328
2005,BDK.N^C10,Black & Decker,7084938685.5,dead-redo,329
2005,PCL.N^B16,Plum Creek Timb,7010561863.23,dead-redo,330
2005,JP.N^D06,Jefferson-Pilot,6962646021.0,dead-redo,331
2005,LH.N,Labcorp Holdings Inc.,6891770785.12,base,332
2005,COL.N^K18,Rockwell Collins,6867321003.5,dead-redo,333
2005,DG.N^G07,Dollar General,6854826881.88,dead-redo,334
2005,FCX.N,Freeport-McMoRan Inc,6825146275.34999,base,335
2005,BCR.N^L17,CR Bard,6788644916.17,dead-redo,336
2005,MWV.N^G15,Westrock MWV,6784727725.07999,dead-redo,337
2005,PBG.N^C10,Pepsi Bottling,6747241390.48,dead-redo,338
2005,MEDI.OQ^F07,Medimmune LLC,6730414857.54,dead-redo,339
2005,MTG.N,MGIC Investment,6669072864.24,base,340
2005,NWL.OQ,Newell Brands,6647412000.0,base,341
2005,AVY.N,Avery Dennison Corp,6624223951.14,base,342
2005,EP.N^E12,El Paso,6528423576.15,dead-redo,343
2005,JWN.N^E25,Nordstrom,6499564587.2,dead-redo,344
2005,NE.N^H20,Noble Corp,6462314692.68,dead-redo,345
2005,VYX.N,NCR Voyix,6452236000.0,base,346
2005,SAF.N^I08,Safeco,6436646149.5,dead-redo,347
2005,SHW.N,Sherwin-Williams Co,6308306969.92,base,348
2005,KSE.N^H07,Keyspan,6269663506.55999,dead-redo,349
2005,NSM.N^I11,Natl Semiconduct,6200087187.2,dead-redo,350
2005,GL.N,Globe Life Inc.,6177255064.66,base,351
2005,CHIR.OQ^D06,Novartis Vaccine,6173460893.59999,dead-redo,352
2005,COR.N,"Cencora, Inc.",6168266616.24,base,353
2005,VFC.N,VF,6151381735.98,base,354
2005,ZION.OQ,Zions Bancorp,6099772597.43,base,355
2005,BFb.N,Brown-Forman Corporation,6044278108.87999,base,356
2005,NI.N,NiSource Inc.,6004528967.78,base,357
2005,GWW.N,WW Grainger Inc,6001233460.58,base,358
2005,CBSS.OQ^I07,BBVA USA TX,5895490105.83999,dead-redo,359
2005,NYT.N,New York Times,5884715661.59999,base,360
2005,ESRX.OQ^L18,Evernorth Health,5776281938.28,dead-redo,361
2005,HBAN.OQ,Huntington Bancshares Inc,5717554795.33999,base,362
2005,IPG.N^K25,Interpublic Grp,5687866505.34999,dead-redo,363
2005,SUN.N^J12,ETC Sunoco Hldg,5676052927.3,dead-redo,364
2005,MHS.N^D12,Medco Health Sol,5661099600.974999,dead-redo,365
2005,WAT.N,Waters Corp,5654067244.17,base,366
2005,X.N^F25,U. S. Steel,5603871040.05,dead-redo,367
2005,VMC.N,Vulcan Materials Co,5592495036.73,base,368
2005,ETFC.OQ^J20,E*TRADE Financl,5486382127.8,dead-redo,369
2005,HMA.N^A14,Health Mgmt,5433835000.2,dead-redo,370
2005,ODP.OQ^L25,ODP Group,5373513232.0,dead-redo,371
2005,RX.N^C10,Iqvia,5320996910.84,dead-redo,372
2005,UNM.N,Unum Group,5319057312.66,base,373
2005,FHN.N,First Horizon,5308035017.66999,base,374
2005,SEBL.OQ^B06,Siebel Systems,5303291645.86,dead-redo,375
2005,MKC.N,"McCormick & Company, Incorporated",5237432298.75,base,376
2005,MOLX.OQ^L13,Molex,5212982361.23,dead-redo,377
2005,RSH.N^B15,RS Legacy,5181973447.2,dead-redo,378
2005,HSP.N^I15,Hospira,5163622103.8,dead-redo,379
2005,JBL.N,Jabil Inc.,5159125117.36,base,380
2005,FDO.N^G15,Family Dlr,5158676178.88,dead-redo,381
2005,THC.N,Tenet Healthcare,5123998290.78,base,382
2005,RHI.N,Robert Half,5102583376.76999,base,383
2005,AN.N,AutoNation,5082438339.72,base,384
2005,KRI.N^F06,Knight Ridder,5081715884.37,dead-redo,385
2005,AMCR.N,Amcor PLC,5055763446.21327,base,386
2005,SLR.N^J07,Solectron,5020392070.32,dead-redo,387
2005,SFA.N^B06,Scient Atlanta,4961230361.2,dead-redo,388
2005,DPH.N^J05,DPH,4955281210.0,dead-redo,389
2005,BALL.N,Ball Corp,4952349824.21999,base,390
2005,KBH.N,KB Home,4835715084.0,base,391
2005,TMO.N,Thermo Fisher Scientific Inc,4828899557.0,base,392
2005,PVN.N^J05,Providian Finl,4792392628.65,dead-redo,393
2005,LUMN.N,Lumen Tech,4773234895.21,base,394
2005,BC.N,Brunswick Corp,4761936283.5,base,395
2005,HUM.N,Humana Inc.,4732815711.53,base,396
2005,FSLb.N^L06,Nxp USA,4671793955.96,dead-redo,397
2005,TIF.N^A21,Tiffany,4597799873.6,dead-redo,398
2005,CMVT.OQ^B07,Comverse Tech,4597401313.54,dead-redo,399
2005,WHR.N,Whirlpool,4597279994.42999,base,400
2005,EMN.N,Eastman Chemical,4580108326.03,base,401
2005,VIAV.OQ,Viavi Solutions,4577505686.51,base,402
2005,FLR.N,Fluor,4567783028.07,base,403
2005,KATE.N^G17,Kate Spade & Co,4562297742.06,dead-redo,404
2005,JNY.N^D14,Jones Group,4529578190.98,dead-redo,405
2005,SVU.N^J18,Supervalu,4517542011.05,dead-redo,406
2005,FTR.OQ^D20,Frontier Comm,4511822325.3,dead-redo,407
2005,SEE.N^D26,Sealed Air,4487412146.4,dead-redo,408
2005,SANM.OQ,Sanmina,4432408452.01,base,409
2005,WEN.N^I08,Wendys Intl,4424625960.0,dead-redo,410
2005,TOY.N^G05,Toys R US,4406526822.66,dead-redo,411
2005,DRI.N,Darden Restaurants Inc,4361211896.55999,base,412
2005,TLAB.OQ^L13,Infinera Optical,4241087808.48,dead-redo,413
2005,ASH.N,Ashland,4208295912.24,base,414
2005,SIAL.OQ^K15,Sigma Aldrich,4136180888.27999,dead-redo,415
2005,ABI.N^K08,Applied Biosyst,4118485460.1,dead-redo,416
2005,CTXS.OQ^J22,Citrix Systems,4082397978.7,dead-redo,417
2005,PNW.N,Pinnacle West Capital Corporation,4066722245.78999,base,418
2005,SBL.N^A07,Symbol Tech,4045193364.79999,dead-redo,419
2005,IFF.N,International Flavors & Fragrances Inc.,4037190320.52,base,420
2005,SWK.N,Stanley Black & Decker Inc,4029911570.19,base,421
2005,APCC.OQ^B07,SE IT,4020411320.0,dead-redo,422
2005,BMC.OQ^I13,BMC Software,4017349300.0,dead-redo,423
2005,NVDA.OQ,NVIDIA Corporation,3915976065.35999,base,424
2005,JNS.N^E17,Janus US Hldg,3875127841.2,dead-redo,425
2005,MWW.N^K16,Monster Wrldwd,3857152979.54,dead-redo,426
2005,GR.N^G12,Goodrich,3829605795.4,dead-redo,427
2005,TIN.N^B12,Temple-Inland,3816390455.04,dead-redo,428
2005,CMI.N,Cummins Inc,3813876719.73,base,429
2005,NVLS.OQ^F12,Novellus Systems,3810662669.58,dead-redo,430
2005,EFX.N,Equifax Inc.,3795958384.7,base,431
2005,MERQE.OQ^A06,Hewlett Packard,3785479789.6,dead-redo,432
2005,PTV.N^K10,Pactiv,3731510817.06,dead-redo,433
2005,EC.N^F06,Engelhard,3716754315.54,dead-redo,434
2005,AIV.N,Aimco,3652798037.46,base,435
2005,PLL.N^H15,Pall,3533982130.5,dead-redo,436
2005,AGN.N^E20,Allergan,3493125284.0,dead-redo,437
2005,CNP.N,"CenterPoint Energy, Inc.",3478382509.3,base,438
2005,BOL.N^J07,Bausch & Lomb,3434391845.22,dead-redo,439
2005,UIS.N,Unisys,3433701916.33999,base,440
2005,HAS.OQ,"Hasbro, Inc.",3430580080.08,base,441
2005,QLGC.OQ^H16,QLogic,3406134613.41,dead-redo,442
2005,TER.OQ,"Teradyne, Inc.",3314701642.11,base,443
2005,FHI.N,Federated Hermes,3266358004.79999,base,444
2005,R.N,Ryder,3071308854.75,base,445
2005,NAV.N^B07,Navistar Intl,3064715149.65,dead-redo,446
2005,CBE.N^L12,Cooper Inds,3058436233.0750003,dead-redo,447
2005,TE.N^G16,Teco Energy,3043007772.24,dead-redo,448
2005,ADCT.OQ^L10,CommScope (US),3000000000.0,manual-est,449
2005,HCR.N^L07,Manor Care,2990740890.8,dead-redo,450
2005,KG.N^C11,King Pharm,2971182907.8,dead-redo,451
2005,TSG.N^D07,Sabre Hldgs,2950755989.94,dead-redo,452
2005,LPX.N,Louisiana-Pacifc,2942810401.29999,base,453
2005,AW.N^L08,Allied Waste Ind,2892886546.05,dead-redo,454
2005,RVTY.N,"Revvity, Inc.",2880946847.35,base,455
2005,CC.N^K08,Circuit City,2861496365.2,dead-redo,456
2005,OMX.N^K13,OfficeMax,2808548381.1,dead-redo,457
2005,TAP.N,Molson Coors Beverage Company,2736683944.12,base,458
2005,RDC.N^D19,Rowan,2670140817.89999,dead-redo,459
2005,AYE.N^B11,Allegheny Enrgy,2657310040.0,dead-redo,460
2005,CVG.N^J18,Convergys,2655154323.36,dead-redo,461
2005,DJ.N^L07,Dow Jones & Co,2634082605.12,dead-redo,462
2005,TEK.N^K07,Tektronix,2632098285.29999,dead-redo,463
2005,GT.OQ,Goodyear Tire,2570979937.32,base,464
2005,DCN.N^C06,Dana Corp,2546515000.0,dead-redo,465
2005,NOVL.OQ^D11,Micro Focus,2488085891.01,dead-redo,466
2005,CPWR.OQ^L14,Compuware,2485536332.64,dead-redo,467
2005,MIL.N^G10,EMD Millipore,2428817009.52,dead-redo,468
2005,GTW.N^J07,Gateway,2186345245.5,dead-redo,469
2005,MDP.N^L21,Hawkeye Acqsn,2176099651.74,dead-redo,470
2005,ANDW.OQ^A08,CommScope LLC,2173128777.0,dead-redo,471
2005,DDS.N,Dillard's,2098993686.88,base,472
2005,ATI.N,ATI,2069537268.04,base,473
2005,CMS.N,CMS Energy Corporation,2034883596.35,base,474
2005,LSI.OQ^E14,LSI,2032434412.8,dead-redo,475
2005,CPN.N^L05,Calpine,2030364905.19999,dead-redo,476
2005,SNA.N,Snap-On Inc,1977050897.76,base,477
2005,PMCS.OQ^A16,Microchip Strg,1930094691.09,dead-redo,478
2005,CIEN.N,Ciena,1909685784.74,base,479
2005,DYN.N^G12,Dynegy,1748122589.99999,dead-redo,480
2005,ACV.N^K06,Alberto Culver,1673227953.3,dead-redo,481
2005,MYG.N^D06,Whirlpool Intl,1648564995.26,dead-redo,482
2005,HPC.N^K08,Hercules,1640301431.2,dead-redo,483
2005,PGL.N^B07,Peoples US IL,1639935338.09,dead-redo,484
2005,GAS.N^L11,Nicor,1600249998.6,dead-redo,485
2005,PTC.OQ,PTC Inc.,1592792995.51,base,486
2005,CTB.N^F21,Cooper Tire,1584184598.52,dead-redo,487
2005,GLK.N^G05,Great Lakes Chem,1444534898.90999,dead-redo,488
2005,BIG.N^I24,Former Bl Stores,1327287002.16,dead-redo,489
2005,AMCC.OQ^A17,App Micro Crts,1309607337.75,dead-redo,490
2005,VC.N^C09,Visteon,1217629000.0,dead-redo,491
2005,DAL.N^J05,Delta Air,978346562.76,dead-redo,492
2005,PWER.OQ^G13,Fimer,726081605.5,dead-redo,493
2005,RBK.N^B06,Reebok Internati,32487619.3514517,dead-redo,494
2006,GE.N,General Electric Company,370344153350.0,base,1
2006,XOM.N,Exxonmobil Holdings Corp,349511965738.79,base,2
2006,MSFT.OQ,Microsoft Corporation,278358230669.95,base,3
2006,C.N,Citigroup Inc,246051430817.2,base,4
2006,PG.N,The Procter & Gamble Company,198838616484.12,base,5
2006,WMT.OQ,Walmart Inc,194851341172.8,base,6
2006,BAC.N,Bank of America Corporation,185342123335.85,base,7
2006,JNJ.N,Johnson & Johnson,178793291497.5,base,8
2006,AIG.N,"American International Group, Inc.",177098321899.75,base,9
2006,PFE.N,Pfizer Inc.,171900963581.6,base,10
2006,MO.N,Altria Group Inc,155594605926.56,base,11
2006,INTC.OQ,Intel Corp,150483840000.0,base,12
2006,JPM.N,JPMorgan Chase & Co,138877870163.759,base,13
2006,IBM.N,International Business Machines Corporation,129836256793.2,base,14
2006,CVX.N,Chevron Corporation,127447724932.85,base,15
2006,CSCO.OQ,Cisco Systems Inc,105160397655.04,base,16
2006,WFC.N,Wells Fargo & Co,105067100509.97,base,17
2006,PEP.OQ,"PepsiCo, Inc.",98025179983.92,base,18
2006,AMGN.OQ,Amgen Inc,97338464790.48,base,19
2006,KO.N,Coca-Cola Co,95904349310.84,base,20
2006,T.N,AT&T Inc,95694971622.8799,base,21
2006,HD.N,"The Home Depot, Inc.",85991099749.28,base,22
2006,WB.N^A09,Wachovia Corp,84058222903.13,dead-redo,23
2006,VZ.N,Verizon Communications Inc,83281091487.24,base,24
2006,UPS.N,United Parcel Service Inc,82931738988.15,base,25
2006,HPQ.N,HP Inc,81242026032.23,base,26
2006,UNH.N,UnitedHealth Group Inc,80880453062.5,base,27
2006,TWX.N^F18,Time Warner,80755187537.45,dead-redo,28
2006,COP.N,ConocoPhillips,80728535947.14,base,29
2006,DELL.OQ^J13,Dell,72064836199.34,dead-redo,30
2006,MER.N^A09,Merrill Lyn,71192773494.06,dead-redo,31
2006,QCOM.OQ,QUALCOMM Incorporated,70831599438.5999,base,32
2006,MDT.N,Medtronic PLC,69636404990.34,base,33
2006,MRK.N,Merck & Co Inc,69556777343.8199,base,34
2006,S.N^G13,Sprint Commns DE,65584669849.2499,dead-redo,35
2006,LLY.N,Eli Lilly and Company,64321789441.87,base,36
2006,AXP.N,American Express Company,63897325254.26,base,37
2006,ORCL.N,Oracle Corporation,63028329315.93,base,38
2006,WYE.N^J09,Wyeth,62415043500.0,dead-redo,39
2006,ABT.N,Abbott Laboratories,61164933327.9099,base,40
2006,MS.N,Morgan Stanley,61161292691.28,base,41
2006,AAPL.OQ,Apple Inc.,60586587781.72,base,42
2006,EBAY.OQ,eBay Inc.,60238608832.38,base,43
2006,MMM.N,3M Company,58894766115.0,base,44
2006,AABA.OQ^J19,Altaba,58040497696.5399,dead-redo,45
2006,GS.N,Goldman Sachs Group Inc,57571577070.4799,base,46
2006,SLB.N,SLB N.V.,57229933105.35,base,47
2006,RTX.N,RTX Corporation,56952862672.75,base,48
2006,BA.N,Boeing Co,56702316989.92,base,49
2006,CMCSA.OQ,Comcast Corporation,56502372047.42,base,50
2006,MSI.N,Motorola Solutions Inc,56267050420.62,base,51
2006,USB.N,U.S. Bancorp,54290578353.2,base,52
2006,LOW.N,Lowe's Companies Inc,52122699142.14,base,53
2006,TXN.OQ,Texas Instruments Inc,51890953007.37,base,54
2006,TFCFA.OQ^C19,Tfcf,51348426676.98,dead-redo,55
2006,PSKY.OQ,Paramount Skydance Corp,50380827811.6,base,56
2006,BLS.N^A07,Bellsouth US,50334517671.93,dead-redo,57
2006,ELV.N,Elevance Health Inc,49166614436.74,base,58
2006,TGT.N,Target Corp,48328731452.11,base,59
2006,FNM.N^G10,Fannie Mae,47175627605.24,dead-redo,60
2006,DIS.N,The Walt Disney Company,46108914345.72,base,61
2006,WBA.OQ^H25,Walgreens Hldg,45938715261.78,dead-redo,62
2006,BMY.N,Bristol-Myers Squibb Company,44960844238.26,base,63
2006,FRE.N^G10,Freddie Mac,44926400000.0,dead-redo,64
2006,WM.N^I08,WMI Holdings,43000000000.0,manual-est,65
2006,MCD.N,McDonald's Corp,42439031081.1599,base,66
2006,DOW.N^I17,Dow Chem,42397821980.05,dead-redo,67
2006,DD.N^I17,EIDP,39588256453.74,dead-redo,68
2006,CAT.N,Caterpillar Inc,39295644640.61,base,69
2006,MET.N,"MetLife, Inc.",37106584270.0,base,70
2006,PRU.N,Prudential Financial Inc,36960950000.0,base,71
2006,EXC.OQ,Exelon Corp,35633425868.84,base,72
2006,ALL.N,Allstate Corp,35072005460.64,base,73
2006,LEH.N^I08,Lehman Bros Hldg,34796013516.84,dead-redo,74
2006,KRB.N^A06,MBNA,34075519169.85,dead-redo,75
2006,CCL.N,Carnival Corporation Ltd,34066633478.02,base,76
2006,BUD.N^K08,Anheuser-Busch,34000000000.0,manual-est,77
2006,TRB.N^L07,Tribune Media,33911861548.92,dead-redo,78
2006,BR.N^D06,Burlington Res,33161436780.6,dead-redo,79
2006,EMC.N^I16,EMC US,32704664042.88,dead-redo,80
2006,FDC.N^I07,First Data,32655763654.86,dead-redo,81
2006,OXY.N,Occidental Petroleum Corp,32111653280.32,base,82
2006,VLO.N,Valero Energy Corp,31923316581.6,base,83
2006,HAL.N,Halliburton Company,31775579969.24,base,84
2006,FDX.N,FedEx Corp,31418341783.36,base,85
2006,HON.OQ,Honeywell International Inc,31392774463.5,base,86
2006,TRV.N,"The Travelers Companies, Inc.",30931736184.27,base,87
2006,SGP.N^K09,Schering-Plough,30858447600.0,dead-redo,88
2006,EMR.N,Emerson Electric Co,30687903955.8,base,89
2006,WM.N,Waste Management Inc,29946645798.85,base,90
2006,CAH.N,"Cardinal Health, Inc.",29440757156.25,base,91
2006,GLW.N,Corning Incorporated,28940747334.48,base,92
2006,AMAT.OQ,Applied Materials Inc,28828403530.68,base,93
2006,CL.N,Colgate-Palmolive Company,28415317792.15,base,94
2006,KMB.OQ,Kimberly-Clark Corporation,27867811442.8,base,95
2006,DVN.N,Devon Energy Corporation,27786522000.0,base,96
2006,LMT.N,Lockheed Martin Corp,27746282666.97,base,97
2006,AET.N^K18,Aetna,26902176224.24,dead-redo,98
2006,D.N,"Dominion Energy, Inc.",26809684657.6,base,99
2006,STI.N^L19,SunTrust Banks,26754596574.64,dead-redo,100
2006,ADP.OQ,Automatic Data Processing Inc,26465934537.8999,base,101
2006,BNI.N^B10,Burlington Nrth,26251735741.8,dead-redo,102
2006,COF.N,Capital One Financial Corp,25842518640.0,base,103
2006,HIG.N,"The Hartford Insurance Group, Inc.",25799587696.68,base,104
2006,HWM.N,Howmet Aerospace Inc.,25732193087.3999,base,105
2006,SO.N,Southern Co,25603823765.73,base,106
2006,DUK.N,Duke Energy Corp,25461713326.5,base,107
2006,TXU.N^J07,Energy Future Hd,24784207979.44,dead-redo,108
2006,ITW.N,Illinois Tool Works Inc,24681455626.3799,base,109
2006,BNY.N,Bank of New York Mellon Corp,24521672070.35,base,110
2006,AT.N^K07,Alltel,24244234718.21,dead-redo,111
2006,GILD.OQ,"Gilead Sciences, Inc.",24072779540.32,base,112
2006,MRO.N^K24,Marathn Oil,23909112989.7199,dead-redo,113
2006,NEM.N,Newmont Corporation,23858349758.3999,base,114
2006,BEN.N,"Franklin Templeton, Inc.",23856499637.53,base,115
2006,BAX.N,Baxter International Inc.,23479353616.5,base,116
2006,COST.OQ,Costco Wholesale Corp,23407108846.5599,base,117
2006,CMX.N^C07,Caremark Rx,23387824304.0,dead-redo,118
2006,AFL.N,Aflac Incorporated,23227105816.42,base,119
2006,PGR.N,The Progressive Corporation,23034910470.5,base,120
2006,RIG.N,Transocea,23003440574.37,base,121
2006,SLM.OQ,SLM,22989793332.94,base,122
2006,GD.N,General Dynamics Corp,22958574417.6499,base,123
2006,SBUX.OQ,Starbucks Corp,22930747235.4,base,124
2006,APC.N^H19,Anadarko Petrol,22901154351.2,dead-redo,125
2006,TFC.N,Truist Financial Corporation,22727643507.03,base,126
2006,APA.OQ,APA Corporation,22563197334.96,base,127
2006,NKE.N,"NIKE, Inc.",22501863037.17,base,128
2006,ADBE.OQ,Adobe Inc,22220927615.04,base,129
2006,HCA.N^K06,HCA,21855279958.0,dead-redo,130
2006,GDT.N^D06,Guidant,21736047346.45,dead-redo,131
2006,MON.N^F18,Monsanto,21555472481.2399,dead-redo,132
2006,CVS.N,CVS Health Corporation,21511058320.0,base,133
2006,NOC.N,Northrop Grumman Corp,21357179777.1,base,134
2006,UNP.N,Union Pacific Corporation,21330327853.55,base,135
2006,BBY.N,"Best Buy Co., Inc.",21301982480.0,base,136
2006,FITB.N,Fifth Third Bancorp,20929079715.72,base,137
2006,NCC.N^A09,National City,20917771018.6299,dead-redo,138
2006,CFC.N^G08,Countrywide Fncl,20904118709.04,dead-redo,139
2006,GDW.N^J06,Golden West,20820282448.06,dead-redo,140
2006,BKR.OQ,Baker Hughes Company,20777289989.76,base,141
2006,BSX.N,Boston Scientific Corp,20069164849.8099,base,142
2006,CB.N^A16,Chubb NJ,19551275359.8,dead-redo,143
2006,AMZN.OQ,Amazon.com Inc,19542381109.7,base,144
2006,SPGI.N,S&P Global Inc,19356087000.0,base,145
2006,SYY.N,Sysco Corporation,19260347944.05,base,146
2006,GEN.OQ,Gen Digital Inc.,18925823945.0,base,147
2006,SCHW.N,The Charles Schwab Corporation,18916411002.12,base,148
2006,SHLD.OQ^J18,Sears,18847299673.88,dead-redo,149
2006,GENZ.OQ^D11,Genzyme,18571630245.84,dead-redo,150
2006,STJ.N^A17,St Jude Med,18537968906.34,dead-redo,151
2006,NSC.N,Norfolk Southern Corp,18219818014.3,base,152
2006,STT.N,State Street Corporation,18179043498.0,base,153
2006,MCO.N,Moody's Corporation,18143468000.0,base,154
2006,K.N^L25,Kellanova,18110395384.2399,dead-redo,155
2006,PNC.N,"The PNC Financial Services Group, Inc.",18068920779.51,base,156
2006,M.N,Macy's,18056075340.6,base,157
2006,SYK.N,Stryker Corporation,17993561835.66,base,158
2006,RTN.N^D20,Raytheon,17868920000.0,dead-redo,159
2006,EOG.N,"EOG Resources, Inc.",17724786891.13,base,160
2006,CAR.OQ,Avis Budget Grp,17670521776.5,base,161
2006,L.N,Loews Corporation,17618064535.75,base,162
2006,GIS.N,General Mills Inc,17566840261.8,base,163
2006,WWY.N^J08,WM Wrigley,17410538652.4499,dead-redo,164
2006,MRSH.N,Marsh & McLennan Companies Inc,17299661741.52,base,165
2006,CB.N,Chubb Limited,17225203243.2,base,166
2006,CCU.N^G08,iHeartCommns,17215687011.25,dead-redo,167
2006,SPG.N,Simon Property Group Inc,17213309082.02,base,168
2006,DHR.N,Danaher Corporation,17185818000.0,base,169
2006,LIN.OQ,Linde PLC,17069208347.68,base,170
2006,BRCM.OQ^B16,Broadcom Co,16983568000.0,dead-redo,171
2006,KSS.N,Kohls,16754980539.6,base,172
2006,ZBH.N,"Zimmer Biomet Holdings, Inc.",16709634157.4399,base,173
2006,XTO.N^F10,XTO Energy,16579902193.25,dead-redo,174
2006,SPLS.OQ^I17,Staples,16544048812.2,dead-redo,175
2006,IP.N,International Paper Co,16485656030.23,base,176
2006,NEE.N,"NextEra Energy, Inc.",16410186226.44,base,177
2006,A.N,Agilent Technologies Inc,16357267439.23,base,178
2006,GNW.N,Genworth Fincl,16279822447.98,base,179
2006,CA.OQ^K18,CA,16194113110.96,dead-redo,180
2006,FE.N,FirstEnergy Corp,16158679161.24,base,181
2006,WY.N,Weyerhaeuser Company,16136435920.38,base,182
2006,ADM.N,Archer-Daniels-Midland Co,16107383832.12,base,183
2006,DE.N,Deere & Co,16097672768.94,base,184
2006,EA.OQ^H26,Electronic Arts,16032859270.26,dead-redo,185
2006,MCK.N,McKesson Corp,15872755041.22,base,186
2006,PLD.N^F11,Prologis MD,15844283099.33,dead-redo,187
2006,RF.N,Regions Financial Corporation,15642692926.5599,base,188
2006,PEG.N,Public Service Enterprise Group Incorporated,15547079376.57,base,189
2006,BIIB.OQ,Biogen Inc.,15368478324.96,base,190
2006,OMC.N,Omnicom Group Inc,15349790300.0,base,191
2006,GAP.N,Gap,15340201969.68,base,192
2006,PD.N^C07,Freeport-Mc,15164496592.55,dead-redo,193
2006,BDX.N,Becton Dickinson and Co,15016679558.64,base,194
2006,TGNA.N^C26,Tegna,14880412243.19,dead-redo,195
2006,JAVA.OQ^B10,Oracle America,14749564315.68,dead-redo,196
2006,MEL.N^G07,Mellon Financial,14713806715.0199,dead-redo,197
2006,AGN.N^C15,Allerg,14649880720.64,dead-redo,198
2006,ETR.N,Entergy Corp,14553668466.6,base,199
2006,PAYX.OQ,"Paychex, Inc.",14470212595.16,base,200
2006,HSH.N^H14,Hillshire Brands,14404731623.55,dead-redo,201
2006,AEP.OQ,American Electric Power Company Inc,14271193962.17,base,202
2006,RAI.N^G17,Reynolds Amricn,14224734584.0,dead-redo,203
2006,EIX.N,Edison International,14208626693.66,base,204
2006,HOG.N,Harley Davidson,14140034479.0,base,205
2006,XRX.OQ,Xerox Hlngs,14069895951.1,base,206
2006,CI.N,The Cigna Group,14049643983.6999,base,207
2006,HOT.N^I16,Starwood Hotls,14030885184.0,dead-redo,208
2006,MAR.OQ,"Marriott International, Inc.",13954510504.72,base,209
2006,PCG.N,PG&E Corp,13910882140.16,base,210
2006,FRX.N^G14,Forest Labs,13869819587.0,dead-redo,211
2006,F.N,Ford Motor Co,13793784359.0399,base,212
2006,KR.N,Kroger Co,13697126780.8,base,213
2006,KEY.N,KeyCorp,13428432397.21,base,214
2006,TT.N,Trane Technologies PLC,13355788159.4499,base,215
2006,WFT.N^E19,Weatherford,13352604732.32,dead-redo,216
2006,HET.N^A08,HARRAH S,13305577952.4,dead-redo,217
2006,JCI.N^I16,Johnson Cntrl,13300000000.0,manual-fix,218
2006,PFG.OQ,Principal Financial Group Inc,13287580996.86,base,219
2006,WMB.N,"The Williams Companies, Inc.",13276750181.9399,base,220
2006,YUM.N,"Yum! Brands, Inc.",13269943981.6,base,221
2006,BSC.N^F08,Bear Stearns Cos,13235085595.1999,dead-redo,222
2006,ADI.OQ,"Analog Devices, Inc.",13158249922.4399,base,223
2006,APD.N,"Air Products and Chemicals, Inc.",13146510844.0199,base,224
2006,JCP.N^E20,Old Copper Co,13109996659.9,dead-redo,225
2006,LUV.N,Southwest Airlines Co,13024483727.47,base,226
2006,AVP.N^A20,Avon Prdcts,12967900287.72,dead-redo,227
2006,NFB.N^L06,North Fork Banc,12914712895.9499,dead-redo,228
2006,MAS.N,Masco Corporation,12794522000.0,base,229
2006,EOP.N^B07,Equity Office,12764680060.1,dead-redo,230
2006,TPR.N,"Tapestry, Inc.",12671476121.8,base,231
2006,ESRX.OQ^L18,Evernorth Health,12645367485.09,dead-redo,232
2006,EDS.N^H08,Peraton Entp,12511761752.8499,dead-redo,233
2006,HES.N^G25,Hess,12436358666.97,dead-redo,234
2006,AMD.OQ,"Advanced Micro Devices, Inc.",12364501852.8,base,235
2006,CPB.OQ,Campbell's Co,12312645777.77,base,236
2006,MTB.N,M&T Bank Corporation,12254411417.25,base,237
2006,MXIM.OQ^J07,Maxim Integrated,12184887713.04,dead-redo,238
2006,LU.N^L06,Nokia of America,11991902592.26,dead-redo,239
2006,NBR.N,Nabors Inds,11928873129.75,base,240
2006,VNO.N,Vornado Realty,11731226126.8699,base,241
2006,PCAR.OQ,Paccar Inc,11719984153.43,base,242
2006,SRE.N,Sempra,11527884391.36,base,243
2006,KMI.N^E07,Kinder Kansas,11527813878.0,dead-redo,244
2006,AON.N,Aon PLC,11504510166.45,base,245
2006,BEAM.N^E14,Suntory Global,11455216315.2,dead-redo,246
2006,ED.N,"Consolidated Edison, Inc.",11349012969.17,base,247
2006,HNZ.N^F13,Kraft Heinz Food,11321851458.08,dead-redo,248
2006,SUN.N^J12,ETC Sunoco Hldg,11316089871.12,dead-redo,249
2006,NTRS.OQ,Northern Trust Corporation,11309524976.06,base,250
2006,VMRK.N,Vivmark Residential,11273044687.6799,base,251
2006,LLTC.OQ^C17,Linear Tech,11206259204.28,dead-redo,252
2006,DHI.N,"D.R. Horton, Inc.",11186413857.3599,base,253
2006,PPL.N,PPL Corp,11176084718.4,base,254
2006,PGN.N^G12,Prgres Enrgy,11036440767.52,dead-redo,255
2006,CSX.OQ,CSX Corporation,11029230071.63,base,256
2006,KMG.N^H06,Kerr-McGee,10935764603.36,dead-redo,257
2006,NOV.N,Nov,10928654140.8,base,258
2006,ROH.N^D09,Rohm Haas,10854552339.06,dead-redo,259
2006,BBBY.OQ^E23,20230930-DK,10819930466.8,dead-redo,260
2006,TJX.N,"The TJX Companies, Inc.",10701817085.0,base,261
2006,GM.N^F09,Motors GUC Trust,10688074853.4,dead-redo,262
2006,SWY.N^A15,Safeway US,10625945000.0,dead-redo,263
2006,ROK.N,Rockwell Automation Inc,10597712618.64,base,264
2006,CAG.N,Conagra Brands,10530653680.56,base,265
2006,APOL.OQ^B17,Apollo Edu Grp,10528476100.0,dead-redo,266
2006,CEG.N^C12,Constell Energy,10475054702.58,dead-redo,267
2006,AEE.N,Ameren Corporation,10466981621.04,base,268
2006,Q.N^D11,Qwest Comms Intl,10415973332.8,dead-redo,269
2006,DGX.N,Quest Diagnostics Inc,10403430780.5999,base,270
2006,NUE.N,Nucor Corporation,10382889672.0,base,271
2006,IGT.N^D15,IGT,10357875430.6999,dead-redo,272
2006,AES.N,The AES Corporation,10339758556.19,base,273
2006,AMP.N,Ameriprise Financial Inc,10248266766.0,base,274
2006,MI.N^G11,Marshall Ilsley,10243902124.56,dead-redo,275
2006,NE.N^H20,Noble Corp,10215153626.86,dead-redo,276
2006,TXT.N,Textron Inc,10189978623.66,base,277
2006,JWN.N^E25,Nordstrom,10179949040.0,dead-redo,278
2006,PHM.N,"PulteGroup, Inc.",10173401556.48,base,279
2006,NTAP.OQ,NetApp Inc,10046858436.0,base,280
2006,MUR.N,Murphy Oil,10016814964.69,base,281
2006,HSY.N,The Hershey Company,9980382265.75,base,282
2006,ETN.N,Eaton Corporation PLC,9929320000.0,base,283
2006,ADSK.OQ,"Autodesk, Inc.",9908244000.0,base,284
2006,FCX.N,Freeport-McMoRan Inc,9901618955.6,base,285
2006,ODP.OQ^L25,ODP Group,9883315488.0,dead-redo,286
2006,KLAC.OQ,KLA Corporation,9738309541.65,base,287
2006,PPG.N,"PPG Industries, Inc.",9670891092.0,base,288
2006,PBI.N,Pitney Bowes,9637918322.5,base,289
2006,XL.N^I18,XL Grp,9589490697.12,dead-redo,290
2006,CMA.N^B26,Comerica,9519462892.8,dead-redo,291
2006,ITT.N,ITT,9494672609.66,base,292
2006,INTU.OQ,Intuit Inc.,9431218015.69999,base,293
2006,TROW.OQ,"T. Rowe Price Group, Inc.",9413637435.3,base,294
2006,DXC.N,DXC Tech,9368843150.64,base,295
2006,CTX.N^H09,Centex,9357579456.25,dead-redo,296
2006,HLT.N^J07,Park Hotels,9334159828.47,dead-redo,297
2006,ASO.N^K06,AmSouth Bancorp,9319102380.0,dead-redo,298
2006,ECL.N,Ecolab Inc.,9285998386.86,base,299
2006,LEN.N,Lennar Corp,9247656731.61,base,300
2006,UVN.N^C07,Univision Comm,9200759073.64,dead-redo,301
2006,LNC.N,LNC,9186837071.67,base,302
2006,ASN.N^J07,Archstone Smith,9155848100.0,dead-redo,303
2006,CVH.N^E13,Coventry Health,9128869635.09,dead-redo,304
2006,BMET.OQ^J07,Biomet,9128742284.0,dead-redo,305
2006,NSM.N^I11,Natl Semiconduct,9095246136.9,dead-redo,306
2006,CCEP.OQ,Coca-Cola UK,9077255443.62,base,307
2006,LLL.N^G19,L3 Tech,9053390329.92,dead-redo,308
2006,XLNX.OQ^B22,Xilinx,8981398951.92,dead-redo,309
2006,BBWI.N,Bath & Body,8945944474.2,base,310
2006,HUM.N,Humana Inc.,8844322784.22,base,311
2006,MHS.N^D12,Medco Health Sol,8788409356.725,dead-redo,312
2006,PSA.N,Public Storage,8748667432.16,base,313
2006,COR.N,"Cencora, Inc.",8632782979.19999,base,314
2006,CIN.N^D06,Cinergy,8605646226.3,dead-redo,315
2006,SNV.N^A26,Synovus Fin,8582230792.44,dead-redo,316
2006,CLX.N,The Clorox Company,8573416128.93,base,317
2006,ETFC.OQ^J20,E*TRADE Financl,8565987154.2,dead-redo,318
2006,BFb.N,Brown-Forman Corporation,8557185725.29999,base,319
2006,MEDI.OQ^F07,Medimmune LLC,8545590415.50999,dead-redo,320
2006,CHIR.OQ^D06,Novartis Vaccine,8416135856.39,dead-redo,321
2006,MU.OQ,"Micron Technology, Inc.",8225465041.53,base,322
2006,ABK.N^K10,Octave Specialty,8216205154.42,dead-redo,323
2006,DOV.N,Dover Corp,8206030397.24,base,324
2006,COL.N^K18,Rockwell Collins,8121414645.99,dead-redo,325
2006,MBI.N,MBIA,8065143930.87999,base,326
2006,HRB.N,H&R Block,8043517883.65,base,327
2006,ABS.N^F06,Albertson,8002504799.09999,dead-redo,328
2006,FISV.OQ,Fiserv Inc,7983068101.38,base,329
2006,EP.N^E12,El Paso,7948801370.09,dead-redo,330
2006,PH.N,Parker-Hannifin Corp,7899743791.07999,base,331
2006,SSP.OQ,E W Scripps,7855653649.75999,base,332
2006,CINF.OQ,Cincinnati Financial Corporation,7806017600.48,base,333
2006,SOV.N^A09,Santander Hldg,7789614213.38999,dead-redo,334
2006,JP.N^D06,Jefferson-Pilot,7681363031.1,dead-redo,335
2006,DTE.N,DTE Energy Company,7680296129.24,base,336
2006,FSH.N^K06,Fisher,7627422662.8,dead-redo,337
2006,GPC.N,Genuine Parts Co,7621067793.6,base,338
2006,JBL.N,Jabil Inc.,7618082153.36,base,339
2006,ACS.N^B10,Affiliated Comp,7597499564.65,dead-redo,340
2006,XEL.OQ,Xcel Energy Inc,7437309821.76,base,341
2006,RRD.N^B22,RR Donnelley,7322689999.99999,dead-redo,342
2006,LH.N,Labcorp Holdings Inc.,7157755085.55,base,343
2006,SAF.N^I08,Safeco,7134285831.75,dead-redo,344
2006,AZO.N,"AutoZone, Inc.",7039613711.25,base,345
2006,KBH.N,KB Home,7022314781.16,base,346
2006,HSP.N^I15,Hospira,6940796291.95,dead-redo,347
2006,ALTR.OQ^L15,Altera,6923041141.7,dead-redo,348
2006,EK.N^A12,Eastman Kodak,6912919958.41,dead-redo,349
2006,PBG.N^C10,Pepsi Bottling,6912749716.2,dead-redo,350
2006,CTAS.OQ,Cintas Corporation,6908242510.8,base,351
2006,VMC.N,Vulcan Materials Co,6899268134.0,base,352
2006,BDK.N^C10,Black & Decker,6891522663.19,dead-redo,353
2006,BCR.N^L17,CR Bard,6869881847.82,dead-redo,354
2006,FSLb.N^L06,Nxp USA,6843959005.65,dead-redo,355
2006,ZION.OQ,Zions Bancorp,6810486655.52,base,356
2006,PCL.N^B16,Plum Creek Timb,6780471922.32,dead-redo,357
2006,UST.N^A09,UST DE,6779970158.15,dead-redo,358
2006,UNM.N,Unum Group,6779937869.25,base,359
2006,FLR.N,Fluor,6708079875.96,base,360
2006,SFA.N^B06,Scient Atlanta,6587788736.09999,dead-redo,361
2006,NWL.OQ,Newell Brands,6551390000.0,base,362
2006,RHI.N,Robert Half,6452893203.3,base,363
2006,WEN.N^I08,Wendys Intl,6436264170.0,dead-redo,364
2006,STZ.N,"Constellation Brands, Inc.",6424981222.22,base,365
2006,MAT.OQ,Mattel,6386561052.2,base,366
2006,KSE.N^H07,Keyspan,6374648872.08,dead-redo,367
2006,GWW.N,WW Grainger Inc,6358867604.99999,base,368
2006,NVDA.OQ,NVIDIA Corporation,6258202639.76,base,369
2006,VYX.N,NCR Voyix,6231384000.0,base,370
2006,SHW.N,Sherwin-Williams Co,6218271564.66,base,371
2006,VFC.N,VF,6152522064.42,base,372
2006,AVY.N,Avery Dennison Corp,6105249939.25,base,373
2006,CBSS.OQ^I07,BBVA USA TX,6080101823.38,dead-redo,374
2006,TSN.N,Tyson Foods Inc,6061871887.2,base,375
2006,MTG.N,MGIC Investment,5971890198.24,base,376
2006,DG.N^G07,Dollar General,5889301278.6,dead-redo,377
2006,DRI.N,Darden Restaurants Inc,5877439522.56,base,378
2006,RX.N^C10,Iqvia,5857286711.04,dead-redo,379
2006,GL.N,Globe Life Inc.,5770047514.8,base,380
2006,AN.N,AutoNation,5701713295.95,base,381
2006,NI.N,NiSource Inc.,5686883029.8,base,382
2006,WHR.N,Whirlpool,5650917483.36,base,383
2006,X.N^F25,U. S. Steel,5605688990.88,dead-redo,384
2006,SEBL.OQ^B06,Siebel Systems,5597789191.48,dead-redo,385
2006,TAP.N,Molson Coors Beverage Company,5594655740.01999,base,386
2006,TIF.N^A21,Tiffany,5516180398.82,dead-redo,387
2006,HBAN.OQ,Huntington Bancshares Inc,5419680555.0,base,388
2006,CMVT.OQ^B07,Comverse Tech,5377369000.52,dead-redo,389
2006,ABI.N^K08,Applied Biosyst,5304471513.59999,dead-redo,390
2006,HMA.N^A14,Health Mgmt,5282041021.4,dead-redo,391
2006,AYE.N^B11,Allegheny Enrgy,5243852464.200001,dead-redo,392
2006,LXK.N^K16,Lexmark Intl,5233766107.9,dead-redo,393
2006,TLAB.OQ^L13,Infinera Optical,5175690000.0,dead-redo,394
2006,CTXS.OQ^J22,Citrix Systems,5156440812.59999,dead-redo,395
2006,AV.N^J07,Avaya,5072268124.0,dead-redo,396
2006,MWV.N^G15,Westrock MWV,5061009875.16,dead-redo,397
2006,MWW.N^K16,Monster Wrldwd,5052108706.55999,dead-redo,398
2006,TIN.N^B12,Temple-Inland,4994359155.0,dead-redo,399
2006,EFX.N,Equifax Inc.,4937593450.36,base,400
2006,GR.N^G12,Goodrich,4927688849.49,dead-redo,401
2006,TMO.N,Thermo Fisher Scientific Inc,4888527178.16,base,402
2006,FHN.N,First Horizon,4843545825.32,base,403
2006,AMCR.N,Amcor PLC,4820221321.39033,base,404
2006,MOLX.OQ^L13,Molex,4727156049.99,dead-redo,405
2006,PDCO.OQ^D25,Patterson,4615730188.08,dead-redo,406
2006,EC.N^F06,Engelhard,4556449242.0,dead-redo,407
2006,BMC.OQ^I13,BMC Software,4544420980.0,dead-redo,408
2006,SEE.N^D26,Sealed Air,4506789212.94,dead-redo,409
2006,SVU.N^J18,Supervalu,4458704233.76,dead-redo,410
2006,APCC.OQ^B07,SE IT,4382778840.0,dead-redo,411
2006,LUMN.N,Lumen Tech,4343744360.51999,base,412
2006,KRI.N^F06,Knight Ridder,4305371826.0,dead-redo,413
2006,SIAL.OQ^K15,Sigma Aldrich,4270354478.87999,dead-redo,414
2006,EMN.N,Eastman Chemical,4203671857.0,base,415
2006,CMI.N,Cummins Inc,4201625375.46,base,416
2006,IPG.N^K25,Interpublic Grp,4189020383.31,dead-redo,417
2006,WAT.N,Waters Corp,4183423259.39999,base,418
2006,RDC.N^D19,Rowan,4173809376.95999,dead-redo,419
2006,ASH.N,Ashland,4155439864.5,base,420
2006,KG.N^C11,King Pharm,4141931065.83,dead-redo,421
2006,BALL.N,Ball Corp,4132540693.2,base,422
2006,MKC.N,"McCormick & Company, Incorporated",4103526116.36,base,423
2006,PNW.N,Pinnacle West Capital Corporation,4083761561.0,base,424
2006,JNS.N^E17,Janus US Hldg,4076680292.99999,dead-redo,425
2006,FTR.OQ^D20,Frontier Comm,4056858731.7,dead-redo,426
2006,CC.N^K08,Circuit City,4034576099.02,dead-redo,427
2006,SWK.N,Stanley Black & Decker Inc,4016675898.88,base,428
2006,CNP.N,"CenterPoint Energy, Inc.",3984864387.29999,base,429
2006,FHI.N,Federated Hermes,3969878601.92,base,430
2006,BC.N,Brunswick Corp,3922129631.83999,base,431
2006,VIAV.OQ,Viavi Solutions,3899688145.16,base,432
2006,FDO.N^G15,Family Dlr,3861694547.31,dead-redo,433
2006,NYT.N,New York Times,3815382505.7,base,434
2006,KATE.N^G17,Kate Spade & Co,3804368684.25,dead-redo,435
2006,BOL.N^J07,Bausch & Lomb,3705761754.36,dead-redo,436
2006,AGN.N^E20,Allergan,3650246099.99999,dead-redo,437
2006,TE.N^G16,Teco Energy,3628339293.09,dead-redo,438
2006,AIV.N,Aimco,3624304875.24,base,439
2006,CPWR.OQ^L14,Compuware,3611020010.68,dead-redo,440
2006,HAS.OQ,"Hasbro, Inc.",3599096340.6,base,441
2006,THC.N,Tenet Healthcare,3595651913.3,base,442
2006,JNY.N^D14,Jones Group,3563140662.0,dead-redo,443
2006,ATI.N,ATI,3526821334.96,base,444
2006,MIL.N^G10,EMD Millipore,3508610147.16,dead-redo,445
2006,NOVL.OQ^D11,Micro Focus,3415328945.6000004,dead-redo,446
2006,CBE.N^L12,Cooper Inds,3384575488.48,dead-redo,447
2006,SLR.N^J07,Solectron,3365581661.1200004,dead-redo,448
2006,PLL.N^H15,Pall,3352461174.27,dead-redo,449
2006,NVLS.OQ^F12,Novellus Systems,3263748256.98,dead-redo,450
2006,DJ.N^L07,Dow Jones & Co,3252407225.54,dead-redo,451
2006,TSG.N^D07,Sabre Hldgs,3229549135.4,dead-redo,452
2006,SBL.N^A07,Symbol Tech,3224949594.0,dead-redo,453
2006,LSI.OQ^E14,LSI,3196245561.6,dead-redo,454
2006,CMS.N,CMS Energy Corporation,3193585443.82,base,455
2006,HCR.N^L07,Manor Care,3166934140.54,dead-redo,456
2006,PTV.N^K10,Pactiv,3146510974.32,dead-redo,457
2006,IFF.N,International Flavors & Fragrances Inc.,3111609544.5,base,458
2006,RVTY.N,"Revvity, Inc.",3081583775.44,base,459
2006,GT.OQ,Goodyear Tire,3065891821.96,base,460
2006,AW.N^L08,Allied Waste Ind,2943277365.8,dead-redo,461
2006,LPX.N,Louisiana-Pacifc,2905609939.50999,base,462
2006,TER.OQ,"Teradyne, Inc.",2868833480.81,base,463
2006,RSH.N^B15,RS Legacy,2862125990.54,dead-redo,464
2006,R.N,Ryder,2632411285.98,base,465
2006,ADCT.OQ^L10,CommScope (US),2631766626.0,dead-redo,466
2006,QLGC.OQ^H16,QLogic,2615982657.64999,dead-redo,467
2006,MDP.N^L21,Hawkeye Acqsn,2587757521.92,dead-redo,468
2006,MERQE.OQ^A06,Hewlett Packard,2414485283.36,dead-redo,469
2006,TEK.N^K07,Tektronix,2333193104.67,dead-redo,470
2006,SANM.OQ,Sanmina,2255912449.38,base,471
2006,CVG.N^J18,Convergys,2222987700.28,dead-redo,472
2006,SNA.N,Snap-On Inc,2175855156.96,base,473
2006,NAV.N^B07,Navistar Intl,2017666681.68,dead-redo,474
2006,UIS.N,Unisys,1989615585.1,base,475
2006,DYN.N^G12,Dynegy,1968338045.8,dead-redo,476
2006,DDS.N,Dillard's,1960113731.92,base,477
2006,GAS.N^L11,Nicor,1814778301.96,dead-redo,478
2006,OMX.N^K13,OfficeMax,1758643881.12,dead-redo,479
2006,CIEN.N,Ciena,1716552981.99,base,480
2006,ANDW.OQ^A08,CommScope LLC,1694915456.58,dead-redo,481
2006,PTC.OQ,PTC Inc.,1692132600.69999,base,482
2006,ACV.N^K06,Alberto Culver,1673227953.3,dead-redo,483
2006,MYG.N^D06,Whirlpool Intl,1518111797.72,dead-redo,484
2006,PMCS.OQ^A16,Microchip Strg,1460426992.22,dead-redo,485
2006,BIG.N^I24,Former Bl Stores,1387813620.89999,dead-redo,486
2006,PGL.N^B07,Peoples US IL,1374171985.83,dead-redo,487
2006,HPC.N^K08,Hercules,1294489357.56,dead-redo,488
2006,DCN.N^C06,Dana Corp,1091002772.25,dead-redo,489
2006,GTW.N^J07,Gateway,1048536250.13,dead-redo,490
2006,CTB.N^F21,Cooper Tire,964503165.34,dead-redo,491
2006,VC.N^C09,Visteon,812368330.0,dead-redo,492
2006,AMCC.OQ^A17,App Micro Crts,806692783.5,dead-redo,493
2006,RBK.N^B06,Reebok Internati,10455994.330807,dead-redo,494
2007,XOM.N,Exxonmobil Holdings Corp,446943589540.35,base,1
2007,GE.N,General Electric Company,383564475420.0,base,2
2007,MSFT.OQ,Microsoft Corporation,293537538376.98,base,3
2007,C.N,Citigroup Inc,273691242208.2,base,4
2007,BAC.N,Bank of America Corporation,239757839794.6,base,5
2007,T.N,AT&T Inc,222000000000.0,manual-fix,6
2007,PG.N,The Procter & Gamble Company,202796517018.81,base,7
2007,WMT.OQ,Walmart Inc,192479417312.92,base,8
2007,JNJ.N,Johnson & Johnson,191415428983.599,base,9
2007,PFE.N,Pfizer Inc.,186750516745.8,base,10
2007,AIG.N,"American International Group, Inc.",186296022266.9,base,11
2007,MO.N,Altria Group Inc,179868470689.039,base,12
2007,JPM.N,JPMorgan Chase & Co,167550658407.3,base,13
2007,CSCO.OQ,Cisco Systems Inc,165967404558.03,base,14
2007,CVX.N,Chevron Corporation,160294116680.91,base,15
2007,IBM.N,International Business Machines Corporation,146342081644.6,base,16
2007,GOOGL.OQ,Alphabet Inc.,140979208975.04,base,17
2007,WFC.N,Wells Fargo & Co,120049306830.04,base,18
2007,COP.N,ConocoPhillips,118413138333.15,base,19
2007,INTC.OQ,Intel Corp,116761500000.0,base,20
2007,KO.N,Coca-Cola Co,113088154201.5,base,21
2007,HPQ.N,HP Inc,112070087657.31,base,22
2007,WB.N^A09,Wachovia Corp,108752917835.77,dead-redo,23
2007,VZ.N,Verizon Communications Inc,108722749511.32,base,24
2007,PEP.OQ,"PepsiCo, Inc.",102712193196.299,base,25
2007,MER.N^A09,Merrill Lyn,101922406521.989,dead-redo,26
2007,MRK.N,Merck & Co Inc,94655716368.4,base,27
2007,TFCFA.OQ^C19,Tfcf,89893812596.64,dead-redo,28
2007,ORCL.N,Oracle Corporation,88822751117.58,base,29
2007,TWX.N^F18,Time Warner,87929606650.26,dead-redo,30
2007,CMCSA.OQ,Comcast Corporation,87774144085.5,base,31
2007,MS.N,Morgan Stanley,86198399844.67,base,32
2007,BLS.N^A07,Bellsouth US,85223352245.9266,dead-redo,33
2007,GS.N,Goldman Sachs Group Inc,84889629932.4,base,34
2007,HD.N,"The Home Depot, Inc.",81961385986.4,base,35
2007,UPS.N,United Parcel Service Inc,80494294554.22,base,36
2007,AMGN.OQ,Amgen Inc,79684875729.36,base,37
2007,ABT.N,Abbott Laboratories,74763216769.62,base,38
2007,SLB.N,SLB N.V.,74416078600.64,base,39
2007,AAPL.OQ,Apple Inc.,72900785543.88,base,40
2007,AXP.N,American Express Company,72632231096.0,base,41
2007,UNH.N,UnitedHealth Group Inc,72374103999.18,base,42
2007,DIS.N,The Walt Disney Company,70886028552.43,base,43
2007,BA.N,Boeing Co,70249284298.2,base,44
2007,WYE.N^J09,Wyeth,69233795590.0,dead-redo,45
2007,USB.N,U.S. Bancorp,63616944931.5399,base,46
2007,RTX.N,RTX Corporation,62748252392.4,base,47
2007,QCOM.OQ,QUALCOMM Incorporated,62449985541.3699,base,48
2007,MDT.N,Medtronic PLC,61597137157.43,base,49
2007,LLY.N,Eli Lilly and Company,58955758349.2,base,50
2007,FNM.N^G10,Fannie Mae,58366653843.82,dead-redo,51
2007,DELL.OQ^J13,Dell,57903443689.39,dead-redo,52
2007,MMM.N,3M Company,57385011030.23,base,53
2007,S.N^G13,Sprint Commns DE,55118965857.7599,dead-redo,54
2007,MCD.N,McDonald's Corp,54825062334.9,base,55
2007,BMY.N,Bristol-Myers Squibb Company,51764284802.72,base,56
2007,MSI.N,Motorola Solutions Inc,49703085067.1199,base,57
2007,TGT.N,Target Corp,48999530049.3999,base,58
2007,ELV.N,Elevance Health Inc,48789462641.01,base,59
2007,LOW.N,Lowe's Companies Inc,47434795799.2999,base,60
2007,WBA.OQ^H25,Walgreens Hldg,46108135456.04,dead-redo,61
2007,DD.N^I17,EIDP,45107179430.88,dead-redo,62
2007,FRE.N^G10,Freddie Mac,44892546144.42,dead-redo,63
2007,MET.N,"MetLife, Inc.",44861380192.2299,base,64
2007,TXN.OQ,Texas Instruments Inc,42735868761.6,base,65
2007,EBAY.OQ,eBay Inc.,41920826687.97,base,66
2007,DUK.N,Duke Energy Corp,41687685008.28,base,67
2007,LEH.N^I08,Lehman Bros Hldg,41678440646.61,dead-redo,68
2007,EXC.OQ,Exelon Corp,41525374871.46,base,69
2007,PRU.N,Prudential Financial Inc,41126940000.0,base,70
2007,OXY.N,Occidental Petroleum Corp,41070092509.51,base,71
2007,ALL.N,Allstate Corp,40689956430.96,base,72
2007,WM.N^I08,WMI Holdings,40000000000.0,manual-est,73
2007,CAT.N,Caterpillar Inc,39897279290.42,base,74
2007,LMT.N,Lockheed Martin Corp,39028088791.89,base,75
2007,DOW.N^I17,Dow Chem,38465586309.97,dead-redo,76
2007,BUD.N^K08,Anheuser-Busch,38000000000.0,manual-est,77
2007,TRV.N,"The Travelers Companies, Inc.",37047083171.28,base,78
2007,HON.OQ,Honeywell International Inc,36938903261.52,base,79
2007,EMR.N,Emerson Electric Co,35376439510.2,base,80
2007,SGP.N^K09,Schering-Plough,34884895630.0,dead-redo,81
2007,AABA.OQ^J19,Altaba,34835189971.53,dead-redo,82
2007,WM.N,Waste Management Inc,34755785178.65,base,83
2007,CL.N,Colgate-Palmolive Company,33554240518.6799,base,84
2007,FDX.N,FedEx Corp,33359137065.3,base,85
2007,HAL.N,Halliburton Company,31221057958.65,base,86
2007,KMB.OQ,Kimberly-Clark Corporation,31141892564.1,base,87
2007,VLO.N,Valero Energy Corp,30932265167.92,base,88
2007,MRO.N^K24,Marathn Oil,30705275668.6999,dead-redo,89
2007,DTV.OQ^G15,DIRCTV,30589466600.0,dead-redo,90
2007,CCL.N,Carnival Corporation Ltd,30530462550.3,base,91
2007,BAX.N,Baxter International Inc.,30360248075.82,base,92
2007,GD.N,General Dynamics Corp,30085304448.4999,base,93
2007,STI.N^L19,SunTrust Banks,29995721016.8,dead-redo,94
2007,TRB.N^L07,Tribune Media,29981616953.3,dead-redo,95
2007,GILD.OQ,"Gilead Sciences, Inc.",29856561461.09,base,96
2007,D.N,"Dominion Energy, Inc.",29655753925.76,base,97
2007,DVN.N,Devon Energy Corporation,29649427080.0,base,98
2007,BNY.N,Bank of New York Mellon Corp,29600006902.23,base,99
2007,HIG.N,"The Hartford Insurance Group, Inc.",29573493831.07,base,100
2007,GLW.N,Corning Incorporated,29268086865.1,base,101
2007,VIAB.OQ^L19,Viacom,29074937999.1299,dead-redo,102
2007,EMC.N^I16,EMC US,29071712221.1999,dead-redo,103
2007,MON.N^F18,Monsanto,28088420416.16,dead-redo,104
2007,BEN.N,"Franklin Templeton, Inc.",27932270332.8299,base,105
2007,SO.N,Southern Co,27377404804.0799,base,106
2007,ADP.OQ,Automatic Data Processing Inc,27117403270.25,base,107
2007,SBUX.OQ,Starbucks Corp,26737060725.76,base,108
2007,BNI.N^B10,Burlington Nrth,26509457559.6,dead-redo,109
2007,PSKY.OQ,Paramount Skydance Corp,26309657434.84,base,110
2007,ITW.N,Illinois Tool Works Inc,26184104658.4699,base,111
2007,CFC.N^G08,Countrywide Fncl,26153481809.42,dead-redo,112
2007,CAH.N,"Cardinal Health, Inc.",26094925028.47,base,113
2007,HWM.N,Howmet Aerospace Inc.,26021661726.91,base,114
2007,SHLD.OQ^J18,Sears,25744652789.52,dead-redo,115
2007,AMAT.OQ,Applied Materials Inc,25696108479.1499,base,116
2007,CVS.N,CVS Health Corporation,25456486880.0,base,117
2007,BSX.N,Boston Scientific Corp,25325533058.88,base,118
2007,NKE.N,"NIKE, Inc.",24955149025.5,base,119
2007,TXU.N^J07,Energy Future Hd,24877060539.33,dead-redo,120
2007,UNP.N,Union Pacific Corporation,24819628050.62,base,121
2007,SCHW.N,The Charles Schwab Corporation,24422233798.98,base,122
2007,ADBE.OQ,Adobe Inc,24197330663.1999,base,123
2007,CMX.N^C07,Caremark Rx,24107661525.61,dead-redo,124
2007,SPGI.N,S&P Global Inc,24092684000.0,base,125
2007,BKR.OQ,Baker Hughes Company,23946270111.92,base,126
2007,COST.OQ,Costco Wholesale Corp,23913850960.9499,base,127
2007,TFC.N,Truist Financial Corporation,23763270113.07,base,128
2007,BBY.N,"Best Buy Co., Inc.",23705989130.0,base,129
2007,PD.N^C07,Freeport-Mc,23660655228.4899,dead-redo,130
2007,RIG.N,Transocea,23652052137.03,base,131
2007,COF.N,Capital One Financial Corp,23411236541.7199,base,132
2007,NOC.N,Northrop Grumman Corp,23384433358.5,base,133
2007,RTN.N^D20,Raytheon,23169669300.0,dead-redo,134
2007,AT.N^K07,Alltel,23116616047.16,dead-redo,135
2007,FITB.N,Fifth Third Bancorp,22841655214.34,base,136
2007,L.N,Loews Corporation,22831008547.4899,base,137
2007,AFL.N,Aflac Incorporated,22747181056.0,base,138
2007,NCC.N^A09,National City,22726011147.85,dead-redo,139
2007,SYY.N,Sysco Corporation,22722358481.96,base,140
2007,SYK.N,Stryker Corporation,22438975629.51,base,141
2007,SPG.N,Simon Property Group Inc,22414478584.47,base,142
2007,STT.N,State Street Corporation,22395146767.2,base,143
2007,AET.N^K18,Aetna,22383360000.0,dead-redo,144
2007,KSS.N,Kohls,22378063453.2,base,145
2007,DHR.N,Danaher Corporation,22260812000.0,base,146
2007,NEE.N,"NextEra Energy, Inc.",22026313835.82,base,147
2007,CB.N^A16,Chubb NJ,21957172996.92,dead-redo,148
2007,APA.OQ,APA Corporation,21909288226.95,base,149
2007,PNC.N,"The PNC Financial Services Group, Inc.",21753859360.2,base,150
2007,DE.N,Deere & Co,21631483116.69,base,151
2007,ADM.N,Archer-Daniels-Midland Co,21005588424.16,base,152
2007,M.N,Macy's,20725348429.56,base,153
2007,CELG.OQ^K19,Celgene,20159663295.2,dead-redo,154
2007,PLD.N^F11,Prologis MD,20136414776.93,dead-redo,155
2007,K.N^L25,Kellanova,20096061693.6,dead-redo,156
2007,NSC.N,Norfolk Southern Corp,19959692242.88,base,157
2007,SLM.OQ,SLM,19935234661.38,base,158
2007,GIS.N,General Mills Inc,19880632454.4,base,159
2007,CB.N,Chubb Limited,19754903258.91,base,160
2007,GEN.OQ,Gen Digital Inc.,19557666855.75,base,161
2007,JAVA.OQ^B10,Oracle America,19498356173.04,dead-redo,162
2007,APC.N^H19,Anadarko Petrol,19415012262.0399,dead-redo,163
2007,FDC.N^I07,First Data,19412963785.8,dead-redo,164
2007,MCO.N,Moody's Corporation,19322988000.0,base,165
2007,RAI.N^G17,Reynolds Amricn,19317485355.8,dead-redo,166
2007,FE.N,FirstEnergy Corp,19248092675.1,base,167
2007,LIN.OQ,Linde PLC,19157591796.3299,base,168
2007,BSC.N^F08,Bear Stearns Cos,19101760551.12,dead-redo,169
2007,ETR.N,Entergy Corp,19097421183.3599,base,170
2007,SPLS.OQ^I17,Staples,19077473738.3999,dead-redo,171
2007,NEM.N,Newmont Corporation,19074079836.0,base,172
2007,MAR.OQ,"Marriott International, Inc.",18868045253.84,base,173
2007,ZBH.N,"Zimmer Biomet Holdings, Inc.",18705278130.18,base,174
2007,TMO.N,Thermo Fisher Scientific Inc,18482113535.69,base,175
2007,PGR.N,The Progressive Corporation,18448074810.34,base,176
2007,LNC.N,LNC,18418030340.0,base,177
2007,VNO.N,Vornado Realty,18403628571.0,base,178
2007,AGN.N^C15,Allerg,18318483168.16,dead-redo,179
2007,HOG.N,Harley Davidson,18261199688.13,base,180
2007,OMC.N,Omnicom Group Inc,17865886000.0,base,181
2007,BRCM.OQ^B16,Broadcom Co,17803301000.0,dead-redo,182
2007,CME.OQ,CME Group Inc.,17747602807.9999,base,183
2007,WWY.N^J08,WM Wrigley,17689169797.36,dead-redo,184
2007,JCP.N^E20,Old Copper Co,17562040278.0,dead-redo,185
2007,CCU.N^G08,iHeartCommns,17534688822.4899,dead-redo,186
2007,MEL.N^G07,Mellon Financial,17532974662.83,dead-redo,187
2007,BDX.N,Becton Dickinson and Co,17165130401.35,base,188
2007,WU.N,Western Union,17151300000.0,base,189
2007,RF.N,Regions Financial Corporation,17054769998.1999,base,190
2007,EOP.N^B07,Equity Office,16931080041.96,dead-redo,191
2007,MRSH.N,Marsh & McLennan Companies Inc,16897401439.8,base,192
2007,AEP.OQ,American Electric Power Company Inc,16843471727.5,base,193
2007,PEG.N,Public Service Enterprise Group Incorporated,16741258572.14,base,194
2007,WY.N,Weyerhaeuser Company,16711018016.4,base,195
2007,GM.N^F09,Motors GUC Trust,16657248573.65,dead-redo,196
2007,PSA.N,Public Storage,16591997662.5,base,197
2007,BIIB.OQ,Biogen Inc.,16583266800.0999,base,198
2007,NUE.N,Nucor Corporation,16513678816.4399,base,199
2007,PCG.N,PG&E Corp,16509186008.72,base,200
2007,JCI.N^I16,Johnson Cntrl,16500000000.0,manual-fix,201
2007,XRX.OQ,Xerox Hlngs,16361453811.4499,base,202
2007,XTO.N^F10,XTO Energy,16338603579.8,dead-redo,203
2007,GENZ.OQ^D11,Genzyme,16336476907.3,dead-redo,204
2007,KR.N,Kroger Co,16332697851.03,base,205
2007,AMZN.OQ,Amazon.com Inc,16254464020.3,base,206
2007,PCAR.OQ,Paccar Inc,16115520319.8,base,207
2007,Q.N^D11,Qwest Comms Intl,16099912907.98,dead-redo,208
2007,FRX.N^G14,Forest Labs,15899535262.0,dead-redo,209
2007,PFG.OQ,Principal Financial Group Inc,15835001752.3,base,210
2007,GAP.N,Gap,15807143761.5,base,211
2007,TPR.N,"Tapestry, Inc.",15786802511.76,base,212
2007,EA.OQ^H26,Electronic Arts,15748670668.9,dead-redo,213
2007,YUM.N,"Yum! Brands, Inc.",15586493554.8,base,214
2007,WMB.N,"The Williams Companies, Inc.",15576360314.0,base,215
2007,IGT.N^D15,IGT,15522066628.47,dead-redo,216
2007,IP.N,International Paper Co,15514458824.7,base,217
2007,GNW.N,Genworth Fincl,15469908829.32,base,218
2007,HET.N^A08,HARRAH S,15387582341.1199,dead-redo,219
2007,KEY.N,KeyCorp,15272116835.22,base,220
2007,APD.N,"Air Products and Chemicals, Inc.",15246323434.44,base,221
2007,EOG.N,"EOG Resources, Inc.",15204805978.85,base,222
2007,CPB.OQ,Campbell's Co,15124956812.61,base,223
2007,HNZ.N^F13,Kraft Heinz Food,15073871680.5,dead-redo,224
2007,PAYX.OQ,"Paychex, Inc.",15068929737.48,base,225
2007,MCK.N,McKesson Corp,15005627894.4,base,226
2007,HES.N^G25,Hess,14991704288.09,dead-redo,227
2007,CSX.OQ,CSX Corporation,14983304243.93,base,228
2007,AVP.N^A20,Avon Prdcts,14936850264.0,dead-redo,229
2007,VMRK.N,Vivmark Residential,14825736707.25,base,230
2007,EIX.N,Edison International,14817893648.88,base,231
2007,SWY.N^A15,Safeway US,14779622000.0,dead-redo,232
2007,SRE.N,Sempra,14692202603.76,base,233
2007,NTAP.OQ,NetApp Inc,14684402204.8,base,234
2007,AES.N,The AES Corporation,14638712578.4399,base,235
2007,KMI.N^E07,Kinder Kansas,14190427557.8,dead-redo,236
2007,A.N,Agilent Technologies Inc,14187816921.15,base,237
2007,F.N,Ford Motor Co,14126388742.35,base,238
2007,EDS.N^H08,Peraton Entp,14115041022.41,dead-redo,239
2007,TGNA.N^C26,Tegna,14061233908.46,dead-redo,240
2007,CAG.N,Conagra Brands,13757571603.0,base,241
2007,PPL.N,PPL Corp,13654576481.28,base,242
2007,MTB.N,M&T Bank Corporation,13519401512.16,base,243
2007,CI.N,The Cigna Group,13494859655.56,base,244
2007,HLT.N^J07,Park Hotels,13434785834.5,dead-redo,245
2007,NTRS.OQ,Northern Trust Corporation,13229805513.75,base,246
2007,JWN.N^E25,Nordstrom,13209285600.0,dead-redo,247
2007,HOT.N^I16,Starwood Hotls,13207701673.5999,dead-redo,248
2007,AMP.N,Ameriprise Financial Inc,13186982737.0,base,249
2007,NVDA.OQ,NVIDIA Corporation,13158720042.89,base,250
2007,WFT.N^E19,Weatherford,13136585970.69,dead-redo,251
2007,BXP.N,"BXP, Inc.",13070272364.5199,base,252
2007,LM.N^H20,Legg Mason,13044918459.6,dead-redo,253
2007,CHK.N^F20,Expand Energy,13005150860.0199,dead-redo,254
2007,BEAM.N^E14,Suntory Global,13000890296.76,dead-redo,255
2007,TJX.N,"The TJX Companies, Inc.",12979421968.44,base,256
2007,XL.N^I18,XL Grp,12959733755.41,dead-redo,257
2007,ASN.N^J07,Archstone Smith,12696612734.88,dead-redo,258
2007,STJ.N^A17,St Jude Med,12661268140.98,dead-redo,259
2007,CEG.N^C12,Constell Energy,12631134484.89,dead-redo,260
2007,PGN.N^G12,Prgres Enrgy,12598101795.72,dead-redo,261
2007,MI.N^G11,Marshall Ilsley,12421216943.3699,dead-redo,262
2007,HSH.N^H14,Hillshire Brands,12388340593.68,dead-redo,263
2007,ED.N,"Consolidated Edison, Inc.",12344091521.74,base,264
2007,CA.OQ^K18,CA,12278814879.32,dead-redo,265
2007,LUV.N,Southwest Airlines Co,12130884133.76,base,266
2007,SOV.N^A09,Santander Hldg,12082864118.15,dead-redo,267
2007,TT.N,Trane Technologies PLC,11997472862.83,base,268
2007,MAS.N,Masco Corporation,11774754000.0,base,269
2007,TXT.N,Textron Inc,11762971367.41,base,270
2007,TROW.OQ,"T. Rowe Price Group, Inc.",11539385362.2,base,271
2007,BBWI.N,Bath & Body,11509703582.38,base,272
2007,ECL.N,Ecolab Inc.,11352118131.2,base,273
2007,ROH.N^D09,Rohm Haas,11249026395.5,dead-redo,274
2007,ADI.OQ,"Analog Devices, Inc.",11241540131.48,base,275
2007,ETN.N,Eaton Corporation PLC,11195860000.0,base,276
2007,AMD.OQ,"Advanced Micro Devices, Inc.",11164135132.15,base,277
2007,AEE.N,Ameren Corporation,11082465319.5,base,278
2007,FCX.N,Freeport-McMoRan Inc,10974775872.49,base,279
2007,AON.N,Aon PLC,10943946412.02,base,280
2007,CTSH.OQ,Cognizant Technology Solutions Corporation,10940727123.96,base,281
2007,UVN.N^C07,Univision Comm,10939744541.6,dead-redo,282
2007,JNPR.N^G25,Juniper Networks,10879372500.0,dead-redo,283
2007,BBBY.OQ^E23,20230930-DK,10850555260.16,dead-redo,284
2007,KIM.N,Kimco Realty Corp,10849661511.0,base,285
2007,NOV.N,Nov,10737182504.1599,base,286
2007,COL.N^K18,Rockwell Collins,10642449818.1999,dead-redo,287
2007,INTU.OQ,Intuit Inc.,10637492393.79,base,288
2007,PPG.N,"PPG Industries, Inc.",10611477707.3299,base,289
2007,ODP.OQ^L25,ODP Group,10604585021.42,dead-redo,290
2007,MU.OQ,"Micron Technology, Inc.",10531555559.04,base,291
2007,ITT.N,ITT,10494575133.84,base,292
2007,EP.N^E12,El Paso,10446819635.37,dead-redo,293
2007,ROK.N,Rockwell Automation Inc,10394189378.52,base,294
2007,DGX.N,Quest Diagnostics Inc,10338092126.0,base,295
2007,PBI.N,Pitney Bowes,10248621633.97,base,296
2007,LLL.N^G19,L3 Tech,10207213111.3,dead-redo,297
2007,BMET.OQ^J07,Biomet,10156777659.6,dead-redo,298
2007,SNV.N^A26,Synovus Fin,10067950941.46,dead-redo,299
2007,DOV.N,Dover Corp,10008086681.7,base,300
2007,MXIM.OQ^J07,Maxim Integrated,9992709155.96,dead-redo,301
2007,BTU.N^D16,Peabody Energy,9982733112.0,dead-redo,302
2007,KLAC.OQ,KLA Corporation,9904523375.75,base,303
2007,NE.N^H20,Noble Corp,9874125347.6,dead-redo,304
2007,MBI.N,MBIA,9849263604.96,base,305
2007,ETFC.OQ^J20,E*TRADE Financl,9781461660.02,dead-redo,306
2007,CCEP.OQ,Coca-Cola UK,9757674538.0,base,307
2007,CLX.N,The Clorox Company,9739029373.1,base,308
2007,ABK.N^K10,Octave Specialty,9529344307.61999,dead-redo,309
2007,ESRX.OQ^L18,Evernorth Health,9517157990.0,dead-redo,310
2007,MUR.N,Murphy Oil,9511872298.65,base,311
2007,CMA.N^B26,Comerica,9401052748.12,dead-redo,312
2007,UST.N^A09,UST DE,9389877954.24,dead-redo,313
2007,XEL.OQ,Xcel Energy Inc,9382708997.22,base,314
2007,SNDK.OQ^E16,Sandsk,9380513207.52,dead-redo,315
2007,ADSK.OQ,"Autodesk, Inc.",9374582000.0,base,316
2007,LH.N,Labcorp Holdings Inc.,9213138000.0,base,317
2007,HUM.N,Humana Inc.,9194096011.98,base,318
2007,VFC.N,VF,9173709777.6,base,319
2007,DXC.N,DXC Tech,9164758255.83,base,320
2007,ATI.N,ATI,9133643342.68,base,321
2007,FISV.OQ,Fiserv Inc,9077870560.94,base,322
2007,PH.N,Parker-Hannifin Corp,9065750104.56,base,323
2007,LLTC.OQ^C17,Linear Tech,9061255548.94,dead-redo,324
2007,NBR.N,Nabors Inds,8914542403.16,base,325
2007,ZION.OQ,Zions Bancorp,8814972267.72,base,326
2007,MAT.OQ,Mattel,8642706005.12,base,327
2007,COR.N,"Cencora, Inc.",8636299589.44,base,328
2007,DTE.N,DTE Energy Company,8615279453.51999,base,329
2007,SHW.N,Sherwin-Williams Co,8572036548.67999,base,330
2007,BCR.N^L17,CR Bard,8537300565.1,dead-redo,331
2007,HSY.N,The Hershey Company,8516947043.4,base,332
2007,VMC.N,Vulcan Materials Co,8485855222.9,base,333
2007,X.N^F25,U. S. Steel,8448399195.36,dead-redo,334
2007,EL.N,Estee Lauder Companies Inc,8434187130.98,base,335
2007,PHM.N,"PulteGroup, Inc.",8431797306.24,base,336
2007,SII.N^H10,Smith Intl,8380488345.75,dead-redo,337
2007,DHI.N,"D.R. Horton, Inc.",8294443767.15,base,338
2007,BFb.N,Brown-Forman Corporation,8220333341.26,base,339
2007,LEN.N,Lennar Corp,8207074249.78,base,340
2007,AZO.N,"AutoZone, Inc.",8167372410.96,base,341
2007,SSP.OQ,E W Scripps,8159248338.56,base,342
2007,GPC.N,Genuine Parts Co,8082213578.55,base,343
2007,NWL.OQ,Newell Brands,8024940000.0,base,344
2007,XLNX.OQ^B22,Xilinx,7938512812.29,dead-redo,345
2007,CVH.N^E13,Coventry Health,7937447645.0,dead-redo,346
2007,MEDI.OQ^F07,Medimmune LLC,7893842748.0,dead-redo,347
2007,CBSS.OQ^I07,BBVA USA TX,7859946037.5,dead-redo,348
2007,RRD.N^B22,RR Donnelley,7854663999.99999,dead-redo,349
2007,CINF.OQ,Cincinnati Financial Corporation,7849860672.53,base,350
2007,MHS.N^D12,Medco Health Sol,7803654576.66,dead-redo,351
2007,FIS.N,Fidelity National Information Services Inc,7635137332.89,base,352
2007,VYX.N,NCR Voyix,7619832000.0,base,353
2007,AYE.N^B11,Allegheny Enrgy,7615309363.2,dead-redo,354
2007,CBRE.N,"CBRE Group, Inc.",7481297229.6,base,355
2007,AVY.N,Avery Dennison Corp,7456711423.6,base,356
2007,EK.N^A12,Eastman Kodak,7443802593.71,dead-redo,357
2007,HRB.N,H&R Block,7425877593.59999,base,358
2007,SVU.N^J18,Supervalu,7409557857.6,dead-redo,359
2007,SUN.N^J12,ETC Sunoco Hldg,7385806227.1,dead-redo,360
2007,SAF.N^I08,Safeco,7312864214.16,dead-redo,361
2007,PBG.N^C10,Pepsi Bottling,7264433046.6,dead-redo,362
2007,NSM.N^I11,Natl Semiconduct,7249737811.67999,dead-redo,363
2007,KSE.N^H07,Keyspan,7235692436.16,dead-redo,364
2007,FLR.N,Fluor,7188789987.2,base,365
2007,UNM.N,Unum Group,7118016983.16,base,366
2007,ALTR.OQ^L15,Altera,7095941350.05,dead-redo,367
2007,LXK.N^K16,Lexmark Intl,7076251410.92,dead-redo,368
2007,PCL.N^B16,Plum Creek Timb,7054849173.35,dead-redo,369
2007,APOL.OQ^B17,Apollo Edu Grp,7019726360.0,dead-redo,370
2007,BMC.OQ^I13,BMC Software,6876667700.0,dead-redo,371
2007,STR.N^I16,Enbridge EOG,6836628706.02,dead-redo,372
2007,STZ.N,"Constellation Brands, Inc.",6775169664.82,base,373
2007,CBH.N^D08,Commerce Bancorp,6661308201.6,dead-redo,374
2007,NI.N,NiSource Inc.,6579405051.9,base,375
2007,TEX.N,Terex,6567786000.0,base,376
2007,ABI.N^K08,Applied Biosyst,6566079385.6,dead-redo,377
2007,HAR.N^C17,HARMAN,6511484061.5,dead-redo,378
2007,WHR.N,Whirlpool,6507209050.44,base,379
2007,CTX.N^H09,Centex,6503086574.38,dead-redo,380
2007,WFM.OQ^H17,Whole Foods,6500559548.63999,dead-redo,381
2007,H.N^D07,Anywhere Real,6463426872.59999,dead-redo,382
2007,CTAS.OQ,Cintas Corporation,6375847646.63,base,383
2007,TNL.N,Travel + Leisure,6344431753.1,base,384
2007,AV.N^J07,Avaya,6330244010.58,dead-redo,385
2007,GL.N,Globe Life Inc.,6253253774.96,base,386
2007,RHI.N,Robert Half,6220488232.96,base,387
2007,CMI.N,Cummins Inc,6199759199.44,base,388
2007,GWW.N,WW Grainger Inc,6017468065.44,base,389
2007,MWW.N^K16,Monster Wrldwd,5973264163.25,dead-redo,390
2007,VRSN.OQ,"VeriSign, Inc.",5895594032.25,base,391
2007,CNX.N,CNX Resources,5867543939.67,base,392
2007,TSN.N,Tyson Foods Inc,5836373637.5,base,393
2007,DRI.N,Darden Restaurants Inc,5832233654.13,base,394
2007,ACS.N^B10,Affiliated Comp,5827823580.84999,dead-redo,395
2007,APCC.OQ^B07,SE IT,5815962800.0,dead-redo,396
2007,GR.N^G12,Goodrich,5704107530.04,dead-redo,397
2007,HBAN.OQ,Huntington Bancshares Inc,5643736250.0,base,398
2007,DF.N^K19,Dean Foods,5572337908.25999,dead-redo,399
2007,MWV.N^G15,Westrock MWV,5533446307.38,dead-redo,400
2007,MOLX.OQ^L13,Molex,5491954340.1,dead-redo,401
2007,RX.N^C10,Iqvia,5476941488.4,dead-redo,402
2007,BDK.N^C10,Black & Decker,5457796421.94,dead-redo,403
2007,AIV.N,Aimco,5405369519.9,base,404
2007,IPG.N^K25,Interpublic Grp,5400076627.44,dead-redo,405
2007,BRL.N^L08,Barr Pharm,5376857960.18,dead-redo,406
2007,TIF.N^A21,Tiffany,5332682004.59999,dead-redo,407
2007,HSP.N^I15,Hospira,5274161053.0,dead-redo,408
2007,AMCR.N,Amcor PLC,5271830760.32281,base,409
2007,SEE.N^D26,Sealed Air,5256404766.0,dead-redo,410
2007,JBL.N,Jabil Inc.,5211671013.75,base,411
2007,FHN.N,First Horizon,5200237234.54,base,412
2007,MTG.N,MGIC Investment,5191866481.82,base,413
2007,CNP.N,"CenterPoint Energy, Inc.",5186872195.09999,base,414
2007,SIAL.OQ^K15,Sigma Aldrich,5128843145.3,dead-redo,415
2007,DG.N^G07,Dollar General,5123582664.58,dead-redo,416
2007,TAP.N,Molson Coors Beverage Company,5091185896.0,base,417
2007,EFX.N,Equifax Inc.,5080147958.2,base,418
2007,PNW.N,Pinnacle West Capital Corporation,5042522737.46999,base,419
2007,HMA.N^A14,Health Mgmt,5032543839.48,dead-redo,420
2007,MKC.N,"McCormick & Company, Incorporated",5024033876.6,base,421
2007,LUMN.N,Lumen Tech,5011594569.55999,base,422
2007,TIN.N^B12,Temple-Inland,4974765346.5,dead-redo,423
2007,WAT.N,Waters Corp,4969727599.62,base,424
2007,PDCO.OQ^D25,Patterson,4933089984.2,dead-redo,425
2007,EMN.N,Eastman Chemical,4880331949.95,base,426
2007,CTXS.OQ^J22,Citrix Systems,4845099440.34999,dead-redo,427
2007,TLAB.OQ^L13,Infinera Optical,4811025821.58,dead-redo,428
2007,PTV.N^K10,Pactiv,4691986036.62,dead-redo,429
2007,KBH.N,KB Home,4682803808.56,base,430
2007,FTR.OQ^D20,Frontier Comm,4622419825.15999,dead-redo,431
2007,AW.N^L08,Allied Waste Ind,4552081908.19,dead-redo,432
2007,BALL.N,Ball Corp,4542460811.6,base,433
2007,KATE.N^G17,Kate Spade & Co,4517703615.12,dead-redo,434
2007,FDO.N^G15,Family Dlr,4479275863.16,dead-redo,435
2007,AN.N,AutoNation,4429409834.2,base,436
2007,IFF.N,International Flavors & Fragrances Inc.,4409063309.0,base,437
2007,ASH.N,Ashland,4392044496.0,base,438
2007,HAS.OQ,"Hasbro, Inc.",4328123767.5,base,439
2007,JNS.N^E17,Janus US Hldg,4294769542.14,dead-redo,440
2007,PLL.N^H15,Pall,4270940270.43,dead-redo,441
2007,NVLS.OQ^F12,Novellus Systems,4222310761.2,dead-redo,442
2007,TSG.N^D07,Sabre Hldgs,4218803838.65,dead-redo,443
2007,CMVT.OQ^B07,Comverse Tech,4211801039.1,dead-redo,444
2007,CBE.N^L12,Cooper Inds,4142303761.18,dead-redo,445
2007,SWK.N,Stanley Black & Decker Inc,4088796163.81999,base,446
2007,WEN.N^I08,Wendys Intl,3932226480.0,dead-redo,447
2007,KG.N^C11,King Pharm,3902017208.85,dead-redo,448
2007,SBL.N^A07,Symbol Tech,3808339767.7,dead-redo,449
2007,GT.OQ,Goodyear Tire,3725244643.85,base,450
2007,CMS.N,CMS Energy Corporation,3714659289.6,base,451
2007,OMX.N^K13,OfficeMax,3710384505.46,dead-redo,452
2007,JNY.N^D14,Jones Group,3651565847.03999,dead-redo,453
2007,LSI.OQ^E14,LSI,3633599364.5,dead-redo,454
2007,TE.N^G16,Teco Energy,3621244435.52999,dead-redo,455
2007,FHI.N,Federated Hermes,3548030481.48,base,456
2007,MIL.N^G10,EMD Millipore,3514679264.22,dead-redo,457
2007,NYT.N,New York Times,3482442629.4,base,458
2007,DYN.N^G12,Dynegy,3471678350.52,dead-redo,459
2007,QLGC.OQ^H16,QLogic,3460306301.29999,dead-redo,460
2007,RDC.N^D19,Rowan,3447797433.92,dead-redo,461
2007,HCR.N^L07,Manor Care,3433563362.71,dead-redo,462
2007,VIAV.OQ,Viavi Solutions,3407997772.06,base,463
2007,CVG.N^J18,Convergys,3381373863.83999,dead-redo,464
2007,CC.N^K08,Circuit City,3351010950.14,dead-redo,465
2007,THC.N,Tenet Healthcare,3285088787.98,base,466
2007,DJ.N^L07,Dow Jones & Co,3109153257.97,dead-redo,467
2007,R.N,Ryder,3100774692.54,base,468
2007,CPWR.OQ^L14,Compuware,2969345956.25999,dead-redo,469
2007,BC.N,Brunswick Corp,2928668883.79999,base,470
2007,SLR.N^J07,Solectron,2911012209.98,dead-redo,471
2007,TER.OQ,"Teradyne, Inc.",2839094004.56,base,472
2007,BOL.N^J07,Bausch & Lomb,2821261161.50999,dead-redo,473
2007,DDS.N,Dillard's,2801167009.94,base,474
2007,SNA.N,Snap-On Inc,2781076516.44,base,475
2007,MDP.N^L21,Hawkeye Acqsn,2739537556.68,dead-redo,476
2007,RVTY.N,"Revvity, Inc.",2733601158.99,base,477
2007,UIS.N,Unisys,2701489277.76,base,478
2007,AGN.N^E20,Allergan,2694908400.0,dead-redo,479
2007,BIG.N^I24,Former Bl Stores,2500817333.52,dead-redo,480
2007,TEK.N^K07,Tektronix,2371436452.27999,dead-redo,481
2007,CIEN.N,Ciena,2353681303.8,base,482
2007,RSH.N^B15,RS Legacy,2310342272.91,dead-redo,483
2007,HPC.N^K08,Hercules,2187171166.14,dead-redo,484
2007,NOVL.OQ^D11,Micro Focus,2091700572.46,dead-redo,485
2007,GAS.N^L11,Nicor,2088402978.96,dead-redo,486
2007,PTC.OQ,PTC Inc.,2052847806.44,base,487
2007,SANM.OQ,Sanmina,1834043922.3,base,488
2007,ADCT.OQ^L10,CommScope (US),1732679678.1599998,dead-redo,489
2007,PGL.N^B07,Peoples US IL,1728838184.76,dead-redo,490
2007,PMCS.OQ^A16,Microchip Strg,1342838265.6,dead-redo,491
2008,XOM.N,Exxonmobil Holdings Corp,510903631258.65,base,1
2008,GE.N,General Electric Company,371504242840.0,base,2
2008,MSFT.OQ,Microsoft Corporation,329498558480.64,base,3
2008,T.N,AT&T Inc,248655111128.0,base,4
2008,PG.N,The Procter & Gamble Company,222533895998.96,base,5
2008,GOOGL.OQ,Alphabet Inc.,214355171917.15,base,6
2008,CVX.N,Chevron Corporation,197335361936.659,base,7
2008,JNJ.N,Johnson & Johnson,188617936634.009,base,8
2008,WMT.OQ,Walmart Inc,187825550448.199,base,9
2008,BAC.N,Bank of America Corporation,180018183758.4,base,10
2008,AAPL.OQ,Apple Inc.,170590266986.16,base,11
2008,CSCO.OQ,Cisco Systems Inc,161017307311.72,base,12
2008,MO.N,Altria Group Inc,157826554452.94,base,13
2008,PFE.N,Pfizer Inc.,156470834222.43,base,14
2008,INTC.OQ,Intel Corp,149134050000.0,base,15
2008,C.N,Citigroup Inc,144464076000.0,base,16
2008,IBM.N,International Business Machines Corporation,144258135960.02,base,17
2008,AIG.N,"American International Group, Inc.",142790207338.3,base,18
2008,JPM.N,JPMorgan Chase & Co,141650876835.15,base,19
2008,KO.N,Coca-Cola Co,141177568252.43,base,20
2008,COP.N,ConocoPhillips,140585033441.16,base,21
2008,HPQ.N,HP Inc,127792577280.9,base,22
2008,VZ.N,Verizon Communications Inc,124891041207.069,base,23
2008,MRK.N,Merck & Co Inc,124869676843.93,base,24
2008,PEP.OQ,"PepsiCo, Inc.",121194491738.46,base,25
2008,SLB.N,SLB N.V.,120280349629.7,base,26
2008,ORCL.N,Oracle Corporation,115521857867.78,base,27
2008,WFC.N,Wells Fargo & Co,97612444090.2,base,28
2008,ABT.N,Abbott Laboratories,86241659173.77,base,29
2008,GS.N,Goldman Sachs Group Inc,82557289310.4,base,30
2008,RTX.N,RTX Corporation,74345694351.42,base,31
2008,UNH.N,UnitedHealth Group Inc,73226805352.44,base,32
2008,UPS.N,United Parcel Service Inc,72455282565.12,base,33
2008,WB.N^A09,Wachovia Corp,69532168623.4,dead-redo,34
2008,MCD.N,McDonald's Corp,68718214177.9,base,35
2008,BA.N,Boeing Co,67135947012.08,base,36
2008,MON.N^F18,Monsanto,66263365676.52,dead-redo,37
2008,OXY.N,Occidental Petroleum Corp,64920523709.1,base,38
2008,MER.N^A09,Merrill Lyn,64828492175.49,dead-redo,39
2008,TFCFA.OQ^C19,Tfcf,63375261075.0499,dead-redo,40
2008,QCOM.OQ,QUALCOMM Incorporated,62824734509.57,base,41
2008,DIS.N,The Walt Disney Company,60606953198.24,base,42
2008,WYE.N^J09,Wyeth,60127386000.0,dead-redo,43
2008,AXP.N,American Express Company,59687498089.12,base,44
2008,LLY.N,Eli Lilly and Company,59608136641.5499,base,45
2008,TWX.N^F18,Time Warner,59026351324.6099,dead-redo,46
2008,MMM.N,3M Company,58991168356.8299,base,47
2008,CVS.N,CVS Health Corporation,58115660850.0,base,48
2008,MDT.N,Medtronic PLC,55967606937.0,base,49
2008,MS.N,Morgan Stanley,54069585706.25,base,50
2008,USB.N,U.S. Bancorp,53837335440.44,base,51
2008,BNY.N,Bank of New York Mellon Corp,53666061640.02,base,52
2008,CMCSA.OQ,Comcast Corporation,53199572191.7,base,53
2008,DELL.OQ^J13,Dell,53133794443.61,dead-redo,54
2008,EXC.OQ,Exelon Corp,52916296299.32,base,55
2008,BMY.N,Bristol-Myers Squibb Company,51698503535.25,base,56
2008,AMGN.OQ,Amgen Inc,50684111561.4,base,57
2008,ELV.N,Elevance Health Inc,49705641444.0,base,58
2008,MDLZ.OQ,Mondelez International Inc,49587606448.45,base,59
2008,RIG.N,Transocea,46120200000.0,base,60
2008,TXN.OQ,Texas Instruments Inc,45231989009.5,base,61
2008,HON.OQ,Honeywell International Inc,44731499818.7,base,62
2008,CAT.N,Caterpillar Inc,44072140644.42,base,63
2008,HD.N,"The Home Depot, Inc.",44063669347.67,base,64
2008,EBAY.OQ,eBay Inc.,43976166274.71,base,65
2008,MRO.N^K24,Marathn Oil,43952119221.92,dead-redo,66
2008,MET.N,"MetLife, Inc.",43872911423.76,base,67
2008,LMT.N,Lockheed Martin Corp,43525244621.6,base,68
2008,EMR.N,Emerson Electric Co,43431404951.52,base,69
2008,SGP.N^K09,Schering-Plough,43197985740.0,dead-redo,70
2008,GILD.OQ,"Gilead Sciences, Inc.",42201201845.24,base,71
2008,PRU.N,Prudential Financial Inc,41336700000.0,base,72
2008,TGT.N,Target Corp,41135135801.47,base,73
2008,DVN.N,Devon Energy Corporation,40793932800.0,base,74
2008,DE.N,Deere & Co,40026802565.2,base,75
2008,AMZN.OQ,Amazon.com Inc,39960822921.25,base,76
2008,DD.N^I17,EIDP,39630025040.4,dead-redo,77
2008,FCX.N,Freeport-McMoRan Inc,39448674936.99,base,78
2008,CL.N,Colgate-Palmolive Company,39424979468.16,base,79
2008,VLO.N,Valero Energy Corp,38227807007.7,base,80
2008,EMC.N^I16,EMC US,37411349913.5099,dead-redo,81
2008,BUD.N^K08,Anheuser-Busch,37000000000.0,manual-est,82
2008,S.N^G13,Sprint Commns DE,36888001630.03,dead-redo,83
2008,GLW.N,Corning Incorporated,36827242730.04,base,84
2008,MSI.N,Motorola Solutions Inc,36709038212.88,base,85
2008,APA.OQ,APA Corporation,36694339106.4,base,86
2008,BAX.N,Baxter International Inc.,36643051450.9099,base,87
2008,DOW.N^I17,Dow Chem,36387640760.96,dead-redo,88
2008,CME.OQ,CME Group Inc.,35884305310.01,base,89
2008,GD.N,General Dynamics Corp,35183018746.88,base,90
2008,FNM.N^G10,Fannie Mae,35135793518.32,dead-redo,91
2008,WBA.OQ^H25,Walgreens Hldg,34757795561.84,dead-redo,92
2008,HAL.N,Halliburton Company,34091811040.2199,base,93
2008,TRV.N,"The Travelers Companies, Inc.",33769601477.92,base,94
2008,UNP.N,Union Pacific Corporation,32628393957.1999,base,95
2008,LOW.N,Lowe's Companies Inc,32440534584.36,base,96
2008,LEH.N^I08,Lehman Bros Hldg,32365880627.0,dead-redo,97
2008,AABA.OQ^J19,Altaba,31860825770.56,dead-redo,98
2008,NKE.N,"NIKE, Inc.",31466337025.76,base,99
2008,HES.N^G25,Hess,31377081383.95,dead-redo,100
2008,APC.N^H19,Anadarko Petrol,31129396032.75,dead-redo,101
2008,HWM.N,Howmet Aerospace Inc.,30643595730.55,base,102
2008,STT.N,State Street Corporation,30463895913.76,base,103
2008,AFL.N,Aflac Incorporated,30229885758.7399,base,104
2008,SYK.N,Stryker Corporation,30211626595.1999,base,105
2008,COST.OQ,Costco Wholesale Corp,29624358878.72,base,106
2008,ALL.N,Allstate Corp,29192146622.1,base,107
2008,KMB.OQ,Kimberly-Clark Corporation,29118618285.0599,base,108
2008,ADM.N,Archer-Daniels-Midland Co,29097231226.34,base,109
2008,SO.N,Southern Co,28951331894.12,base,110
2008,BNI.N^B10,Burlington Nrth,28930910201.22,dead-redo,111
2008,AET.N^K18,Aetna,28627884000.0,dead-redo,112
2008,SCHW.N,The Charles Schwab Corporation,28425354831.0799,base,113
2008,ITW.N,Illinois Tool Works Inc,28378132350.0,base,114
2008,WM.N,Waste Management Inc,28024995463.3599,base,115
2008,VIAB.OQ^L19,Viacom,27936704614.2,dead-redo,116
2008,BEN.N,"Franklin Templeton, Inc.",27855826974.7,base,117
2008,LIN.OQ,Linde PLC,27714869047.18,base,118
2008,DHR.N,Danaher Corporation,27269348979.81,base,119
2008,CCL.N,Carnival Corporation Ltd,27243766956.82,base,120
2008,NEE.N,"NextEra Energy, Inc.",27009604797.85,base,121
2008,NOV.N,Nov,26878125337.92,base,122
2008,L.N,Loews Corporation,26808371792.42,base,123
2008,D.N,"Dominion Energy, Inc.",26769847379.76,base,124
2008,FDX.N,FedEx Corp,26663465714.16,base,125
2008,HIG.N,"The Hartford Insurance Group, Inc.",26654840392.74,base,126
2008,NOC.N,Northrop Grumman Corp,26595233314.1999,base,127
2008,RTN.N^D20,Raytheon,26586982510.0,dead-redo,128
2008,XTO.N^F10,XTO Energy,26145527466.77,dead-redo,129
2008,DTV.OQ^G15,DIRCTV,25960440534.12,dead-redo,130
2008,BKR.OQ,Baker Hughes Company,25820757301.35,base,131
2008,DUK.N,Duke Energy Corp,24905146204.75,base,132
2008,PEG.N,Public Service Enterprise Group Incorporated,24439496501.8999,base,133
2008,AMAT.OQ,Applied Materials Inc,24073722470.03,base,134
2008,WFT.N^E19,Weatherford,23947109117.0,dead-redo,135
2008,ADBE.OQ,Adobe Inc,23731149504.54,base,136
2008,TMO.N,Thermo Fisher Scientific Inc,23439603564.0,base,137
2008,NEM.N,Newmont Corporation,22772557029.04,base,138
2008,ETR.N,Entergy Corp,22749786234.56,base,139
2008,ADP.OQ,Automatic Data Processing Inc,22741906213.76,base,140
2008,EOG.N,"EOG Resources, Inc.",22456549793.76,base,141
2008,NYX.N^K13,NYSE Euronext,22159300000.0,dead-redo,142
2008,PNC.N,"The PNC Financial Services Group, Inc.",22041650457.37,base,143
2008,FE.N,FirstEnergy Corp,21914617409.23,base,144
2008,BBY.N,"Best Buy Co., Inc.",21485970480.0,base,145
2008,COV.N^A15,Covidien,21239973663.48,dead-redo,146
2008,WMB.N,"The Williams Companies, Inc.",21236378778.26,base,147
2008,BDX.N,Becton Dickinson and Co,21179144273.76,base,148
2008,JCI.N^I16,Johnson Cntrl,21000000000.0,manual-fix,149
2008,STI.N^L19,SunTrust Banks,20892735942.3999,dead-redo,150
2008,FRE.N^G10,Freddie Mac,20809787772.2,dead-redo,151
2008,APD.N,"Air Products and Chemicals, Inc.",20802057047.42,base,152
2008,CB.N^A16,Chubb NJ,20662810227.6,dead-redo,153
2008,CAH.N,"Cardinal Health, Inc.",20464470497.8,base,154
2008,K.N^L25,Kellanova,20380822064.72,dead-redo,155
2008,PLD.N^F11,Prologis MD,20332085827.44,dead-redo,156
2008,SUNE.N^D16,Sunedison Inc,20134398327.16,dead-redo,157
2008,CB.N,Chubb Limited,20117838673.52,base,158
2008,GENZ.OQ^D11,Genzyme,20057229120.61,dead-redo,159
2008,COF.N,Capital One Financial Corp,19816551391.55,base,160
2008,PCP.N^B16,Precision Cast,19692668444.41,dead-redo,161
2008,PCAR.OQ,Paccar Inc,19513947453.42,base,162
2008,RAI.N^G17,Reynolds Amricn,19407994210.08,dead-redo,163
2008,AGN.N^C15,Allerg,19280995377.6,dead-redo,164
2008,YUM.N,"Yum! Brands, Inc.",19266059335.08,base,165
2008,CELG.OQ^K19,Celgene,19235131219.25,dead-redo,166
2008,CHK.N^F20,Expand Energy,19194937375.5,dead-redo,167
2008,SPG.N,Simon Property Group Inc,19151780099.32,base,168
2008,WWY.N^J08,WM Wrigley,19137911638.54,dead-redo,169
2008,NSC.N,Norfolk Southern Corp,19133552808.5399,base,170
2008,GIS.N,General Mills Inc,19040616318.68,base,171
2008,PPL.N,PPL Corp,18922445148.4,base,172
2008,ESRX.OQ^L18,Evernorth Health,18784839320.0,dead-redo,173
2008,AEP.OQ,American Electric Power Company Inc,18539756395.2,base,174
2008,CEG.N^C12,Constell Energy,18527826036.8,dead-redo,175
2008,SYY.N,Sysco Corporation,18494157916.05,base,176
2008,MCK.N,McKesson Corp,18454961307.86,base,177
2008,NVDA.OQ,NVIDIA Corporation,18339413630.52,base,178
2008,CSX.OQ,CSX Corporation,18267486975.65,base,179
2008,TEL.N,TE Connectivity PLC,18172504993.36,base,180
2008,PSKY.OQ,Paramount Skydance Corp,18101222645.42,base,181
2008,PFG.OQ,Principal Financial Group Inc,17778041733.1999,base,182
2008,EA.OQ^H26,Electronic Arts,17682645468.74,dead-redo,183
2008,KR.N,Kroger Co,17340750725.78,base,184
2008,EIX.N,Edison International,17294058814.48,base,185
2008,WU.N,Western Union,17293627722.0,base,186
2008,CCU.N^G08,iHeartCommns,17013922436.28,dead-redo,187
2008,AVP.N^A20,Avon Prdcts,17012356435.0999,dead-redo,188
2008,BSX.N,Boston Scientific Corp,17009865590.06,base,189
2008,JNPR.N^G25,Juniper Networks,16915488000.0,dead-redo,190
2008,AMT.N,American Tower Corporation,16691478012.4,base,191
2008,NUE.N,Nucor Corporation,16691115668.48,base,192
2008,TXT.N,Textron Inc,16652390696.13,base,193
2008,HET.N^A08,HARRAH S,16628805922.95,dead-redo,194
2008,SE.N^B17,Spectra Energy,16408130453.1,dead-redo,195
2008,BIIB.OQ,Biogen Inc.,16390539885.7599,base,196
2008,NTRS.OQ,Northern Trust Corporation,16288925182.74,base,197
2008,MUR.N,Murphy Oil,16247770540.2499,base,198
2008,TFC.N,Truist Financial Corporation,16236455295.6,base,199
2008,RF.N,Regions Financial Corporation,16181811600.0,base,200
2008,SRE.N,Sempra,16053253010.3699,base,201
2008,BTU.N^D16,Peabody Energy,15947250101.93,dead-redo,202
2008,ZBH.N,"Zimmer Biomet Holdings, Inc.",15559949417.6,base,203
2008,TROW.OQ,"T. Rowe Price Group, Inc.",15529032030.37,base,204
2008,SPLS.OQ^I17,Staples,15443129672.88,dead-redo,205
2008,NE.N^H20,Noble Corp,15337678793.85,dead-redo,206
2008,PCG.N,PG&E Corp,15312734424.75,base,207
2008,GAP.N,Gap,15264460057.76,base,208
2008,OMC.N,Omnicom Group Inc,15161622000.0,base,209
2008,LNC.N,LNC,15144040518.75,base,210
2008,SII.N^H10,Smith Intl,15123851733.5,dead-redo,211
2008,CI.N,The Cigna Group,15119469325.6799,base,212
2008,WY.N,Weyerhaeuser Company,14985829769.2799,base,213
2008,XRX.OQ,Xerox Hlngs,14624422974.42,base,214
2008,SHLD.OQ^J18,Sears,14619749030.0,dead-redo,215
2008,SWY.N^A15,Safeway US,14554960000.0,dead-redo,216
2008,HNZ.N^F13,Kraft Heinz Food,14413436643.3599,dead-redo,217
2008,BRCM.OQ^B16,Broadcom Co,14286807000.0,dead-redo,218
2008,JAVA.OQ^B10,Oracle America,14210181368.5999,dead-redo,219
2008,MHS.N^D12,Medco Health Sol,14134014963.315,dead-redo,220
2008,AES.N,The AES Corporation,14128021877.43,base,221
2008,SBUX.OQ,Starbucks Corp,14104024000.0,base,222
2008,KSS.N,Kohls,14080691190.0,base,223
2008,SPGI.N,S&P Global Inc,14054880000.0,base,224
2008,MRSH.N,Marsh & McLennan Companies Inc,14033654932.12,base,225
2008,GEN.OQ,Gen Digital Inc.,13928481708.9,base,226
2008,F.N,Ford Motor Co,13927356702.5999,base,227
2008,NBL.OQ^J20,Noble Energy,13770838779.5199,dead-redo,228
2008,STJ.N^A17,St Jude Med,13730266686.5999,dead-redo,229
2008,ETN.N,Eaton Corporation PLC,13655628000.0,base,230
2008,IGT.N^D15,IGT,13625280000.0,dead-redo,231
2008,IP.N,International Paper Co,13619058487.4499,base,232
2008,AON.N,Aon PLC,13549252804.92,base,233
2008,GM.N^F09,Motors GUC Trust,13538575116.56,dead-redo,234
2008,A.N,Agilent Technologies Inc,13484310034.8,base,235
2008,CPB.OQ,Campbell's Co,13418371899.9,base,236
2008,VNO.N,Vornado Realty,13350523740.8,base,237
2008,X.N^F25,U. S. Steel,13277652361.1099,dead-redo,238
2008,LLL.N^G19,L3 Tech,13273465433.23,dead-redo,239
2008,HUM.N,Humana Inc.,13236053541.48,base,240
2008,CNX.N,CNX Resources,13091305739.85,base,241
2008,ED.N,"Consolidated Edison, Inc.",13039329655.56,base,242
2008,FITB.N,Fifth Third Bancorp,13002521689.25,base,243
2008,ICE.N,Intercontinental Exchange Inc,12903667710.5,base,244
2008,PGR.N,The Progressive Corporation,12900885985.68,base,245
2008,AMP.N,Ameriprise Financial Inc,12870257859.0,base,246
2008,FLR.N,Fluor,12768522059.2,base,247
2008,PAYX.OQ,"Paychex, Inc.",12724914771.0,base,248
2008,PSA.N,Public Storage,12628260104.76,base,249
2008,CMI.N,Cummins Inc,12618864015.2,base,250
2008,ECL.N,Ecolab Inc.,12554290987.56,base,251
2008,CA.OQ^K18,CA,12549925274.94,dead-redo,252
2008,CCEP.OQ,Coca-Cola UK,12461294622.42,base,253
2008,PGN.N^G12,Prgres Enrgy,12277257175.24,dead-redo,254
2008,TJX.N,"The TJX Companies, Inc.",12253974541.48,base,255
2008,TT.N,Trane Technologies PLC,12232020118.5,base,256
2008,MAR.OQ,"Marriott International, Inc.",12147214862.7,base,257
2008,EP.N^E12,El Paso,12111405810.14,dead-redo,258
2008,Q.N^D11,Qwest Comms Intl,12074469259.38,dead-redo,259
2008,PH.N,Parker-Hannifin Corp,12010654267.92,base,260
2008,WM.N^I08,WMI Holdings,12000000000.0,manual-est,261
2008,APOL.OQ^B17,Apollo Edu Grp,11861653440.0,dead-redo,262
2008,J.N,Jacobs Solutions Inc,11674205704.5,base,263
2008,COL.N^K18,Rockwell Collins,11668097205.28,dead-redo,264
2008,ITT.N,ITT,11582110971.08,base,265
2008,HSH.N^H14,Hillshire Brands,11359180483.75,dead-redo,266
2008,CAG.N,Conagra Brands,11351008458.72,base,267
2008,TPR.N,"Tapestry, Inc.",11246552875.35,base,268
2008,PPG.N,"PPG Industries, Inc.",11232813429.5999,base,269
2008,ADSK.OQ,"Autodesk, Inc.",11138616000.0,base,270
2008,FRX.N^G14,Forest Labs,11133291687.0,dead-redo,271
2008,AEE.N,Ameren Corporation,11097288632.65,base,272
2008,BEAM.N^E14,Suntory Global,11077649278.2799,dead-redo,273
2008,BXP.N,"BXP, Inc.",11064255982.0399,base,274
2008,HOG.N,Harley Davidson,11013104351.34,base,275
2008,GNW.N,Genworth Fincl,10966068600.0,base,276
2008,M.N,Macy's,10820361323.5199,base,277
2008,AYE.N^B11,Allegheny Enrgy,10613680368.72,dead-redo,278
2008,INTU.OQ,Intuit Inc.,10357471555.86,base,279
2008,EDS.N^H08,Peraton Entp,10303291019.88,dead-redo,280
2008,ROH.N^D09,Rohm Haas,10261863377.6099,dead-redo,281
2008,JEF.N,Jefferies Fincl,10145821521.6,base,282
2008,DGX.N,Quest Diagnostics Inc,10059666645.84,base,283
2008,VMRK.N,Vivmark Residential,9999070262.78,base,284
2008,ROK.N,Rockwell Automation Inc,9892714280.56,base,285
2008,LM.N^H20,Legg Mason,9860041837.59,dead-redo,286
2008,NCC.N^A09,National City,9731066802.0,dead-redo,287
2008,GME.N,GameStop,9706195831.5,base,288
2008,BSC.N^F08,Bear Stearns Cos,9679101078.94999,dead-redo,289
2008,STR.N^I16,Enbridge EOG,9551085535.98,dead-redo,290
2008,BCR.N^L17,CR Bard,9399989670.75,dead-redo,291
2008,GGP.N^D09,GCP Retail,9367248779.7,dead-redo,292
2008,CTSH.OQ,Cognizant Technology Solutions Corporation,9358329164.14,base,293
2008,HST.OQ,"Host Hotels & Resorts, Inc.",9344146366.08,base,294
2008,XEL.OQ,Xcel Energy Inc,9309849829.26,base,295
2008,EXPD.N,Expeditors International of Washington Inc,9268146202.27,base,296
2008,CBE.N^L12,Cooper Inds,9248467001.28,dead-redo,297
2008,ADI.OQ,"Analog Devices, Inc.",9212866446.6,base,298
2008,KIM.N,Kimco Realty Corp,9206170727.86,base,299
2008,CVH.N^E13,Coventry Health,9099203348.75,dead-redo,300
2008,FISV.OQ,Fiserv Inc,9097799451.3,base,301
2008,MCO.N,Moody's Corporation,9058916780.06,base,302
2008,XL.N^I18,XL Grp,9042510789.0,dead-redo,303
2008,PBG.N^C10,Pepsi Bottling,8913916748.4,dead-redo,304
2008,BFb.N,Brown-Forman Corporation,8908577195.72,base,305
2008,VAL.N^H20,Valaris,8890618569.47,dead-redo,306
2008,CLX.N,The Clorox Company,8871571941.08,base,307
2008,KEY.N,KeyCorp,8863931034.0,base,308
2008,JCP.N^E20,Old Copper Co,8833155719.04,dead-redo,309
2008,DOV.N,Dover Corp,8826969472.94,base,310
2008,CHRW.OQ,"C.H. Robinson Worldwide, Inc.",8806702632.0,base,311
2008,HSY.N,The Hershey Company,8802715201.89,base,312
2008,GR.N^G12,Goodrich,8760542890.73,dead-redo,313
2008,EXPE.OQ,"Expedia Group, Inc.",8725015783.9,base,314
2008,LUV.N,Southwest Airlines Co,8661648199.4,base,315
2008,LH.N,Labcorp Holdings Inc.,8641152000.0,base,316
2008,ATI.N,ATI,8615426820.75,base,317
2008,MTB.N,M&T Bank Corporation,8537993527.86,base,318
2008,KLAC.OQ,KLA Corporation,8477126871.71999,base,319
2008,NTAP.OQ,NetApp Inc,8473974910.9,base,320
2008,TGNA.N^C26,Tegna,8473187015.0,dead-redo,321
2008,UNM.N,Unum Group,8436217019.86,base,322
2008,UST.N^A09,UST DE,8354169885.08,dead-redo,323
2008,EL.N,Estee Lauder Companies Inc,8340802673.28,base,324
2008,VRSN.OQ,"VeriSign, Inc.",8212839624.99,base,325
2008,PBI.N,Pitney Bowes,8181001365.88,base,326
2008,HOT.N^I16,Starwood Hotls,8160918374.33999,dead-redo,327
2008,SUN.N^J12,ETC Sunoco Hldg,8139039884.0,dead-redo,328
2008,NBR.N,Nabors Inds,8003792084.94,base,329
2008,SLM.OQ,SLM,7914685929.92,base,330
2008,RRD.N^B22,RR Donnelley,7912301999.99999,dead-redo,331
2008,RRC.N,Range Resource,7863997660.47,base,332
2008,FIS.N,Fidelity National Information Services Inc,7820652430.08,base,333
2008,JWN.N^E25,Nordstrom,7802684991.63999,dead-redo,334
2008,DXC.N,DXC Tech,7764628604.2,base,335
2008,AIZ.N,Assurant Inc,7746632469.0,base,336
2008,WAT.N,Waters Corp,7707617982.5,base,337
2008,HCBK.OQ^K15,Hudson City Bcp,7680015805.62,dead-redo,338
2008,PCL.N^B16,Plum Creek Timb,7664545670.55,dead-redo,339
2008,MAS.N,Masco Corporation,7652600000.0,base,340
2008,GPC.N,Genuine Parts Co,7562229016.55999,base,341
2008,GHC.N,Graham Holdings,7522487119.59999,base,342
2008,COR.N,"Cencora, Inc.",7482669366.15,base,343
2008,VFC.N,VF,7462199323.86,base,344
2008,TAP.N,Molson Coors Beverage Company,7462032286.59,base,345
2008,SNDK.OQ^E16,Sandsk,7397215548.94,dead-redo,346
2008,CBH.N^D08,Commerce Bancorp,7376248353.12,dead-redo,347
2008,AZO.N,"AutoZone, Inc.",7341990916.5,base,348
2008,VMC.N,Vulcan Materials Co,7305030136.68,base,349
2008,CTXS.OQ^J22,Citrix Systems,7297955197.0,dead-redo,350
2008,DTE.N,DTE Energy Company,7211588088.54999,base,351
2008,BBBY.OQ^E23,20230930-DK,7177504089.59999,dead-redo,352
2008,SVU.N^J18,Supervalu,7177192281.0,dead-redo,353
2008,SHW.N,Sherwin-Williams Co,7103502915.59999,base,354
2008,DFS.N^E25,Discover Fincl,7082133057.04,dead-redo,355
2008,SSP.OQ,E W Scripps,7066221340.5,base,356
2008,NWL.OQ,Newell Brands,7060704000.0,base,357
2008,SIAL.OQ^K15,Sigma Aldrich,7029009322.2,dead-redo,358
2008,AVB.N^H26,Avalonbay US,6916758122.13999,dead-redo,359
2008,LLTC.OQ^C17,Linear Tech,6865271777.28,dead-redo,360
2008,BMC.OQ^I13,BMC Software,6843524550.0,dead-redo,361
2008,MAT.OQ,Mattel,6793963658.8,base,362
2008,ANF.N,Abercrombie,6789679864.77,base,363
2008,GWW.N,WW Grainger Inc,6776171199.96,base,364
2008,HSP.N^I15,Hospira,6573268068.92,dead-redo,365
2008,MI.N^G11,Marshall Ilsley,6569271225.15,dead-redo,366
2008,MCHP.OQ,Microchip Technology Inc,6525770747.28,base,367
2008,VAR.N^D21,Varian Med Syst,6466081288.96,dead-redo,368
2008,TEX.N,Terex,6428916000.0,base,369
2008,BBWI.N,Bath & Body,6416619829.78,base,370
2008,CINF.OQ,Cincinnati Financial Corporation,6362738220.3,base,371
2008,ALTR.OQ^L15,Altera,6297506718.75,dead-redo,372
2008,RL.N,Ralph Lauren Corporation,6258157873.8,base,373
2008,CMA.N^B26,Comerica,6252150333.59999,dead-redo,374
2008,DYN.N^G12,Dynegy,6251692172.64,dead-redo,375
2008,ANDV.N^J18,Andeavor US,6190213823.41,dead-redo,376
2008,XLNX.OQ^B22,Xilinx,6176843354.0,dead-redo,377
2008,WHR.N,Whirlpool,6174278988.51999,base,378
2008,ACAS.OQ^A17,Acas US,6084274786.37999,dead-redo,379
2008,MTW.N,Manitowoc Co,6054876708.0,base,380
2008,HRB.N,H&R Block,6048885140.69,base,381
2008,EK.N^A12,Eastman Kodak,6033107779.75,dead-redo,382
2008,BRL.N^L08,Barr Pharm,5766809436.0,dead-redo,383
2008,MWV.N^G15,Westrock MWV,5738179513.63999,dead-redo,384
2008,TIF.N^A21,Tiffany,5729510983.68,dead-redo,385
2008,ABI.N^K08,Applied Biosyst,5716576029.45,dead-redo,386
2008,GT.OQ,Goodyear Tire,5662750045.14,base,387
2008,POM.N^C16,Pepco Hldg,5594596302.26,dead-redo,388
2008,AVY.N,Avery Dennison Corp,5585982505.7,base,389
2008,AKAM.OQ,Akamai Technologies Inc,5516669434.4,base,390
2008,WFM.OQ^H17,Whole Foods,5504427542.0,dead-redo,391
2008,NSM.N^I11,Natl Semiconduct,5487734592.36,dead-redo,392
2008,GL.N,Globe Life Inc.,5484630329.5,base,393
2008,CNP.N,"CenterPoint Energy, Inc.",5419559113.15,base,394
2008,SOV.N^A09,Santander Hldg,5386813674.65,dead-redo,395
2008,TSN.N,Tyson Foods Inc,5372441126.96,base,396
2008,JNS.N^E17,Janus US Hldg,5359478675.76,dead-redo,397
2008,MU.OQ,"Micron Technology, Inc.",5352703368.32,base,398
2008,AMCR.N,Amcor PLC,5275510930.3599,base,399
2008,HBAN.OQ,Huntington Bancshares Inc,5232347677.7,base,400
2008,NI.N,NiSource Inc.,5176362621.12,base,401
2008,SAF.N^I08,Safeco,5097170068.11,dead-redo,402
2008,CFC.N^G08,Countrywide Fncl,5072868311.11,dead-redo,403
2008,STZ.N,"Constellation Brands, Inc.",5062262444.98,base,404
2008,CTAS.OQ,Cintas Corporation,4971482588.3,base,405
2008,CBRE.N,"CBRE Group, Inc.",4920258399.09999,base,406
2008,PLL.N^H15,Pall,4911270471.9,dead-redo,407
2008,TDC.N,Teradata,4858040000.0,base,408
2008,ZION.OQ,Zions Bancorp,4845101555.0,base,409
2008,EMN.N,Eastman Chemical,4833830239.15,base,410
2008,MOLX.OQ^L13,Molex,4780247022.64,dead-redo,411
2008,MKC.N,"McCormick & Company, Incorporated",4742739946.21,base,412
2008,SITC.N,Site Centers,4701848028.57,base,413
2008,PDCO.OQ^D25,Patterson,4696663706.48,dead-redo,414
2008,EFX.N,Equifax Inc.,4623576896.4,base,415
2008,RDC.N^D19,Rowan,4539327754.11,dead-redo,416
2008,LUMN.N,Lumen Tech,4500308060.64,base,417
2008,BALL.N,Ball Corp,4468170690.36,base,418
2008,RX.N^C10,Iqvia,4358990780.13,dead-redo,419
2008,ACS.N^B10,Affiliated Comp,4353218699.16,dead-redo,420
2008,BDK.N^C10,Black & Decker,4326860927.51,dead-redo,421
2008,AMD.OQ,"Advanced Micro Devices, Inc.",4323176016.17999,base,422
2008,HAR.N^C17,HARMAN,4245956911.41999,dead-redo,423
2008,TIE.N^A13,Titanium Metals,4233178705.5,dead-redo,424
2008,PNW.N,Pinnacle West Capital Corporation,4188063701.92,base,425
2008,TNL.N,Travel + Leisure,4156280696.0,base,426
2008,FHI.N,Federated Hermes,4132288929.24,base,427
2008,RHI.N,Robert Half,4116739250.16,base,428
2008,FTR.OQ^D20,Frontier Comm,4067682227.55,dead-redo,429
2008,DHI.N,"D.R. Horton, Inc.",4043987480.64,base,430
2008,AW.N^L08,Allied Waste Ind,3982988672.13,dead-redo,431
2008,MIL.N^G10,EMD Millipore,3954010769.1,dead-redo,432
2008,CMS.N,CMS Energy Corporation,3853856086.08,base,433
2008,TEG.N^F15,Wec Acquisition,3846006530.94,dead-redo,434
2008,SWK.N,Stanley Black & Decker Inc,3826321752.0,base,435
2008,IFF.N,International Flavors & Fragrances Inc.,3821833182.4,base,436
2008,DRI.N,Darden Restaurants Inc,3818451335.39999,base,437
2008,IPG.N^K25,Interpublic Grp,3728622389.03,dead-redo,438
2008,MWW.N^K16,Monster Wrldwd,3700790403.2,dead-redo,439
2008,HAS.OQ,"Hasbro, Inc.",3676789500.0,base,440
2008,SEE.N^D26,Sealed Air,3652042129.54,dead-redo,441
2008,SNV.N^A26,Synovus Fin,3636046188.99,dead-redo,442
2008,TE.N^G16,Teco Energy,3575212838.31,dead-redo,443
2008,ODP.OQ^L25,ODP Group,3460725721.27999,dead-redo,444
2008,PTV.N^K10,Pactiv,3363859963.82,dead-redo,445
2008,LSI.OQ^E14,LSI,3346073522.16,dead-redo,446
2008,DF.N^K19,Dean Foods,3340158884.1,dead-redo,447
2008,AIV.N,Aimco,3248831942.07,base,448
2008,LXK.N^K16,Lexmark Intl,3116391075.7,dead-redo,449
2008,JBL.N,Jabil Inc.,3073208670.0,base,450
2008,RVTY.N,"Revvity, Inc.",3026218922.94,base,451
2008,NVLS.OQ^F12,Novellus Systems,2991894478.72,dead-redo,452
2008,ASH.N,Ashland,2952651188.98,base,453
2008,VIAV.OQ,Viavi Solutions,2882321037.05,base,454
2008,CIEN.N,Ciena,2814020791.88,base,455
2008,CTX.N^H09,Centex,2811755844.54,dead-redo,456
2008,AN.N,AutoNation,2785204407.42,base,457
2008,AGN.N^E20,Allergan,2772075750.0,dead-redo,458
2008,TLAB.OQ^L13,Infinera Optical,2731608116.24,dead-redo,459
2008,LEN.N,Lennar Corp,2708368412.42,base,460
2008,SNA.N,Snap-On Inc,2704326994.79999,base,461
2008,PHM.N,"PulteGroup, Inc.",2667820096.0,base,462
2008,R.N,Ryder,2664048493.29999,base,463
2008,ABK.N^K10,Octave Specialty,2639277638.64,dead-redo,464
2008,MDP.N^L21,Hawkeye Acqsn,2554781821.0,dead-redo,465
2008,NYT.N,New York Times,2495799093.2,base,466
2008,CPWR.OQ^L14,Compuware,2487100472.33999,dead-redo,467
2008,FDO.N^G15,Family Dlr,2473293398.4,dead-redo,468
2008,KG.N^C11,King Pharm,2446793839.49,dead-redo,469
2008,MBI.N,MBIA,2379980967.0,base,470
2008,THC.N,Tenet Healthcare,2375237207.43,base,471
2008,NOVL.OQ^D11,Micro Focus,2308086418.96,dead-redo,472
2008,FHN.N,First Horizon,2209259687.92,base,473
2008,WEN.N^I08,Wendys Intl,2172614840.0,dead-redo,474
2008,HPC.N^K08,Hercules,2146128453.75999,dead-redo,475
2008,RSH.N^B15,RS Legacy,2103949174.8,dead-redo,476
2008,CVG.N^J18,Convergys,2056460625.35,dead-redo,477
2008,KBH.N,KB Home,1877342982.65999,base,478
2008,KATE.N^G17,Kate Spade & Co,1871274966.65999,dead-redo,479
2008,GAS.N^L11,Nicor,1870866911.04,dead-redo,480
2008,QLGC.OQ^H16,QLogic,1820573492.5,dead-redo,481
2008,MTG.N,MGIC Investment,1783911851.18999,base,482
2008,TER.OQ,"Teradyne, Inc.",1746828389.58,base,483
2008,UIS.N,Unisys,1618612849.02,base,484
2008,BC.N,Brunswick Corp,1487871350.28,base,485
2008,OMX.N^K13,OfficeMax,1446115323.1,dead-redo,486
2008,ETFC.OQ^J20,E*TRADE Financl,1432289615.12,dead-redo,487
2008,DDS.N,Dillard's,1368026223.2,base,488
2008,JNY.N^D14,Jones Group,1343694148.56,dead-redo,489
2008,BIG.N^I24,Former Bl Stores,1329900620.88,dead-redo,490
2008,CC.N^K08,Circuit City,656628086.4,dead-redo,491
2009,XOM.N,Exxonmobil Holdings Corp,406240640000.0,base,1
2009,WMT.OQ,Walmart Inc,224291542629.66,base,2
2009,PG.N,The Procter & Gamble Company,184055908093.6,base,3
2009,MSFT.OQ,Microsoft Corporation,180846993397.599,base,4
2009,GE.N,General Electric Company,179164210710.0,base,5
2009,T.N,AT&T Inc,173372060000.0,base,6
2009,JNJ.N,Johnson & Johnson,168277555689.55,base,7
2009,CVX.N,Chevron Corporation,155472624746.6,base,8
2009,WFC.N,Wells Fargo & Co,124768851890.0,base,9
2009,PFE.N,Pfizer Inc.,123193429849.349,base,10
2009,IBM.N,International Business Machines Corporation,117377924236.82,base,11
2009,JPM.N,JPMorgan Chase & Co,117023280000.0,base,12
2009,KO.N,Coca-Cola Co,106120800000.0,base,13
2009,GOOGL.OQ,Alphabet Inc.,101136791589.16,base,14
2009,CSCO.OQ,Cisco Systems Inc,99302272026.24,base,15
2009,VZ.N,Verizon Communications Inc,98412240000.0,base,16
2009,ORCL.N,Oracle Corporation,92900118570.0,base,17
2009,BAC.N,Bank of America Corporation,91605225651.02,base,18
2009,PM.N,Philip Morris International Inc,89256254565.0,base,19
2009,HPQ.N,HP Inc,88940371141.35,base,20
2009,PEP.OQ,"PepsiCo, Inc.",86921410000.0,base,21
2009,INTC.OQ,Intel Corp,84542400000.0,base,22
2009,ABT.N,Abbott Laboratories,83102741346.56,base,23
2009,COP.N,ConocoPhillips,81771347060.35,base,24
2009,AAPL.OQ,Apple Inc.,80805154353.0,base,25
2009,MCD.N,McDonald's Corp,71052236610.0,base,26
2009,MRK.N,Merck & Co Inc,65539770309.0,base,27
2009,AMGN.OQ,Amgen Inc,61762530000.0,base,28
2009,QCOM.OQ,QUALCOMM Incorporated,61093432145.85,base,29
2009,UPS.N,United Parcel Service Inc,55839810599.28,base,30
2009,SLB.N,SLB N.V.,54569186897.2,base,31
2009,RTX.N,RTX Corporation,52236351892.55,base,32
2009,CMCSA.OQ,Comcast Corporation,51248924103.5099,base,33
2009,WYE.N^J09,Wyeth,51115785930.0,dead-redo,34
2009,OXY.N,Occidental Petroleum Corp,50341967995.2,base,35
2009,GILD.OQ,"Gilead Sciences, Inc.",47510397711.4,base,36
2009,BMY.N,Bristol-Myers Squibb Company,47139120000.0,base,37
2009,LLY.N,Eli Lilly and Company,46126196719.81,base,38
2009,USB.N,U.S. Bancorp,44313750000.0,base,39
2009,DIS.N,The Walt Disney Company,44276569691.12,base,40
2009,CVS.N,CVS Health Corporation,42270915700.0,base,41
2009,MMM.N,3M Company,41050827157.53,base,42
2009,HD.N,"The Home Depot, Inc.",40911398765.0499,base,43
2009,MON.N^F18,Monsanto,40393946381.24,dead-redo,44
2009,MDLZ.OQ,Mondelez International Inc,40165958508.42,base,45
2009,C.N,Citigroup Inc,38913714000.0,base,46
2009,GS.N,Goldman Sachs Group Inc,38334051500.76,base,47
2009,TWX.N^F18,Time Warner,38140440000.0,dead-redo,48
2009,EXC.OQ,Exelon Corp,37613421321.2,base,49
2009,MDT.N,Medtronic PLC,36465306782.19,base,50
2009,CL.N,Colgate-Palmolive Company,34986827232.52,base,51
2009,BAX.N,Baxter International Inc.,34159022480.52,base,52
2009,LMT.N,Lockheed Martin Corp,33595485000.0,base,53
2009,UNH.N,UnitedHealth Group Inc,33323467526.16,base,54
2009,LOW.N,Lowe's Companies Inc,33268333533.04,base,55
2009,BA.N,Boeing Co,32878614478.75,base,56
2009,BNY.N,Bank of New York Mellon Corp,32754287367.48,base,57
2009,MO.N,Altria Group Inc,31318044842.3999,base,58
2009,DVN.N,Devon Energy Corporation,30409559999.9999,base,59
2009,SO.N,Southern Co,29151660000.0,base,60
2009,EMR.N,Emerson Electric Co,29003690680.8,base,61
2009,MET.N,"MetLife, Inc.",28545480176.07,base,62
2009,CAT.N,Caterpillar Inc,28217614729.3099,base,63
2009,SGP.N^K09,Schering-Plough,28215177250.0,dead-redo,64
2009,BNI.N^B10,Burlington Nrth,26855502785.1,dead-redo,65
2009,APA.OQ,APA Corporation,26529114600.0,base,66
2009,TRV.N,"The Travelers Companies, Inc.",26446520000.0,base,67
2009,TGT.N,Target Corp,26068773443.17,base,68
2009,CELG.OQ^K19,Celgene,25883064580.17,dead-redo,69
2009,TFCFA.OQ^C19,Tfcf,25708652804.07,dead-redo,70
2009,NKE.N,"NIKE, Inc.",25684945746.6,base,71
2009,DTV.OQ^G15,DIRCTV,25395885303.36,dead-redo,72
2009,UNP.N,Union Pacific Corporation,25387381217.52,base,73
2009,WBA.OQ^H25,Walgreens Hldg,25211331454.05,dead-redo,74
2009,HON.OQ,Honeywell International Inc,25173116882.1799,base,75
2009,DD.N^I17,EIDP,23624151320.0,dead-redo,76
2009,AMZN.OQ,Amazon.com Inc,23266080000.0,base,77
2009,COST.OQ,Costco Wholesale Corp,23113545793.25,base,78
2009,GD.N,General Dynamics Corp,23109824798.64,base,79
2009,AXP.N,American Express Company,22422799999.9999,base,80
2009,ELV.N,Elevance Health Inc,22321418295.1,base,81
2009,KMB.OQ,Kimberly-Clark Corporation,22189640000.0,base,82
2009,EMC.N^I16,EMC US,21860506680.0,dead-redo,83
2009,XTO.N^F10,XTO Energy,21778797528.0,dead-redo,84
2009,AFL.N,Aflac Incorporated,21594942200.0,base,85
2009,RTN.N^D20,Raytheon,21531484000.0,dead-redo,86
2009,PNC.N,"The PNC Financial Services Group, Inc.",21525370000.0,base,87
2009,MHS.N^D12,Medco Health Sol,21280416563.22,dead-redo,88
2009,D.N,"Dominion Energy, Inc.",21242211686.64,base,89
2009,NEE.N,"NextEra Energy, Inc.",21124564656.3,base,90
2009,DELL.OQ^J13,Dell,20902638807.75,dead-redo,91
2009,ADP.OQ,Automatic Data Processing Inc,20523386227.7699,base,92
2009,TXN.OQ,Texas Instruments Inc,20497449562.32,base,93
2009,MRO.N^K24,Marathn Oil,20447599956.84,dead-redo,94
2009,FDX.N,FedEx Corp,20059655706.7199,base,95
2009,GIS.N,General Mills Inc,19789120161.6,base,96
2009,DUK.N,Duke Energy Corp,19485455404.8,base,97
2009,MA.N,Mastercard Incorporated,19356676158.78,base,98
2009,LIN.OQ,Linde PLC,19253245124.61,base,99
2009,COV.N^A15,Covidien,18818654813.9899,dead-redo,100
2009,ITW.N,Illinois Tool Works Inc,18744336135.66,base,101
2009,ADM.N,Archer-Daniels-Midland Co,18724634817.0,base,102
2009,EBAY.OQ,eBay Inc.,18719994055.6,base,103
2009,SCHW.N,The Charles Schwab Corporation,18691141031.98,base,104
2009,HES.N^G25,Hess,18671099365.0,dead-redo,105
2009,APC.N^H19,Anadarko Petrol,18646190095.5599,dead-redo,106
2009,GENZ.OQ^D11,Genzyme,18414274141.11,dead-redo,107
2009,DHR.N,Danaher Corporation,18402364000.0,base,108
2009,MS.N,Morgan Stanley,18255713629.35,base,109
2009,MER.N^A09,Merrill Lyn,18162636494.98,dead-redo,110
2009,NSC.N,Norfolk Southern Corp,17971058511.42,base,111
2009,ALL.N,Allstate Corp,17827360000.0,base,112
2009,AABA.OQ^J19,Altaba,17807398583.05,dead-redo,113
2009,NEM.N,Newmont Corporation,17803699310.28,base,114
2009,STT.N,State Street Corporation,17737020565.8,base,115
2009,CB.N^A16,Chubb NJ,17727736000.0,dead-redo,116
2009,EOG.N,"EOG Resources, Inc.",17571572969.74,base,117
2009,DE.N,Deere & Co,17477056625.91,base,118
2009,HAL.N,Halliburton Company,17383531151.75,base,119
2009,KR.N,Kroger Co,17316123029.26,base,120
2009,K.N^L25,Kellanova,17195582522.25,dead-redo,121
2009,BDX.N,Becton Dickinson and Co,16746216467.96,base,122
2009,SYK.N,Stryker Corporation,16678276367.31,base,123
2009,WM.N,Waste Management Inc,16575846000.0,base,124
2009,ETR.N,Entergy Corp,16036777208.6099,base,125
2009,CCL.N,Carnival Corporation Ltd,15943200000.0,base,126
2009,GLW.N,Corning Incorporated,15557400000.0,base,127
2009,BEN.N,"Franklin Templeton, Inc.",15498156796.1999,base,128
2009,NOC.N,Northrop Grumman Corp,15238790095.8,base,129
2009,PEG.N,Public Service Enterprise Group Incorporated,15208157845.15,base,130
2009,NUE.N,Nucor Corporation,15163765438.5,base,131
2009,FE.N,FirstEnergy Corp,15138126311.6199,base,132
2009,TFC.N,Truist Financial Corporation,14948699040.0,base,133
2009,TMO.N,Thermo Fisher Scientific Inc,14858781608.32,base,134
2009,YUM.N,"Yum! Brands, Inc.",14688000000.0,base,135
2009,CME.OQ,CME Group Inc.,14238766346.94,base,136
2009,DOW.N^I17,Dow Chem,14235447010.79,dead-redo,137
2009,AMAT.OQ,Applied Materials Inc,14179056184.15,base,138
2009,SYY.N,Sysco Corporation,14164720670.1,base,139
2009,BIIB.OQ,Biogen Inc.,14147094484.25,base,140
2009,ESRX.OQ^L18,Evernorth Health,14028450710.0,dead-redo,141
2009,PCG.N,PG&E Corp,14009786439.73,base,142
2009,AEP.OQ,American Electric Power Company Inc,13806422704.0,base,143
2009,CSX.OQ,CSX Corporation,13656529243.1999,base,144
2009,AET.N^K18,Aetna,13560951000.0,dead-redo,145
2009,SPLS.OQ^I17,Staples,13404549903.65,dead-redo,146
2009,PRU.N,Prudential Financial Inc,13046480000.0,base,147
2009,L.N,Loews Corporation,12982437018.59,base,148
2009,COF.N,Capital One Financial Corp,12964252000.0,base,149
2009,MRSH.N,Marsh & McLennan Companies Inc,12819160000.0,base,150
2009,PSA.N,Public Storage,12803209750.7799,base,151
2009,CAH.N,"Cardinal Health, Inc.",12665549749.38,base,152
2009,ROH.N^D09,Rohm Haas,12641170003.28,dead-redo,153
2009,AGN.N^C15,Allerg,12609115453.62,dead-redo,154
2009,APOL.OQ^B17,Apollo Edu Grp,12503228170.0,dead-redo,155
2009,GEN.OQ,Gen Digital Inc.,12372998838.0,base,156
2009,HNZ.N^F13,Kraft Heinz Food,12241137754.58,dead-redo,157
2009,ADBE.OQ,Adobe Inc,12222609076.6999,base,158
2009,VIAB.OQ^L19,Viacom,12186318292.3,dead-redo,159
2009,AON.N,Aon PLC,12172575616.32,base,160
2009,BBY.N,"Best Buy Co., Inc.",11997709580.0,base,161
2009,VLO.N,Valero Energy Corp,11992222251.5199,base,162
2009,AMT.N,American Tower Corporation,11976180870.84,base,163
2009,SPG.N,Simon Property Group Inc,11972681716.43,base,164
2009,WB.N^A09,Wachovia Corp,11971480146.76,dead-redo,165
2009,NTRS.OQ,Northern Trust Corporation,11882056860.0,base,166
2009,BSX.N,Boston Scientific Corp,11832007031.8,base,167
2009,STJ.N^A17,St Jude Med,11795125124.91,dead-redo,168
2009,RAI.N^G17,Reynolds Amricn,11771773018.18,dead-redo,169
2009,PPL.N,PPL Corp,11724245639.4,base,170
2009,KSS.N,Kohls,11445209206.8,base,171
2009,PCAR.OQ,Paccar Inc,11200176000.0,base,172
2009,NOV.N,Nov,11197525290.92,base,173
2009,APD.N,"Air Products and Chemicals, Inc.",11120598193.46,base,174
2009,CPB.OQ,Campbell's Co,10934644172.19,base,175
2009,WU.N,Western Union,10785920000.0,base,176
2009,EIX.N,Edison International,10761544134.18,base,177
2009,ED.N,"Consolidated Edison, Inc.",10742699509.3599,base,178
2009,PGN.N^G12,Prgres Enrgy,10731600000.0,dead-redo,179
2009,AVP.N^A20,Avon Prdcts,10700051386.8,dead-redo,180
2009,MCK.N,McKesson Corp,10684931312.42,base,181
2009,SWN.N^J24,Swestn Energy,10674050917.94,dead-redo,182
2009,SRE.N,Sempra,10658842337.5,base,183
2009,STI.N^L19,SunTrust Banks,10607089188.96,dead-redo,184
2009,MSI.N,Motorola Solutions Inc,10583824999.61,base,185
2009,BKR.OQ,Baker Hughes Company,10557531437.09,base,186
2009,JCI.N^I16,Johnson Cntrl,10500000000.0,manual-fix,187
2009,CHK.N^F20,Expand Energy,10482890000.0,dead-redo,188
2009,DGX.N,Quest Diagnostics Inc,10339831796.76,base,189
2009,SWY.N^A15,Safeway US,10310235000.0,dead-redo,190
2009,UST.N^A09,UST DE,10307457867.38,dead-redo,191
2009,FCX.N,Freeport-McMoRan Inc,10280084569.3,base,192
2009,PGR.N,The Progressive Corporation,10195260170.7,base,193
2009,SE.N^B17,Spectra Energy,10118971969.92,dead-redo,194
2009,GAP.N,Gap,9940216865.25,base,195
2009,CA.OQ^K18,CA,9795617798.4,dead-redo,196
2009,PAYX.OQ,"Paychex, Inc.",9720466688.7,base,197
2009,JNPR.N^G25,Juniper Networks,9709018890.0,dead-redo,198
2009,HWM.N,Howmet Aerospace Inc.,9691843326.48,base,199
2009,CHRW.OQ,"C.H. Robinson Worldwide, Inc.",9450052838.65,base,200
2009,ZBH.N,"Zimmer Biomet Holdings, Inc.",9378065332.8,base,201
2009,TROW.OQ,"T. Rowe Price Group, Inc.",9351160000.0,base,202
2009,LO.N^F15,Lorillard,9276960000.0,dead-redo,203
2009,NBL.OQ^J20,Noble Energy,9048408032.88,dead-redo,204
2009,LLL.N^G19,L3 Tech,9045690740.72,dead-redo,205
2009,MUR.N,Murphy Oil,9038498730.3,base,206
2009,VNO.N,Vornado Realty,8997295884.09,base,207
2009,TJX.N,"The TJX Companies, Inc.",8972127668.05,base,208
2009,ECL.N,Ecolab Inc.,8867211158.91,base,209
2009,ITT.N,ITT,8859748923.97,base,210
2009,PCP.N^B16,Precision Cast,8839271429.0,dead-redo,211
2009,WMB.N,"The Williams Companies, Inc.",8818961960.0,base,212
2009,OMC.N,Omnicom Group Inc,8795640000.0,base,213
2009,FLR.N,Fluor,8692330816.53,base,214
2009,BRCM.OQ^B16,Broadcom Co,8591730000.0,dead-redo,215
2009,ETN.N,Eaton Corporation PLC,8545118000.0,base,216
2009,XEL.OQ,Xcel Energy Inc,8460083141.16,base,217
2009,BCR.N^L17,CR Bard,8433020988.41,dead-redo,218
2009,HSY.N,The Hershey Company,8133305354.98,base,219
2009,AZO.N,"AutoZone, Inc.",8077829325.69,base,220
2009,WFT.N^E19,Weatherford,8019508340.36,dead-redo,221
2009,HCBK.OQ^K15,Hudson City Bcp,7971788790.74,dead-redo,222
2009,BFb.N,Brown-Forman Corporation,7949804787.29999,base,223
2009,FRX.N^G14,Forest Labs,7914246467.92,dead-redo,224
2009,TEL.N,TE Connectivity PLC,7884900804.4,base,225
2009,TAP.N,Molson Coors Beverage Company,7862964203.4,base,226
2009,CLX.N,The Clorox Company,7836666250.46999,base,227
2009,VMRK.N,Vivmark Residential,7822270234.8,base,228
2009,INTU.OQ,Intuit Inc.,7809486033.2,base,229
2009,SPGI.N,S&P Global Inc,7739845000.0,base,230
2009,VMC.N,Vulcan Materials Co,7681562443.05999,base,231
2009,HRB.N,H&R Block,7629646592.62,base,232
2009,NYX.N^K13,NYSE Euronext,7531300000.0,dead-redo,233
2009,CAG.N,Conagra Brands,7511421052.8,base,234
2009,EXPD.N,Expeditors International of Washington Inc,7298243370.11,base,235
2009,PH.N,Parker-Hannifin Corp,7255711423.51999,base,236
2009,XRX.OQ,Xerox Hlngs,7246831260.0,base,237
2009,AEE.N,Ameren Corporation,7243675999.99999,base,238
2009,SBUX.OQ,Starbucks Corp,7215672000.0,base,239
2009,TPR.N,"Tapestry, Inc.",7198845737.16,base,240
2009,PPG.N,"PPG Industries, Inc.",7151386045.04999,base,241
2009,HSH.N^H14,Hillshire Brands,7045857579.7,dead-redo,242
2009,SHW.N,Sherwin-Williams Co,7012968917.01,base,243
2009,LH.N,Labcorp Holdings Inc.,7012440000.0,base,244
2009,MAR.OQ,"Marriott International, Inc.",7002989971.51999,base,245
2009,BBBY.OQ^E23,20230930-DK,6880124945.33999,dead-redo,246
2009,WY.N,Weyerhaeuser Company,6738006209.99999,base,247
2009,BTU.N^D16,Peabody Energy,6681832177.01999,dead-redo,248
2009,DOC.N,"Healthpeak Properties, Inc",6659574182.04,base,249
2009,LUV.N,Southwest Airlines Co,6635325535.8,base,250
2009,BXP.N,"BXP, Inc.",6588171998.05,base,251
2009,DOV.N,Dover Corp,6477155586.17999,base,252
2009,COL.N^K18,Rockwell Collins,6452096700.0,dead-redo,253
2009,EL.N,Estee Lauder Companies Inc,6421952465.09999,base,254
2009,BEAM.N^E14,Suntory Global,6417534424.08,dead-redo,255
2009,MTB.N,M&T Bank Corporation,6330650080.0,base,256
2009,HUM.N,Humana Inc.,6292124707.85,base,257
2009,Q.N^D11,Qwest Comms Intl,6285646725.93,dead-redo,258
2009,GPC.N,Genuine Parts Co,6278586411.46,base,259
2009,VFC.N,VF,6260000281.92,base,260
2009,NE.N^H20,Noble Corp,6220101250.0,dead-redo,261
2009,J.N,Jacobs Solutions Inc,6194907703.18,base,262
2009,PBCT.OQ^D22,Peoples Uni,6189141000.0,dead-redo,263
2009,PFG.OQ,Principal Financial Group Inc,6119480000.0,base,264
2009,FISV.OQ,Fiserv Inc,6116191169.79,base,265
2009,ICE.N,Intercontinental Exchange Inc,6109704341.21999,base,266
2009,UNM.N,Unum Group,6102547958.35,base,267
2009,PSKY.OQ,Paramount Skydance Corp,6056863264.92,base,268
2009,PLD.N^F11,Prologis MD,6036542861.16,dead-redo,269
2009,CCEP.OQ,Coca-Cola UK,6030846453.96,base,270
2009,GWW.N,WW Grainger Inc,6026603127.11,base,271
2009,TT.N,Trane Technologies PLC,5999558843.52,base,272
2009,MAT.OQ,Mattel,5967864295.2,base,273
2009,RF.N,Regions Financial Corporation,5952661260.0,base,274
2009,STR.N^I16,Enbridge EOG,5927998592.88,dead-redo,275
2009,DTE.N,DTE Energy Company,5902939571.16,base,276
2009,CMI.N,Cummins Inc,5886012000.0,base,277
2009,F.N,Ford Motor Co,5876584616.1,base,278
2009,EP.N^E12,El Paso,5805055671.36,dead-redo,279
2009,CNX.N,CNX Resources,5804677709.65,base,280
2009,AYE.N^B11,Allegheny Enrgy,5799036850.56,dead-redo,281
2009,IVZ.N,Invesco Ltd,5774518335.0,base,282
2009,RRC.N,Range Resource,5759845160.4,base,283
2009,ADI.OQ,"Analog Devices, Inc.",5727775181.17,base,284
2009,AES.N,The AES Corporation,5721624768.96,base,285
2009,A.N,Agilent Technologies Inc,5716340969.36,base,286
2009,DXC.N,DXC Tech,5620020004.9,base,287
2009,PCL.N^B16,Plum Creek Timb,5604172190.4,dead-redo,288
2009,EA.OQ^H26,Electronic Arts,5596164081.92,dead-redo,289
2009,S.N^G13,Sprint Commns DE,5570759009.4,dead-redo,290
2009,CTSH.OQ,Cognizant Technology Solutions Corporation,5567502437.92,base,291
2009,COR.N,"Cencora, Inc.",5481987041.75,base,292
2009,SII.N^H10,Smith Intl,5477977669.37,dead-redo,293
2009,PBI.N,Pitney Bowes,5450037407.8,base,294
2009,LHX.N,"L3Harris Technologies, Inc.",5424045751.79999,base,295
2009,FAST.OQ,Fastenal Company,5422856295.12,base,296
2009,CEPH.OQ^J11,Cephalon,5316169985.01,dead-redo,297
2009,CBE.N^L12,Cooper Inds,5315535442.13,dead-redo,298
2009,IP.N,International Paper Co,5314198285.33,base,299
2009,NDAQ.OQ,Nasdaq Inc,5297377439.63999,base,300
2009,MFE.N^C11,McAfee US,5287514723.2,dead-redo,301
2009,SIAL.OQ^K15,Sigma Aldrich,5279604000.0,dead-redo,302
2009,MCO.N,Moody's Corporation,5210807327.6,base,303
2009,AMP.N,Ameriprise Financial Inc,5198357304.0,base,304
2009,BMC.OQ^I13,BMC Software,5184540900.0,dead-redo,305
2009,ISRG.OQ,Intuitive Surgical Inc,5179058258.0,base,306
2009,CEG.N^C12,Constell Energy,5160672000.0,dead-redo,307
2009,SJM.N,The J. M. Smucker Company,5149430490.71999,base,308
2009,HIG.N,"The Hartford Insurance Group, Inc.",5136754561.84,base,309
2009,SHLD.OQ^J18,Sears,5130195225.93,dead-redo,310
2009,SUN.N^J12,ETC Sunoco Hldg,5127916144.32,dead-redo,311
2009,LNC.N,LNC,5109195000.0,base,312
2009,DVA.N,DaVita Inc,5094305344.3,base,313
2009,ALTR.OQ^L15,Altera,5084965080.9,dead-redo,314
2009,LLTC.OQ^C17,Linear Tech,5057644466.21999,dead-redo,315
2009,XLNX.OQ^B22,Xilinx,5028867727.55999,dead-redo,316
2009,JEF.N,Jefferies Fincl,5009392594.35,base,317
2009,WEC.N,"WEC Energy Group, Inc.",4973734089.84,base,318
2009,FITB.N,Fifth Third Bancorp,4959750997.08,base,319
2009,KIM.N,Kimco Realty Corp,4933665555.0,base,320
2009,WYNN.OQ,"Wynn Resorts, Limited",4932274646.8,base,321
2009,GR.N^G12,Goodrich,4892299717.58,dead-redo,322
2009,NTAP.OQ,NetApp Inc,4876504969.55999,base,323
2009,CI.N,The Cigna Group,4833963164.21999,base,324
2009,ROK.N,Rockwell Automation Inc,4826148377.68,base,325
2009,PBG.N^C10,Pepsi Bottling,4818638138.44,dead-redo,326
2009,CAM.N^D16,Cameron Intl,4786823058.71,dead-redo,327
2009,CINF.OQ,Cincinnati Financial Corporation,4693140000.0,base,328
2009,RL.N,Ralph Lauren Corporation,4681494246.33,base,329
2009,ADSK.OQ,"Autodesk, Inc.",4679656003.0,base,330
2009,NVDA.OQ,NVIDIA Corporation,4677819461.64,base,331
2009,ACS.N^B10,Affiliated Comp,4662930343.2,dead-redo,332
2009,M.N,Macy's,4617787087.26,base,333
2009,AVB.N^H26,Avalonbay US,4600976992.58,dead-redo,334
2009,X.N^F25,U. S. Steel,4593299767.38,dead-redo,335
2009,RSG.N,Republic Services Inc,4567562039.01,base,336
2009,DFS.N^E25,Discover Fincl,4564676370.0,dead-redo,337
2009,JCP.N^E20,Old Copper Co,4556988733.01,dead-redo,338
2009,AIG.N,"American International Group, Inc.",4545995748.97,base,339
2009,EQT.N,EQT Corporation,4533883615.1,base,340
2009,VAR.N^D21,Varian Med Syst,4509602367.4,dead-redo,341
2009,SRCL.OQ^K24,Stericycle,4489416608.13999,dead-redo,342
2009,APH.N,Amphenol Corp,4478884821.32,base,343
2009,CTXS.OQ^J22,Citrix Systems,4425033828.59999,dead-redo,344
2009,CNP.N,"CenterPoint Energy, Inc.",4422464917.9,base,345
2009,KEY.N,KeyCorp,4390667740.0,base,346
2009,HSP.N^I15,Hospira,4384118409.71,dead-redo,347
2009,XRAY.OQ,Dentsply Sirona,4336006139.71,base,348
2009,VAL.N^H20,Valaris,4301475575.76,dead-redo,349
2009,HOG.N,Harley Davidson,4283956282.39999,base,350
2009,SLM.OQ,SLM,4239798710.0,base,351
2009,KDP.OQ,Keurig Dr Pepper Inc,4198498881.15,base,352
2009,DNB.N^B19,Dun & Bradstreet,4194973720.21,dead-redo,353
2009,MKC.N,"McCormick & Company, Incorporated",4193265251.99,base,354
2009,CRM.N,"Salesforce, Inc.",4150440000.0,base,355
2009,HAS.OQ,"Hasbro, Inc.",4120313902.4,base,356
2009,MAS.N,Masco Corporation,4092062999.99999,base,357
2009,HST.OQ,"Host Hotels & Resorts, Inc.",4060569000.0,base,358
2009,BALL.N,Ball Corp,4047498397.79999,base,359
2009,DRI.N,Darden Restaurants Inc,4046621118.54,base,360
2009,VRSN.OQ,"VeriSign, Inc.",3949715532.9,base,361
2009,SNI.OQ^C18,Scripps Networks,3889117908.75,dead-redo,362
2009,GHC.N,Graham Holdings,3869899802.4,base,363
2009,GL.N,Globe Life Inc.,3817140213.33,base,364
2009,HOT.N^I16,Starwood Hotls,3806510905.6,dead-redo,365
2009,GME.N,GameStop,3797967248.82,base,366
2009,KLAC.OQ,KLA Corporation,3795953871.84,base,367
2009,NBR.N,Nabors Inds,3777699061.66,base,368
2009,IGT.N^D15,IGT,3772160000.0,dead-redo,369
2009,WAT.N,Waters Corp,3744682178.25,base,370
2009,TXT.N,Textron Inc,3705655003.29,base,371
2009,POM.N^C16,Pepco Hldg,3690310417.5,dead-redo,372
2009,MI.N^G11,Marshall Ilsley,3655834000.0,dead-redo,373
2009,CTAS.OQ,Cintas Corporation,3647101357.9,base,374
2009,FDO.N^G15,Family Dlr,3636332320.52,dead-redo,375
2009,STZ.N,"Constellation Brands, Inc.",3599081862.95,base,376
2009,MCHP.OQ,Microchip Technology Inc,3559603269.12,base,377
2009,AIZ.N,Assurant Inc,3556736900.64,base,378
2009,TSN.N,Tyson Foods Inc,3533340119.65,base,379
2009,SUNE.N^D16,Sunedison Inc,3514920465.42,dead-redo,380
2009,EFX.N,Equifax Inc.,3492195000.0,base,381
2009,BBWI.N,Bath & Body,3456388170.13,base,382
2009,PLL.N^H15,Pall,3412494110.89999,dead-redo,383
2009,AMCR.N,Amcor PLC,3380671870.24608,base,384
2009,TEG.N^F15,Wec Acquisition,3380190926.50999,dead-redo,385
2009,PNW.N,Pinnacle West Capital Corporation,3338978326.56,base,386
2009,RHI.N,Robert Half,3310974717.05,base,387
2009,AVY.N,Avery Dennison Corp,3307224000.0,base,388
2009,PTV.N^K10,Pactiv,3287444853.6,dead-redo,389
2009,NCC.N^A09,National City,3277282353.53212,dead-redo,390
2009,FIS.N,Fidelity National Information Services Inc,3239420188.95,base,391
2009,LM.N^H20,Legg Mason,3228822733.5,dead-redo,392
2009,WHR.N,Whirlpool,3184260000.0,base,393
2009,CMA.N^B26,Comerica,3152771470.75,dead-redo,394
2009,SVU.N^J18,Supervalu,3150823379.04,dead-redo,395
2009,TIF.N^A21,Tiffany,3144197142.98,dead-redo,396
2009,JAVA.OQ^B10,Oracle America,3143900000.0,dead-redo,397
2009,JWN.N^E25,Nordstrom,3133883818.2,dead-redo,398
2009,FLS.N,Flowserve,3108037056.85,base,399
2009,NI.N,NiSource Inc.,3055276440.86,base,400
2009,RRD.N^B22,RR Donnelley,2971752000.0,dead-redo,401
2009,DF.N^K19,Dean Foods,2941968103.62,dead-redo,402
2009,TSS.N^I19,TSYS,2924874898.08,dead-redo,403
2009,HBAN.OQ,Huntington Bancshares Inc,2921140198.62,base,404
2009,NWL.OQ,Newell Brands,2916144000.0,base,405
2009,MIL.N^G10,EMD Millipore,2906114320.2,dead-redo,406
2009,RX.N^C10,Iqvia,2893594911.56,dead-redo,407
2009,ZION.OQ,Zions Bancorp,2883620325.0,base,408
2009,PHM.N,"PulteGroup, Inc.",2876081412.73,base,409
2009,LUMN.N,Lumen Tech,2847969564.16,base,410
2009,CTRA.N^E26,Coterra Energy,2840118291.12,dead-redo,411
2009,SWK.N,Stanley Black & Decker Inc,2794855103.0,base,412
2009,AGN.N^E20,Allergan,2751190400.0,dead-redo,413
2009,FTR.OQ^D20,Frontier Comm,2742693933.57,dead-redo,414
2009,TDC.N,Teradata,2738240000.0,base,415
2009,TE.N^G16,Teco Energy,2704472006.26,dead-redo,416
2009,AKAM.OQ,Akamai Technologies Inc,2666356000.0,base,417
2009,KG.N^C11,King Pharm,2659469102.02999,dead-redo,418
2009,ATI.N,ATI,2631965000.0,base,419
2009,BDK.N^C10,Black & Decker,2630873553.88,dead-redo,420
2009,CF.N,CF Industries Holdings Inc,2595692000.0,base,421
2009,MOLX.OQ^L13,Molex,2548164296.28,dead-redo,422
2009,EXPE.OQ,"Expedia Group, Inc.",2525717255.12999,base,423
2009,SNDK.OQ^E16,Sandsk,2504504319.68,dead-redo,424
2009,NSM.N^I11,Natl Semiconduct,2481768273.64,dead-redo,425
2009,SEE.N^D26,Sealed Air,2407583959.5,dead-redo,426
2009,IFF.N,International Flavors & Fragrances Inc.,2406546271.8,base,427
2009,EMN.N,Eastman Chemical,2394227179.12,base,428
2009,CMS.N,CMS Energy Corporation,2363869252.79999,base,429
2009,PDCO.OQ^D25,Patterson,2360948320.28,dead-redo,430
2009,SNA.N,Snap-On Inc,2360738173.5,base,431
2009,DHI.N,"D.R. Horton, Inc.",2324268560.27999,base,432
2009,LSI.OQ^E14,LSI,2302956348.83999,dead-redo,433
2009,FHN.N,First Horizon,2299325268.79999,base,434
2009,CVH.N^E13,Coventry Health,2277850073.4,dead-redo,435
2009,R.N,Ryder,2247988129.96,base,436
2009,LIFE.OQ^B14,Life Tech Corp,2235066988.0,dead-redo,437
2009,GM.N^F09,Motors GUC Trust,2228191121.65,dead-redo,438
2009,SOV.N^A09,Santander Hldg,2188621336.2,dead-redo,439
2009,MU.OQ,"Micron Technology, Inc.",2169075895.12,base,440
2009,LXK.N^K16,Lexmark Intl,2143448044.06,dead-redo,441
2009,ANF.N,Abercrombie,2120604722.04,base,442
2009,PXD.N^E24,Pioneer Natl Rsc,2066725000.0,dead-redo,443
2009,IPG.N^K25,Interpublic Grp,2039591516.72,dead-redo,444
2009,DYN.N^G12,Dynegy,2004227978.48,dead-redo,445
2009,TGNA.N^C26,Tegna,1957238643.36,dead-redo,446
2009,MWV.N^G15,Westrock MWV,1954089714.72,dead-redo,447
2009,RDC.N^D19,Rowan,1949313790.5,dead-redo,448
2009,ANDV.N^J18,Andeavor US,1909317948.15999,dead-redo,449
2009,AN.N,AutoNation,1882216000.0,base,450
2009,EK.N^A12,Eastman Kodak,1842321407.85,dead-redo,451
2009,FHI.N,Federated Hermes,1775596832.8,base,452
2009,QLGC.OQ^H16,QLogic,1759020628.75,dead-redo,453
2009,CPWR.OQ^L14,Compuware,1745182284.84,dead-redo,454
2009,TIE.N^A13,Titanium Metals,1676600978.46,dead-redo,455
2009,RVTY.N,"Revvity, Inc.",1673580596.87,base,456
2009,TLAB.OQ^L13,Infinera Optical,1662725286.6,dead-redo,457
2009,GAS.N^L11,Nicor,1584405821.0200002,dead-redo,458
2009,GT.OQ,Goodyear Tire,1568910000.0,base,459
2009,RSH.N^B15,RS Legacy,1559645283.65,dead-redo,460
2009,MWW.N^K16,Monster Wrldwd,1551345591.4,dead-redo,461
2009,JBL.N,Jabil Inc.,1516123132.68,base,462
2009,AMD.OQ,"Advanced Micro Devices, Inc.",1448198933.86,base,463
2009,JNS.N^E17,Janus US Hldg,1412792217.05,dead-redo,464
2009,LEN.N,Lennar Corp,1402386297.66,base,465
2009,WFM.OQ^H17,Whole Foods,1387748026.56,dead-redo,466
2009,MEE.N^F11,Alpha Appalachia,1378334144.3300002,dead-redo,467
2009,NOVL.OQ^D11,Micro Focus,1363492799.96,dead-redo,468
2009,CTX.N^H09,Centex,1351289712.46999,dead-redo,469
2009,TNL.N,Travel + Leisure,1341860748.48,base,470
2009,XL.N^I18,XL Grp,1286764094.65,dead-redo,471
2009,NVLS.OQ^F12,Novellus Systems,1265730857.28,dead-redo,472
2009,KBH.N,KB Home,1241069678.14999,base,473
2009,GNW.N,Genworth Fincl,1238952000.0,base,474
2009,MTW.N,Manitowoc Co,1237034729.06,base,475
2009,MBI.N,MBIA,1229832162.0,base,476
2009,BIG.N^I24,Former Bl Stores,1193153471.5,dead-redo,477
2009,CBRE.N,"CBRE Group, Inc.",1141709842.56,base,478
2009,AKS.N^C20,Cleveland-Clif,1127130642.54,dead-redo,479
2009,NYT.N,New York Times,1085112000.72,base,480
2009,HAR.N^C17,HARMAN,1065534761.19999,dead-redo,481
2009,AIV.N,Aimco,1031897407.2,base,482
2009,ODP.OQ^L25,ODP Group,962100597.5,dead-redo,483
2009,VIAV.OQ,Viavi Solutions,867384433.72,base,484
2009,CVG.N^J18,Convergys,837369357.44,dead-redo,485
2009,TER.OQ,"Teradyne, Inc.",790575240.199999,base,486
2009,MDP.N^L21,Hawkeye Acqsn,784866058.33,dead-redo,487
2009,ACAS.OQ^A17,Acas US,760852997.76,dead-redo,488
2009,ETFC.OQ^J20,E*TRADE Financl,738215242.66,dead-redo,489
2009,SITC.N,Site Centers,683184651.839999,base,490
2009,CIEN.N,Ciena,631922922.6,base,491
2009,THC.N,Tenet Healthcare,606006536.27,base,492
2009,JNY.N^D14,Jones Group,500557482.0,dead-redo,493
2009,VTRS.OQ,Viatris Inc.,60070500.0,base,494
2010,XOM.N,Exxonmobil Holdings Corp,323717280685.44,base,1
2010,MSFT.OQ,Microsoft Corporation,270635619601.44,base,2
2010,WMT.OQ,Walmart Inc,203653691636.15,base,3
2010,GOOGL.OQ,Alphabet Inc.,196701274692.9,base,4
2010,AAPL.OQ,Apple Inc.,191004590606.712,base,5
2010,JNJ.N,Johnson & Johnson,177713613351.66,base,6
2010,PG.N,The Procter & Gamble Company,176105470801.02,base,7
2010,IBM.N,International Business Machines Corporation,171950624322.4,base,8
2010,T.N,AT&T Inc,165405030000.0,base,9
2010,JPM.N,JPMorgan Chase & Co,164207057763.78,base,10
2010,GE.N,General Electric Company,161096599350.0,base,11
2010,CVX.N,Chevron Corporation,154462561155.58,base,12
2010,PFE.N,Pfizer Inc.,146784860913.21,base,13
2010,WFC.N,Wells Fargo & Co,137995285883.449,base,14
2010,CSCO.OQ,Cisco Systems Inc,137716890813.18,base,15
2010,KO.N,Coca-Cola Co,132079343904.0,base,16
2010,BAC.N,Bank of America Corporation,130280443130.16,base,17
2010,ORCL.N,Oracle Corporation,122925226600.0,base,18
2010,HPQ.N,HP Inc,121778340966.18,base,19
2010,INTC.OQ,Intel Corp,112648799999.999,base,20
2010,MRK.N,Merck & Co Inc,111610579348.8,base,21
2010,PEP.OQ,"PepsiCo, Inc.",94875031011.2,base,22
2010,C.N,Citigroup Inc,94155319946.76,base,23
2010,VZ.N,Verizon Communications Inc,94110671089.18,base,24
2010,PM.N,Philip Morris International Inc,91786757235.08,base,25
2010,GS.N,Goldman Sachs Group Inc,86797630712.52,base,26
2010,ABT.N,Abbott Laboratories,83508407619.74,base,27
2010,SLB.N,SLB N.V.,78157747571.01,base,28
2010,QCOM.OQ,QUALCOMM Incorporated,77268682988.28,base,29
2010,COP.N,ConocoPhillips,75772268054.21,base,30
2010,MCD.N,McDonald's Corp,67384412178.1599,base,31
2010,OXY.N,Occidental Petroleum Corp,66029129404.5499,base,32
2010,RTX.N,RTX Corporation,65074610933.9699,base,33
2010,V.N,Visa Inc.,64950160218.7199,base,34
2010,DIS.N,The Walt Disney Company,60146600170.5,base,35
2010,MMM.N,3M Company,58526910015.56,base,36
2010,AMZN.OQ,Amazon.com Inc,58244841682.32,base,37
2010,AMGN.OQ,Amgen Inc,57256671211.38,base,38
2010,UPS.N,United Parcel Service Inc,56957181084.64,base,39
2010,HD.N,"The Home Depot, Inc.",49192915890.9099,base,40
2010,MDT.N,Medtronic PLC,48582560875.5,base,41
2010,AXP.N,American Express Company,48185142386.16,base,42
2010,CMCSA.OQ,Comcast Corporation,47342400983.41,base,43
2010,CVS.N,CVS Health Corporation,45433590030.0,base,44
2010,MON.N^F18,Monsanto,44579213490.0,dead-redo,45
2010,BMY.N,Bristol-Myers Squibb Company,43220287135.0,base,46
2010,USB.N,U.S. Bancorp,43048661471.27,base,47
2010,LLY.N,Eli Lilly and Company,41031590082.55,base,48
2010,CL.N,Colgate-Palmolive Company,40844251165.2,base,49
2010,MO.N,Altria Group Inc,40677508231.2299,base,50
2010,MS.N,Morgan Stanley,40239227722.4,base,51
2010,MDLZ.OQ,Mondelez International Inc,40113236749.5,base,52
2010,BA.N,Boeing Co,39330807334.32,base,53
2010,GILD.OQ,"Gilead Sciences, Inc.",38939756956.77,base,54
2010,TFCFA.OQ^C19,Tfcf,37648723667.47,dead-redo,55
2010,TGT.N,Target Corp,36389369362.08,base,56
2010,WBA.OQ^H25,Walgreens Hldg,36175586966.64,dead-redo,57
2010,EMC.N^I16,EMC US,35635690340.0,dead-redo,58
2010,CAT.N,Caterpillar Inc,35602947755.81,base,59
2010,UNH.N,UnitedHealth Group Inc,35418267309.12,base,60
2010,BAX.N,Baxter International Inc.,35375930306.64,base,61
2010,APA.OQ,APA Corporation,34683108824.37,base,62
2010,FCX.N,Freeport-McMoRan Inc,34514872664.58,base,63
2010,LOW.N,Lowe's Companies Inc,34430832503.08,base,64
2010,TWX.N^F18,Time Warner,34023221492.14,dead-redo,65
2010,BNY.N,Bank of New York Mellon Corp,33682703505.26,base,66
2010,BNI.N^B10,Burlington Nrth,33573700291.72,dead-redo,67
2010,MA.N,Mastercard Incorporated,33213774635.12,base,68
2010,F.N,Ford Motor Co,33071008760.0,base,69
2010,TXN.OQ,Texas Instruments Inc,32649880751.8799,base,70
2010,DVN.N,Devon Energy Corporation,32641350000.0,base,71
2010,UNP.N,Union Pacific Corporation,32240695030.2,base,72
2010,EXC.OQ,Exelon Corp,32223772853.82,base,73
2010,NKE.N,"NIKE, Inc.",32205979010.8799,base,74
2010,EMR.N,Emerson Electric Co,32054170930.2,base,75
2010,DTV.OQ^G15,DIRCTV,31911183184.45,dead-redo,76
2010,DOW.N^I17,Dow Chem,31601151231.21,dead-redo,77
2010,APC.N^H19,Anadarko Petrol,30680143460.6,dead-redo,78
2010,MHS.N^D12,Medco Health Sol,30470012484.45,dead-redo,79
2010,DD.N^I17,EIDP,30428589100.0,dead-redo,80
2010,EBAY.OQ,eBay Inc.,30423388306.87,base,81
2010,GLW.N,Corning Incorporated,30048165851.89,base,82
2010,HON.OQ,Honeywell International Inc,29911337971.2,base,83
2010,MET.N,"MetLife, Inc.",28944247957.45,base,84
2010,LMT.N,Lockheed Martin Corp,28691974787.3,base,85
2010,DELL.OQ^J13,Dell,28097585315.2399,dead-redo,86
2010,TRV.N,"The Travelers Companies, Inc.",27242173037.16,base,87
2010,HAL.N,Halliburton Company,27139024532.94,base,88
2010,XTO.N^F10,XTO Energy,27003125418.39,dead-redo,89
2010,ELV.N,Elevance Health Inc,26716964965.71,base,90
2010,SO.N,Southern Co,26663043114.96,base,91
2010,KMB.OQ,Kimberly-Clark Corporation,26463825269.18,base,92
2010,GD.N,General Dynamics Corp,26300073939.3,base,93
2010,FDX.N,FedEx Corp,26112783954.7,base,94
2010,COST.OQ,Costco Wholesale Corp,25995337160.2,base,95
2010,CELG.OQ^K19,Celgene,25590658903.68,dead-redo,96
2010,LIN.OQ,Linde PLC,24639855123.93,base,97
2010,EOG.N,"EOG Resources, Inc.",24554178279.3999,base,98
2010,PNC.N,"The PNC Financial Services Group, Inc.",24351515464.8999,base,99
2010,DHR.N,Danaher Corporation,24156861246.4,base,100
2010,BEN.N,"Franklin Templeton, Inc.",24151487289.2999,base,101
2010,ITW.N,Illinois Tool Works Inc,24038666532.91,base,102
2010,ESRX.OQ^L18,Evernorth Health,23741302400.0,dead-redo,103
2010,AABA.OQ^J19,Altaba,23509724512.64,dead-redo,104
2010,GIS.N,General Mills Inc,23334534867.61,base,105
2010,D.N,"Dominion Energy, Inc.",23244612947.92,base,106
2010,PRU.N,Prudential Financial Inc,23088640000.0,base,107
2010,DE.N,Deere & Co,22859922178.17,base,108
2010,SPG.N,Simon Property Group Inc,22803615681.0,base,109
2010,NEM.N,Newmont Corporation,22727990118.75,base,110
2010,DUK.N,Duke Energy Corp,22452270240.97,base,111
2010,CME.OQ,CME Group Inc.,22347749444.8799,base,112
2010,MRO.N^K24,Marathn Oil,22098925551.78,dead-redo,113
2010,SCHW.N,The Charles Schwab Corporation,21871309221.64,base,114
2010,NEE.N,"NextEra Energy, Inc.",21833002484.48,base,115
2010,AFL.N,Aflac Incorporated,21640339711.25,base,116
2010,ADP.OQ,Automatic Data Processing Inc,21608287772.96,base,117
2010,STT.N,State Street Corporation,21537723852.96,base,118
2010,K.N^L25,Kellanova,20185360364.4,dead-redo,119
2010,ADM.N,Archer-Daniels-Midland Co,20112054583.3,base,120
2010,SYK.N,Stryker Corporation,20041330493.9699,base,121
2010,AIG.N,"American International Group, Inc.",19988275163.62,base,122
2010,HES.N^G25,Hess,19797384024.0,dead-redo,123
2010,CCL.N,Carnival Corporation Ltd,19783077606.51,base,124
2010,RTN.N^D20,Raytheon,19743339840.0,dead-redo,125
2010,TMO.N,Thermo Fisher Scientific Inc,19472524704.7,base,126
2010,NSC.N,Norfolk Southern Corp,19284999024.3,base,127
2010,ADBE.OQ,Adobe Inc,19263897140.04,base,128
2010,AGN.N^C15,Allerg,19151386113.11,dead-redo,129
2010,CSX.OQ,CSX Corporation,19035182273.25,base,130
2010,AMAT.OQ,Applied Materials Inc,18697150920.02,base,131
2010,BDX.N,Becton Dickinson and Co,18587249715.82,base,132
2010,NOV.N,Nov,18444465896.62,base,133
2010,JCI.N^I16,Johnson Cntrl,18200000000.0,manual-fix,134
2010,VIAB.OQ^L19,Viacom,18138846267.6,dead-redo,135
2010,MSI.N,Motorola Solutions Inc,17932921707.44,base,136
2010,SPLS.OQ^I17,Staples,17800617639.9,dead-redo,137
2010,NOC.N,Northrop Grumman Corp,17523033897.1,base,138
2010,TFC.N,Truist Financial Corporation,17444843721.29,base,139
2010,AMT.N,American Tower Corporation,17346752154.6,base,140
2010,COF.N,Capital One Financial Corp,17238024050.94,base,141
2010,APD.N,"Air Products and Chemicals, Inc.",17187876071.1,base,142
2010,SBUX.OQ,Starbucks Corp,17069012000.0,base,143
2010,MCK.N,McKesson Corp,16837029812.5,base,144
2010,PEG.N,Public Service Enterprise Group Incorporated,16823849098.0,base,145
2010,CB.N^A16,Chubb NJ,16798514796.0399,dead-redo,146
2010,CHK.N^F20,Expand Energy,16762676130.0399,dead-redo,147
2010,SWN.N^J24,Swestn Energy,16643233893.8,dead-redo,148
2010,AEP.OQ,American Electric Power Company Inc,16631512819.5299,base,149
2010,PCG.N,PG&E Corp,16563373465.8,base,150
2010,WM.N,Waste Management Inc,16555133781.9,base,151
2010,SYY.N,Sysco Corporation,16535986717.14,base,152
2010,KSS.N,Kohls,16535035343.65,base,153
2010,BBY.N,"Best Buy Co., Inc.",16495542720.0,base,154
2010,YUM.N,"Yum! Brands, Inc.",16355548556.75,base,155
2010,ALL.N,Allstate Corp,16115817654.68,base,156
2010,HWM.N,Howmet Aerospace Inc.,15706986578.4,base,157
2010,L.N,Loews Corporation,15617111059.1,base,158
2010,PCP.N^B16,Precision Cast,15529051090.15,dead-redo,159
2010,BIIB.OQ,Biogen Inc.,15472120659.5,base,160
2010,ETR.N,Entergy Corp,15462218695.44,base,161
2010,RAI.N^G17,Reynolds Amricn,15434194877.38,dead-redo,162
2010,TJX.N,"The TJX Companies, Inc.",15340350572.6999,base,163
2010,BRCM.OQ^B16,Broadcom Co,15170742000.0,dead-redo,164
2010,NUE.N,Nucor Corporation,14686044643.5,base,165
2010,TWC.N^E16,TWC,14587239162.39,dead-redo,166
2010,GEN.OQ,Gen Digital Inc.,14500926861.97,base,167
2010,GAP.N,Gap,14455351234.05,base,168
2010,FE.N,FirstEnergy Corp,14159604655.15,base,169
2010,JNPR.N^G25,Juniper Networks,14013458130.0,dead-redo,170
2010,PSA.N,Public Storage,13808971016.55,base,171
2010,SRE.N,Sempra,13795871078.88,base,172
2010,AET.N^K18,Aetna,13741950000.0,dead-redo,173
2010,TROW.OQ,"T. Rowe Price Group, Inc.",13711981446.75,base,174
2010,DO.N^D20,Diamond Offshore,13681448545.94,dead-redo,175
2010,BSX.N,Boston Scientific Corp,13593869910.0,base,176
2010,HNZ.N^F13,Kraft Heinz Food,13496933548.84,dead-redo,177
2010,AVP.N^A20,Avon Prdcts,13452265417.5,dead-redo,178
2010,CTSH.OQ,Cognizant Technology Solutions Corporation,13359360507.18,base,179
2010,KR.N,Kroger Co,13342263810.81,base,180
2010,SE.N^B17,Spectra Energy,13264952064.42,dead-redo,181
2010,PCAR.OQ,Paccar Inc,13184456595.57,base,182
2010,WU.N,Western Union,13046248749.95,base,183
2010,GENZ.OQ^D11,Genzyme,13006415536.92,dead-redo,184
2010,LO.N^F15,Lorillard,12888113342.94,dead-redo,185
2010,ED.N,"Consolidated Edison, Inc.",12747797333.81,base,186
2010,VNO.N,Vornado Realty,12744078420.34,base,187
2010,NTRS.OQ,Northern Trust Corporation,12654884008.0,base,188
2010,ZBH.N,"Zimmer Biomet Holdings, Inc.",12589189694.8699,base,189
2010,BKR.OQ,Baker Hughes Company,12544213008.8,base,190
2010,NBL.OQ^J20,Noble Energy,12355054944.06,dead-redo,191
2010,STJ.N^A17,St Jude Med,12293908058.22,dead-redo,192
2010,WMB.N,"The Williams Companies, Inc.",12292385459.1999,base,193
2010,OMC.N,Omnicom Group Inc,12185124300.0,base,194
2010,PPL.N,PPL Corp,12183081974.91,base,195
2010,PGR.N,The Progressive Corporation,12129369257.81,base,196
2010,BTU.N^D16,Peabody Energy,12108851906.58,dead-redo,197
2010,CA.OQ^K18,CA,11717860622.6,dead-redo,198
2010,CAH.N,"Cardinal Health, Inc.",11693335417.92,base,199
2010,TPR.N,"Tapestry, Inc.",11650451602.66,base,200
2010,MRSH.N,Marsh & McLennan Companies Inc,11647489932.48,base,201
2010,NTAP.OQ,NetApp Inc,11644811740.56,base,202
2010,IP.N,International Paper Co,11598277860.26,base,203
2010,CPB.OQ,Campbell's Co,11590882102.8,base,204
2010,ISRG.OQ,Intuitive Surgical Inc,11588556990.09,base,205
2010,FSLR.OQ,"First Solar, Inc.",11523588537.6,base,206
2010,PGN.N^G12,Prgres Enrgy,11467465253.73,dead-redo,207
2010,EIX.N,Edison International,11331713744.68,base,208
2010,DGX.N,Quest Diagnostics Inc,11164301065.86,base,209
2010,PAYX.OQ,"Paychex, Inc.",11073505026.08,base,210
2010,A.N,Agilent Technologies Inc,10838187807.46,base,211
2010,LUMN.N,Lumen Tech,10773386260.86,base,212
2010,RSG.N,Republic Services Inc,10761879414.38,base,213
2010,ECL.N,Ecolab Inc.,10590180724.5,base,214
2010,SPGI.N,S&P Global Inc,10552299000.0,base,215
2010,ETN.N,Eaton Corporation PLC,10548196000.0,base,216
2010,S.N^G13,Sprint Commns DE,10530071127.24,dead-redo,217
2010,AON.N,Aon PLC,10502191985.58,base,218
2010,NVDA.OQ,NVIDIA Corporation,10365532000.0,base,219
2010,CCEP.OQ,Coca-Cola UK,10365312459.6,base,220
2010,MUR.N,Murphy Oil,10348539332.0,base,221
2010,CAG.N,Conagra Brands,10220487624.15,base,222
2010,PLD.N^F11,Prologis MD,10216278596.5,dead-redo,223
2010,CAM.N^D16,Cameron Intl,10215865869.0,dead-redo,224
2010,STI.N^L19,SunTrust Banks,10127763218.91,dead-redo,225
2010,BBBY.OQ^E23,20230930-DK,10115993551.95,dead-redo,226
2010,LLL.N^G19,L3 Tech,10105805225.15,dead-redo,227
2010,IVZ.N,Invesco Ltd,10072000223.3699,base,228
2010,WDC.OQ,Western Digital Corp,9950696889.19999,base,229
2010,AMP.N,Ameriprise Financial Inc,9899239596.72,base,230
2010,CHRW.OQ,"C.H. Robinson Worldwide, Inc.",9851455006.11999,base,231
2010,PPG.N,"PPG Industries, Inc.",9775319813.24,base,232
2010,MAR.OQ,"Marriott International, Inc.",9734735990.5,base,233
2010,INTU.OQ,Intuit Inc.,9725103955.21,base,234
2010,XEL.OQ,Xcel Energy Inc,9690019589.56,base,235
2010,FRX.N^G14,Forest Labs,9689700319.65,dead-redo,236
2010,SHLD.OQ^J18,Sears,9644287209.05,dead-redo,237
2010,CI.N,The Cigna Group,9644122813.65,base,238
2010,BKNG.OQ,Booking Holdings Inc.,9599320874.02,base,239
2010,PSKY.OQ,Paramount Skydance Corp,9515269660.86,base,240
2010,EL.N,Estee Lauder Companies Inc,9514211282.16,base,241
2010,VMRK.N,Vivmark Residential,9464349758.58,base,242
2010,VLO.N,Valero Energy Corp,9452854326.0,base,243
2010,APOL.OQ^B17,Apollo Edu Grp,9382933300.0,dead-redo,244
2010,LIFE.OQ^B14,Life Tech Corp,9312795790.61999,dead-redo,245
2010,BXP.N,"BXP, Inc.",9303888226.10999,base,246
2010,CMI.N,Cummins Inc,9254216890.8,base,247
2010,ADI.OQ,"Analog Devices, Inc.",9216994601.85999,base,248
2010,CRM.N,"Salesforce, Inc.",9213873000.0,base,249
2010,WY.N,Weyerhaeuser Company,9117973205.58,base,250
2010,ITT.N,ITT,9087498000.0,base,251
2010,CNX.N,CNX Resources,9005458151.4,base,252
2010,MU.OQ,"Micron Technology, Inc.",8974139507.52,base,253
2010,DOC.N,"Healthpeak Properties, Inc",8952452233.19999,base,254
2010,MJN.N^F17,Mead Johnson,8936650000.0,dead-redo,255
2010,HIG.N,"The Hartford Insurance Group, Inc.",8908775825.94,base,256
2010,AES.N,The AES Corporation,8885527014.76,base,257
2010,DXC.N,DXC Tech,8768659777.24,base,258
2010,FIS.N,Fidelity National Information Services Inc,8730895711.84,base,259
2010,COL.N^K18,Rockwell Collins,8718155356.8,dead-redo,260
2010,PH.N,Parker-Hannifin Corp,8663873342.28,base,261
2010,SWY.N^A15,Safeway US,8652256000.0,dead-redo,262
2010,CLX.N,The Clorox Company,8554636889.0,base,263
2010,HSH.N^H14,Hillshire Brands,8493434516.7,dead-redo,264
2010,LUV.N,Southwest Airlines Co,8480373182.73,base,265
2010,HSP.N^I15,Hospira,8270149086.0,dead-redo,266
2010,ICE.N,Intercontinental Exchange Inc,8226760875.4,base,267
2010,PBG.N^C10,Pepsi Bottling,8176344037.5,dead-redo,268
2010,JWN.N^E25,Nordstrom,8173403400.04,dead-redo,269
2010,VFC.N,VF,8128871199.71999,base,270
2010,FLR.N,Fluor,8061677261.28,base,271
2010,BFb.N,Brown-Forman Corporation,8024925677.23,base,272
2010,RL.N,Ralph Lauren Corporation,8021233875.28,base,273
2010,GR.N^G12,Goodrich,7989955240.0,dead-redo,274
2010,DFS.N^E25,Discover Fincl,7984804693.01,dead-redo,275
2010,LH.N,Labcorp Holdings Inc.,7948008000.0,base,276
2010,HSY.N,The Hershey Company,7920014186.08,base,277
2010,APH.N,Amphenol Corp,7919737140.14,base,278
2010,X.N^F25,U. S. Steel,7901475426.0,dead-redo,279
2010,MTB.N,M&T Bank Corporation,7899132876.43,base,280
2010,RRC.N,Range Resource,7870232756.5,base,281
2010,AZO.N,"AutoZone, Inc.",7823872395.57,base,282
2010,FITB.N,Fifth Third Bancorp,7754332823.25,base,283
2010,DOV.N,Dover Corp,7746811197.09,base,284
2010,PFG.OQ,Principal Financial Group Inc,7667409216.44,base,285
2010,CTXS.OQ^J22,Citrix Systems,7613788520.97,dead-redo,286
2010,HRB.N,H&R Block,7589942871.42,base,287
2010,BCR.N^L17,CR Bard,7520170135.8,dead-redo,288
2010,LNC.N,LNC,7515755002.79999,base,289
2010,COR.N,"Cencora, Inc.",7510371283.47,base,290
2010,LDOS.N,"Leidos Holdings, Inc.",7498596595.14,base,291
2010,FISV.OQ,Fiserv Inc,7460974749.12,base,292
2010,HUM.N,Humana Inc.,7453947283.86,base,293
2010,EXPE.OQ,"Expedia Group, Inc.",7452689122.43,base,294
2010,EXPD.N,Expeditors International of Washington Inc,7372970016.12,base,295
2010,HST.OQ,"Host Hotels & Resorts, Inc.",7367260321.95,base,296
2010,XRX.OQ,Xerox Hlngs,7354963260.0,base,297
2010,BMC.OQ^I13,BMC Software,7354019200.0,dead-redo,298
2010,SJM.N,The J. M. Smucker Company,7349909716.5,base,299
2010,TAP.N,Molson Coors Beverage Company,7293737183.4,base,300
2010,Q.N^D11,Qwest Comms Intl,7269087722.01999,dead-redo,301
2010,STR.N^I16,Enbridge EOG,7248435982.15,dead-redo,302
2010,MAT.OQ,Mattel,7222375454.94,base,303
2010,HCBK.OQ^K15,Hudson City Bcp,7212547256.59,dead-redo,304
2010,GWW.N,WW Grainger Inc,7195963571.05,base,305
2010,KDP.OQ,Keurig Dr Pepper Inc,7190073460.0,base,306
2010,DTE.N,DTE Energy Company,7189213655.91,base,307
2010,WYNN.OQ,"Wynn Resorts, Limited",7169580803.61,base,308
2010,FTI.N^A17,FMC Technologies,7066533517.44,dead-redo,309
2010,CEG.N^C12,Constell Energy,7065628205.15,dead-redo,310
2010,JAVA.OQ^B10,Oracle America,7064420039.42999,dead-redo,311
2010,M.N,Macy's,7056164404.96,base,312
2010,SHW.N,Sherwin-Williams Co,6987456374.4,base,313
2010,XLNX.OQ^B22,Xilinx,6938104708.5,dead-redo,314
2010,EP.N^E12,El Paso,6893493409.01,dead-redo,315
2010,SNI.OQ^C18,Scripps Networks,6873572084.5,dead-redo,316
2010,VTR.N,"Ventas, Inc.",6849936729.72,base,317
2010,HOT.N^I16,Starwood Hotls,6838952445.27,dead-redo,318
2010,AMCR.N,Amcor PLC,6823783257.46021,base,319
2010,LLTC.OQ^C17,Linear Tech,6818396753.12,dead-redo,320
2010,SII.N^H10,Smith Intl,6722161543.24,dead-redo,321
2010,ROK.N,Rockwell Automation Inc,6688135706.21999,base,322
2010,AVB.N^H26,Avalonbay US,6686494585.47,dead-redo,323
2010,ALTR.OQ^L15,Altera,6684258764.88,dead-redo,324
2010,AEE.N,Ameren Corporation,6621942257.45,base,325
2010,SNDK.OQ^E16,Sandsk,6615911800.16,dead-redo,326
2010,VMC.N,Vulcan Materials Co,6604854131.62,base,327
2010,NYX.N^K13,NYSE Euronext,6578000000.0,dead-redo,328
2010,BEAM.N^E14,Suntory Global,6494790168.0,dead-redo,329
2010,AMD.OQ,"Advanced Micro Devices, Inc.",6488500350.63999,base,330
2010,UNM.N,Unum Group,6476038765.12,base,331
2010,MFE.N^C11,McAfee US,6399017008.28,dead-redo,332
2010,MCO.N,Moody's Corporation,6337203710.0,base,333
2010,RF.N,Regions Financial Corporation,6284689280.0,base,334
2010,JCP.N^E20,Old Copper Co,6279588072.03,dead-redo,335
2010,XL.N^I18,XL Grp,6271222168.76999,dead-redo,336
2010,LHX.N,"L3Harris Technologies, Inc.",6263148628.04999,base,337
2010,NBR.N,Nabors Inds,6201227819.15999,base,338
2010,BBWI.N,Bath & Body,6200869470.12,base,339
2010,KLAC.OQ,KLA Corporation,6179455949.44,base,340
2010,FAST.OQ,Fastenal Company,6176490847.68,base,341
2010,SIAL.OQ^K15,Sigma Aldrich,6151671230.09999,dead-redo,342
2010,PCL.N^B16,Plum Creek Timb,6147840440.96,dead-redo,343
2010,GPC.N,Genuine Parts Co,6056599803.8,base,344
2010,CLF.N,Cleveland-Cliffs,6036640884.12,base,345
2010,DVA.N,DaVita Inc,6003228000.0,base,346
2010,WHR.N,Whirlpool,5991263157.36,base,347
2010,HOG.N,Harley Davidson,5907964406.4,base,348
2010,WAT.N,Waters Corp,5867224130.4,base,349
2010,ADSK.OQ,"Autodesk, Inc.",5837173308.12,base,350
2010,ACS.N^B10,Affiliated Comp,5830995168.05999,dead-redo,351
2010,WEC.N,"WEC Energy Group, Inc.",5825675927.28,base,352
2010,VAR.N^D21,Varian Med Syst,5824385956.35,dead-redo,353
2010,PBCT.OQ^D22,Peoples Uni,5815844472.0,dead-redo,354
2010,RHT.N^G19,Red Hat,5802283282.2,dead-redo,355
2010,JEF.N,Jefferies Fincl,5784066744.3,base,356
2010,EA.OQ^H26,Electronic Arts,5777181818.0,dead-redo,357
2010,EQT.N,EQT Corporation,5749973328.24,base,358
2010,CNP.N,"CenterPoint Energy, Inc.",5664289492.83,base,359
2010,IGT.N^D15,IGT,5574690000.0,dead-redo,360
2010,PXD.N^E24,Pioneer Natl Rsc,5555011558.43,dead-redo,361
2010,GNW.N,Genworth Fincl,5545071828.4,base,362
2010,OI.N,"O-i Glass, Inc",5541907145.54999,base,363
2010,CFN.N^C15,Carefusion,5536818691.94,dead-redo,364
2010,KIM.N,Kimco Realty Corp,5486429666.51999,base,365
2010,WELL.N,Welltower Inc.,5451888161.44,base,366
2010,TDC.N,Teradata,5380816000.0,base,367
2010,TIF.N^A21,Tiffany,5351386550.0,dead-redo,368
2010,SLM.OQ,SLM,5348637910.27999,base,369
2010,XRAY.OQ,Dentsply Sirona,5347091840.98,base,370
2010,MCHP.OQ,Microchip Technology Inc,5333338826.9,base,371
2010,ROST.OQ,Ross Stores Inc,5290619075.96,base,372
2010,FLS.N,Flowserve,5279413059.75,base,373
2010,ORLY.OQ,"O'Reilly Automotive, Inc.",5229733385.24,base,374
2010,HRL.N,Hormel Foods Corp,5138022092.35,base,375
2010,TXT.N,Textron Inc,5099716074.42,base,376
2010,FLIR.OQ^E21,FLIR System,4967835268.13999,dead-redo,377
2010,MAS.N,Masco Corporation,4959171000.0,base,378
2010,DRI.N,Darden Restaurants Inc,4903707043.41,base,379
2010,MWV.N^G15,Westrock MWV,4899701868.53,dead-redo,380
2010,LM.N^H20,Legg Mason,4899299126.8,dead-redo,381
2010,ROP.OQ,"Roper Technologies, Inc.",4898722688.36,base,382
2010,KEY.N,KeyCorp,4876201833.75,base,383
2010,BALL.N,Ball Corp,4865132906.7,base,384
2010,AGN.N^E20,Allergan,4799697505.63,dead-redo,385
2010,MKC.N,"McCormick & Company, Incorporated",4774749924.87,base,386
2010,PBI.N,Pitney Bowes,4714480499.12,base,387
2010,J.N,Jacobs Solutions Inc,4678617956.84,base,388
2010,VRSN.OQ,"VeriSign, Inc.",4662449272.08,base,389
2010,CEPH.OQ^J11,Cephalon,4660193869.3,dead-redo,390
2010,SRCL.OQ^K24,Stericycle,4646771922.42,dead-redo,391
2010,SCG.N^A19,SCANA,4639636895.51999,dead-redo,392
2010,IRM.N,Iron Mountain Inc,4632724189.32,base,393
2010,TSN.N,Tyson Foods Inc,4619991774.69,base,394
2010,RRD.N^B22,RR Donnelley,4572031000.0,dead-redo,395
2010,ES.N,Eversource Energy,4525204825.55,base,396
2010,CTRA.N^E26,Coterra Energy,4518282785.67,dead-redo,397
2010,CMA.N^B26,Comerica,4468760365.57,dead-redo,398
2010,HAS.OQ,"Hasbro, Inc.",4437496606.76,base,399
2010,CF.N,CF Industries Holdings Inc,4408150615.8,base,400
2010,ATI.N,ATI,4390871921.7,base,401
2010,DNB.N^B19,Dun & Bradstreet,4385090168.03,dead-redo,402
2010,PWR.N,Quanta Services Inc,4372929910.76,base,403
2010,EMN.N,Eastman Chemical,4365474850.08,base,404
2010,AKAM.OQ,Akamai Technologies Inc,4340221288.34,base,405
2010,CINF.OQ,Cincinnati Financial Corporation,4269281875.83999,base,406
2010,PLL.N^H15,Pall,4248504327.6,dead-redo,407
2010,NI.N,NiSource Inc.,4241105732.62,base,408
2010,NDAQ.OQ,Nasdaq Inc,4183451598.6,base,409
2010,NWL.OQ,Newell Brands,4168277000.0,base,410
2010,SWK.N,Stanley Black & Decker Inc,4142472368.91,base,411
2010,GHC.N,Graham Holdings,4132238241.6,base,412
2010,AVY.N,Avery Dennison Corp,4114052716.38,base,413
2010,FMC.N,FMC,4043652748.79999,base,414
2010,RHI.N,Robert Half,4035403160.91,base,415
2010,CVSA.N,Covista,4029525262.58999,base,416
2010,MIL.N^G10,EMD Millipore,4023529429.95,dead-redo,417
2010,CTAS.OQ,Cintas Corporation,3985300565.4,base,418
2010,AYE.N^B11,Allegheny Enrgy,3981494301.92,dead-redo,419
2010,CBRE.N,"CBRE Group, Inc.",3973534072.08,base,420
2010,LSI.OQ^E14,LSI,3925476725.25,dead-redo,421
2010,ARG.N^E16,Airgas,3908316238.4,dead-redo,422
2010,EFX.N,Equifax Inc.,3906702936.05,base,423
2010,BDK.N^C10,Black & Decker,3904777156.25999,dead-redo,424
2010,WFM.OQ^H17,Whole Foods,3860609641.65,dead-redo,425
2010,FDO.N^G15,Family Dlr,3851036334.97,dead-redo,426
2010,RX.N^C10,Iqvia,3842211861.54,dead-redo,427
2010,PHM.N,"PulteGroup, Inc.",3803671070.0,base,428
2010,JBL.N,Jabil Inc.,3768509183.76,base,429
2010,POM.N^C16,Pepco Hldg,3733838376.7,dead-redo,430
2010,PNW.N,Pinnacle West Capital Corporation,3704874928.87999,base,431
2010,DNR.N^G20,Denbury,3697380400.0,dead-redo,432
2010,NSM.N^I11,Natl Semiconduct,3652799293.44,dead-redo,433
2010,GL.N,Globe Life Inc.,3638384752.2,base,434
2010,GME.N,GameStop,3614995220.2,base,435
2010,TNL.N,Travel + Leisure,3602674513.98,base,436
2010,CMS.N,CMS Energy Corporation,3595644727.38,base,437
2010,CVH.N^E13,Coventry Health,3594514769.93,dead-redo,438
2010,MEE.N^F11,Alpha Appalachia,3593746206.18,dead-redo,439
2010,IPG.N^K25,Interpublic Grp,3587551747.74,dead-redo,440
2010,MOLX.OQ^L13,Molex,3555062113.85999,dead-redo,441
2010,STZ.N,"Constellation Brands, Inc.",3537184600.49,base,442
2010,TGNA.N^C26,Tegna,3508115113.79999,dead-redo,443
2010,SEE.N^D26,Sealed Air,3474866255.79999,dead-redo,444
2010,TE.N^G16,Teco Energy,3467307276.66,dead-redo,445
2010,DHI.N,"D.R. Horton, Inc.",3453301561.31999,base,446
2010,AIZ.N,Assurant Inc,3443257986.08,base,447
2010,PDCO.OQ^D25,Patterson,3426686397.3,dead-redo,448
2010,GT.OQ,Goodyear Tire,3414371216.7,base,449
2010,TSS.N^I19,TSYS,3405376263.19,dead-redo,450
2010,AN.N,AutoNation,3341187019.7,base,451
2010,ETFC.OQ^J20,E*TRADE Financl,3283277940.8,dead-redo,452
2010,DF.N^K19,Dean Foods,3256111904.31999,dead-redo,453
2010,IFF.N,International Flavors & Fragrances Inc.,3251821285.68,base,454
2010,TEG.N^F15,Wec Acquisition,3208880544.87,dead-redo,455
2010,PTV.N^K10,Pactiv,3194119127.14,dead-redo,456
2010,SUNE.N^D16,Sunedison Inc,3096596524.25999,dead-redo,457
2010,ANF.N,Abercrombie,3066191797.8,base,458
2010,SUN.N^J12,ETC Sunoco Hldg,3051329859.0,dead-redo,459
2010,KG.N^C11,King Pharm,3045934088.49,dead-redo,460
2010,FHN.N,First Horizon,2973824413.0,base,461
2010,MI.N^G11,Marshall Ilsley,2859586425.65,dead-redo,462
2010,FHI.N,Federated Hermes,2817189017.5,base,463
2010,SVU.N^J18,Supervalu,2694584909.97,dead-redo,464
2010,TMUS.OQ,T-Mobile US Inc,2688817356.25999,base,465
2010,HBAN.OQ,Huntington Bancshares Inc,2609931510.85,base,466
2010,THC.N,Tenet Healthcare,2593288177.48,base,467
2010,RDC.N^D19,Rowan,2575321417.44,dead-redo,468
2010,JNS.N^E17,Janus US Hldg,2448161589.04999,dead-redo,469
2010,HAR.N^C17,HARMAN,2447051775.84,dead-redo,470
2010,RSH.N^B15,RS Legacy,2441290995.0,dead-redo,471
2010,SNA.N,Snap-On Inc,2439675082.5,base,472
2010,FTR.OQ^D20,Frontier Comm,2439279782.17,dead-redo,473
2010,RVTY.N,"Revvity, Inc.",2404172283.66,base,474
2010,BIG.N^I24,Former Bl Stores,2395554236.46,dead-redo,475
2010,AKS.N^C20,Cleveland-Clif,2334964100.0,dead-redo,476
2010,R.N,Ryder,2307600814.14,base,477
2010,LEN.N,Lennar Corp,2269444979.23,base,478
2010,NVLS.OQ^F12,Novellus Systems,2263975332.0,dead-redo,479
2010,TIE.N^A13,Titanium Metals,2253864597.68,dead-redo,480
2010,TLAB.OQ^L13,Infinera Optical,2193520553.27999,dead-redo,481
2010,MWW.N^K16,Monster Wrldwd,2187219063.0,dead-redo,482
2010,QLGC.OQ^H16,QLogic,2162584839.3,dead-redo,483
2010,LXK.N^K16,Lexmark Intl,2029101027.48,dead-redo,484
2010,GAS.N^L11,Nicor,1904239035.1,dead-redo,485
2010,ANDV.N^J18,Andeavor US,1899775026.45,dead-redo,486
2010,TER.OQ,"Teradyne, Inc.",1876415735.23,base,487
2010,AIV.N,Aimco,1862664357.6,base,488
2010,NYT.N,New York Times,1776311442.48,base,489
2010,ZION.OQ,Zions Bancorp,1773232965.68,base,490
2010,ODP.OQ^L25,ODP Group,1771939626.9,dead-redo,491
2010,VIAV.OQ,Viavi Solutions,1763269117.5,base,492
2010,CPWR.OQ^L14,Compuware,1666308749.79,dead-redo,493
2010,NOVL.OQ^D11,Micro Focus,1440560582.8000002,dead-redo,494
2010,MDP.N^L21,Hawkeye Acqsn,1344840601.0,dead-redo,495
2010,EK.N^A12,Eastman Kodak,1133626478.74,dead-redo,496
2010,VTRS.OQ,Viatris Inc.,92607769.2,base,497
2011,XOM.N,Exxonmobil Holdings Corp,368711734643.52,base,1
2011,AAPL.OQ,Apple Inc.,295886577853.44,base,2
2011,MSFT.OQ,Microsoft Corporation,238784653684.22,base,3
2011,BRKb.N,Berkshire Hathaway Inc,198306699049.44,base,4
2011,GE.N,General Electric Company,194874792220.0,base,5
2011,WMT.OQ,Walmart Inc,192098352275.42,base,6
2011,GOOGL.OQ,Alphabet Inc.,189936824462.58,base,7
2011,CVX.N,Chevron Corporation,183634100077.5,base,8
2011,IBM.N,International Business Machines Corporation,182328920466.12,base,9
2011,PG.N,The Procter & Gamble Company,180174408988.0,base,10
2011,T.N,AT&T Inc,173635800000.0,base,11
2011,JNJ.N,Johnson & Johnson,169855790850.2,base,12
2011,JPM.N,JPMorgan Chase & Co,165827476133.34,base,13
2011,WFC.N,Wells Fargo & Co,163078157235.72,base,14
2011,ORCL.N,Oracle Corporation,158140746000.0,base,15
2011,KO.N,Coca-Cola Co,152720157895.94,base,16
2011,PFE.N,Pfizer Inc.,140254247035.37,base,17
2011,C.N,Citigroup Inc,137446045226.49,base,18
2011,BAC.N,Bank of America Corporation,135423863621.319,base,19
2011,INTC.OQ,Intel Corp,117305340000.0,base,20
2011,SLB.N,SLB N.V.,113925707622.0,base,21
2011,CSCO.OQ,Cisco Systems Inc,112130067997.43,base,22
2011,MRK.N,Merck & Co Inc,111034945725.88,base,23
2011,PM.N,Philip Morris International Inc,106196455242.39,base,24
2011,PEP.OQ,"PepsiCo, Inc.",103537659851.47,base,25
2011,VZ.N,Verizon Communications Inc,101142282537.18,base,26
2011,COP.N,ConocoPhillips,100054188790.499,base,27
2011,HPQ.N,HP Inc,92216918181.0,base,28
2011,GS.N,Goldman Sachs Group Inc,85970682072.3199,base,29
2011,MCD.N,McDonald's Corp,81097455366.64,base,30
2011,AMZN.OQ,Amazon.com Inc,80790616260.0,base,31
2011,QCOM.OQ,QUALCOMM Incorporated,80060630870.57,base,32
2011,OXY.N,Occidental Petroleum Corp,79714667764.7999,base,33
2011,ABT.N,Abbott Laboratories,74060042883.15,base,34
2011,RTX.N,RTX Corporation,72690606439.68,base,35
2011,UPS.N,United Parcel Service Inc,71776866010.0,base,36
2011,DIS.N,The Walt Disney Company,71028320610.94,base,37
2011,F.N,Ford Motor Co,64102419675.46,base,38
2011,MMM.N,3M Company,61692338862.9,base,39
2011,CMCSA.OQ,Comcast Corporation,60182259972.86,base,40
2011,CAT.N,Caterpillar Inc,59832135393.24,base,41
2011,HD.N,"The Home Depot, Inc.",57457051638.4,base,42
2011,FCX.N,Freeport-McMoRan Inc,56547895857.54,base,43
2011,MDLZ.OQ,Mondelez International Inc,55040835159.19,base,44
2011,AMGN.OQ,Amgen Inc,51870365240.4,base,45
2011,USB.N,U.S. Bancorp,51809370000.0,base,46
2011,AXP.N,American Express Company,51665563756.0,base,47
2011,MO.N,Altria Group Inc,51402310538.76,base,48
2011,V.N,Visa Inc.,50444927990.1,base,49
2011,BA.N,Boeing Co,47873462907.92,base,50
2011,EMC.N^I16,EMC US,47615745828.72,dead-redo,51
2011,CVS.N,CVS Health Corporation,47245476000.0,base,52
2011,UNP.N,Union Pacific Corporation,45695160673.18,base,53
2011,DD.N^I17,EIDP,45672086820.0,dead-redo,54
2011,APA.OQ,APA Corporation,45545860000.0,base,55
2011,BMY.N,Bristol-Myers Squibb Company,45325428359.28,base,56
2011,MET.N,"MetLife, Inc.",43784719934.56,base,57
2011,EMR.N,Emerson Electric Co,43112669938.4,base,58
2011,TGT.N,Target Corp,42576955026.2,base,59
2011,HON.OQ,Honeywell International Inc,41473977329.7599,base,60
2011,MS.N,Morgan Stanley,41165393972.37,base,61
2011,NKE.N,"NIKE, Inc.",40873022142.94,base,62
2011,DOW.N^I17,Dow Chem,40601844420.7199,dead-redo,63
2011,LLY.N,Eli Lilly and Company,40406141617.44,base,64
2011,TFCFA.OQ^C19,Tfcf,40117156081.68,dead-redo,65
2011,MDT.N,Medtronic PLC,39815228956.99,base,66
2011,UNH.N,UnitedHealth Group Inc,39718770243.61,base,67
2011,CL.N,Colgate-Palmolive Company,38793275306.1,base,68
2011,AIG.N,"American International Group, Inc.",38728854019.1,base,69
2011,TXN.OQ,Texas Instruments Inc,38160118490.0,base,70
2011,APC.N^H19,Anadarko Petrol,37977250592.95,dead-redo,71
2011,BNY.N,Bank of New York Mellon Corp,37461723151.7999,base,72
2011,HAL.N,Halliburton Company,37136306782.26,base,73
2011,MON.N^F18,Monsanto,36957200768.18,dead-redo,74
2011,EBAY.OQ,eBay Inc.,36283051917.2,base,75
2011,WBA.OQ^H25,Walgreens Hldg,36269374786.24,dead-redo,76
2011,TWX.N^F18,Time Warner,35930129214.59,dead-redo,77
2011,DE.N,Deere & Co,34972238896.1,base,78
2011,LOW.N,Lowe's Companies Inc,34610498037.72,base,79
2011,DTV.OQ^G15,DIRCTV,34165962433.9799,dead-redo,80
2011,DVN.N,Devon Energy Corporation,33908469000.0,base,81
2011,SO.N,Southern Co,32062398943.7899,base,82
2011,PNC.N,"The PNC Financial Services Group, Inc.",31926357711.6,base,83
2011,COST.OQ,Costco Wholesale Corp,31521451764.2399,base,84
2011,DHR.N,Danaher Corporation,30847022114.01,base,85
2011,GLW.N,Corning Incorporated,30194820058.2,base,86
2011,NEM.N,Newmont Corporation,29867135768.4,base,87
2011,ESRX.OQ^L18,Evernorth Health,29625679300.0,dead-redo,88
2011,BAX.N,Baxter International Inc.,29497653344.3799,base,89
2011,GILD.OQ,"Gilead Sciences, Inc.",29422084252.08,base,90
2011,MA.N,Mastercard Incorporated,29331779232.81,base,91
2011,FDX.N,FedEx Corp,29300060983.46,base,92
2011,LIN.OQ,Linde PLC,29250068049.6,base,93
2011,SPG.N,Simon Property Group Inc,29144005649.8,base,94
2011,PRU.N,Prudential Financial Inc,28494817715.04,base,95
2011,CELG.OQ^K19,Celgene,28247835247.48,dead-redo,96
2011,NOV.N,Nov,28220485895.5,base,97
2011,CCL.N,Carnival Corporation Ltd,27968988348.9,base,98
2011,EXC.OQ,Exelon Corp,27498297527.4,base,99
2011,GD.N,General Dynamics Corp,26804706860.1599,base,100
2011,MRO.N^K24,Marathn Oil,26685576743.28,dead-redo,101
2011,AFL.N,Aflac Incorporated,26593283849.22,base,102
2011,ITW.N,Illinois Tool Works Inc,26482712516.3999,base,103
2011,DELL.OQ^J13,Dell,26425689060.6499,dead-redo,104
2011,MHS.N^D12,Medco Health Sol,26155869313.77,dead-redo,105
2011,HES.N^G25,Hess,26143245987.6,dead-redo,106
2011,JCI.N^I16,Johnson Cntrl,26000000000.0,manual-fix,107
2011,KMB.OQ,Kimberly-Clark Corporation,25707276330.56,base,108
2011,TRV.N,"The Travelers Companies, Inc.",25573335557.58,base,109
2011,BEN.N,"Franklin Templeton, Inc.",25378586412.96,base,110
2011,LMT.N,Lockheed Martin Corp,25176576723.64,base,111
2011,D.N,"Dominion Energy, Inc.",25167661923.36,base,112
2011,BKR.OQ,Baker Hughes Company,24655917772.0199,base,113
2011,VIAB.OQ^L19,Viacom,24388085501.3,dead-redo,114
2011,CSX.OQ,CSX Corporation,24176068362.81,base,115
2011,TWC.N^E16,TWC,23901707123.38,dead-redo,116
2011,SBUX.OQ,Starbucks Corp,23811543000.0,base,117
2011,DUK.N,Duke Energy Corp,23590212596.34,base,118
2011,STT.N,State Street Corporation,23263837526.86,base,119
2011,EOG.N,"EOG Resources, Inc.",23219579250.45,base,120
2011,BRCM.OQ^B16,Broadcom Co,23058281000.0,dead-redo,121
2011,YUM.N,"Yum! Brands, Inc.",22984025874.3,base,122
2011,NSC.N,Norfolk Southern Corp,22827036578.4,base,123
2011,ADP.OQ,Automatic Data Processing Inc,22825844649.4,base,124
2011,GIS.N,General Mills Inc,22628538972.44,base,125
2011,ELV.N,Elevance Health Inc,22380667613.5799,base,126
2011,CTSH.OQ,Cognizant Technology Solutions Corporation,22242227734.44,base,127
2011,TMO.N,Thermo Fisher Scientific Inc,22004361818.24,base,128
2011,AABA.OQ^J19,Altaba,21833623593.0,dead-redo,129
2011,CMI.N,Cummins Inc,21761043226.83,base,130
2011,NEE.N,"NextEra Energy, Inc.",21753673892.52,base,131
2011,AGN.N^C15,Allerg,21630386201.92,dead-redo,132
2011,CME.OQ,CME Group Inc.,21560990343.75,base,133
2011,SYK.N,Stryker Corporation,21325351195.8,base,134
2011,MSI.N,Motorola Solutions Inc,21311635585.16,base,135
2011,CB.N,Chubb Limited,21127020839.25,base,136
2011,PCAR.OQ,Paccar Inc,20911942839.88,base,137
2011,AMT.N,American Tower Corporation,20608488824.56,base,138
2011,SCHW.N,The Charles Schwab Corporation,20443501108.61,base,139
2011,PCP.N^B16,Precision Cast,20086178280.0,dead-redo,140
2011,NTAP.OQ,NetApp Inc,19863808684.56,base,141
2011,BKNG.OQ,Booking Holdings Inc.,19616320384.7,base,142
2011,APD.N,"Air Products and Chemicals, Inc.",19504467062.3,base,143
2011,JNPR.N^G25,Juniper Networks,19484042480.0,dead-redo,144
2011,COF.N,Capital One Financial Corp,19446789669.44,base,145
2011,ADM.N,Archer-Daniels-Midland Co,19217913141.12,base,146
2011,RAI.N^G17,Reynolds Amricn,19077468442.0799,dead-redo,147
2011,NOC.N,Northrop Grumman Corp,18915023451.4,base,148
2011,PCG.N,PG&E Corp,18756427537.12,base,149
2011,K.N^L25,Kellanova,18734722417.92,dead-redo,150
2011,BDX.N,Becton Dickinson and Co,18688626107.76,base,151
2011,AMAT.OQ,Applied Materials Inc,18653977172.4,base,152
2011,GENZ.OQ^D11,Genzyme,18590375200.26,dead-redo,153
2011,CB.N^A16,Chubb NJ,18366086703.51,dead-redo,154
2011,TFC.N,Truist Financial Corporation,18238227004.36,base,155
2011,MCK.N,McKesson Corp,17894821404.0599,base,156
2011,TJX.N,"The TJX Companies, Inc.",17569652733.16,base,157
2011,WM.N,Waste Management Inc,17542773799.98,base,158
2011,BTU.N^D16,Peabody Energy,17397020210.2,dead-redo,159
2011,CRM.N,"Salesforce, Inc.",17344852800.0,base,160
2011,CHK.N^F20,Expand Energy,17335286835.57,dead-redo,161
2011,AEP.OQ,American Electric Power Company Inc,17299441472.8799,base,162
2011,SYY.N,Sysco Corporation,17278631105.3999,base,163
2011,PSA.N,Public Storage,17274404907.76,base,164
2011,ALL.N,Allstate Corp,17157303847.8,base,165
2011,ETN.N,Eaton Corporation PLC,17084133000.0,base,166
2011,SPLS.OQ^I17,Staples,16886609461.1,dead-redo,167
2011,RTN.N^D20,Raytheon,16801786870.0,dead-redo,168
2011,TROW.OQ,"T. Rowe Price Group, Inc.",16550342974.9,base,169
2011,TPR.N,"Tapestry, Inc.",16392846992.81,base,170
2011,SE.N^B17,Spectra Energy,16231476801.68,dead-redo,171
2011,L.N,Loews Corporation,16194926272.56,base,172
2011,PEG.N,Public Service Enterprise Group Incorporated,16094676127.23,base,173
2011,XRX.OQ,Xerox Hlngs,15980511905.2799,base,174
2011,BIIB.OQ,Biogen Inc.,15978167136.4499,base,175
2011,HNZ.N^F13,Kraft Heinz Food,15915488121.66,dead-redo,176
2011,KSS.N,Kohls,15888371364.58,base,177
2011,EL.N,Estee Lauder Companies Inc,15799372159.5,base,178
2011,HWM.N,Howmet Aerospace Inc.,15728979601.35,base,179
2011,ADBE.OQ,Adobe Inc,15658298979.48,base,180
2011,VNO.N,Vornado Realty,15304544043.75,base,181
2011,TT.N,Trane Technologies PLC,15257663863.0,base,182
2011,MAR.OQ,"Marriott International, Inc.",15130749969.6999,base,183
2011,STI.N^L19,SunTrust Banks,15118765089.1199,dead-redo,184
2011,INTU.OQ,Intuit Inc.,15012135447.0,base,185
2011,VMRK.N,Vivmark Residential,14922524715.05,base,186
2011,MRSH.N,Marsh & McLennan Companies Inc,14857941645.88,base,187
2011,NBL.OQ^J20,Noble Energy,14849798384.19,dead-redo,188
2011,AON.N,Aon PLC,14786111129.3599,base,189
2011,STJ.N^A17,St Jude Med,14496555438.4,dead-redo,190
2011,WMB.N,"The Williams Companies, Inc.",14455628977.1999,base,191
2011,A.N,Agilent Technologies Inc,14432069281.83,base,192
2011,ED.N,"Consolidated Edison, Inc.",14401874179.58,base,193
2011,MUR.N,Murphy Oil,14340940317.9,base,194
2011,AMP.N,Ameriprise Financial Inc,14270197906.8,base,195
2011,KR.N,Kroger Co,14219847299.32,base,196
2011,LUMN.N,Lumen Tech,14000895152.64,base,197
2011,PH.N,Parker-Hannifin Corp,13970418412.3,base,198
2011,PLD.N^F11,Prologis MD,13884948274.58,dead-redo,199
2011,NUE.N,Nucor Corporation,13835249512.56,base,200
2011,OMC.N,Omnicom Group Inc,13796746200.0,base,201
2011,PPG.N,"PPG Industries, Inc.",13705028851.9199,base,202
2011,GAP.N,Gap,13601939101.02,base,203
2011,BBY.N,"Best Buy Co., Inc.",13516995241.8,base,204
2011,S.N^G13,Sprint Commns DE,13471574411.24,dead-redo,205
2011,DOC.N,"Healthpeak Properties, Inc",13424489404.56,base,206
2011,NTRS.OQ,Northern Trust Corporation,13419967877.6999,base,207
2011,Q.N^D11,Qwest Comms Intl,13401486947.42,dead-redo,208
2011,CAH.N,"Cardinal Health, Inc.",13368666947.64,base,209
2011,CHRW.OQ,"C.H. Robinson Worldwide, Inc.",13312799624.52,base,210
2011,SWN.N^J24,Swestn Energy,13202040040.65,dead-redo,211
2011,PGR.N,The Progressive Corporation,13180766944.01,base,212
2011,VLO.N,Valero Energy Corp,13090789742.48,base,213
2011,GEN.OQ,Gen Digital Inc.,12994499794.32,base,214
2011,PSKY.OQ,Paramount Skydance Corp,12970024715.0,base,215
2011,WYNN.OQ,"Wynn Resorts, Limited",12870570604.32,base,216
2011,AVP.N^A20,Avon Prdcts,12845366708.23,dead-redo,217
2011,ETR.N,Entergy Corp,12814221066.1199,base,218
2011,PGN.N^G12,Prgres Enrgy,12775046327.82,dead-redo,219
2011,CTXS.OQ^J22,Citrix Systems,12761151418.1199,dead-redo,220
2011,MJN.N^F17,Mead Johnson,12745105795.0999,dead-redo,221
2011,PPL.N,PPL Corp,12720237754.56,base,222
2011,CA.OQ^K18,CA,12677936612.04,dead-redo,223
2011,BBBY.OQ^E23,20230930-DK,12634699512.0,dead-redo,224
2011,SRE.N,Sempra,12598084405.7599,base,225
2011,EIX.N,Edison International,12576312551.6,base,226
2011,AET.N^K18,Aetna,12419104000.0,dead-redo,227
2011,LO.N^F15,Lorillard,12254561325.16,dead-redo,228
2011,CAM.N^D16,Cameron Intl,12254524902.36,dead-redo,229
2011,WU.N,Western Union,12179455296.75,base,230
2011,BXP.N,"BXP, Inc.",12063116181.9,base,231
2011,SNDK.OQ^E16,Sandsk,12015952371.36,dead-redo,232
2011,AZO.N,"AutoZone, Inc.",11937381219.5999,base,233
2011,IP.N,International Paper Co,11916307514.5199,base,234
2011,HST.OQ,"Host Hotels & Resorts, Inc.",11900264507.93,base,235
2011,FLR.N,Fluor,11846762028.12,base,236
2011,HOT.N^I16,Starwood Hotls,11820311407.9999,dead-redo,237
2011,HIG.N,"The Hartford Insurance Group, Inc.",11775895619.7899,base,238
2011,ECL.N,Ecolab Inc.,11704246347.06,base,239
2011,FITB.N,Fifth Third Bancorp,11689280622.96,base,240
2011,EXPD.N,Expeditors International of Washington Inc,11594657802.0,base,241
2011,CPB.OQ,Campbell's Co,11590644756.5,base,242
2011,BSX.N,Boston Scientific Corp,11506979862.0,base,243
2011,RSG.N,Republic Services Inc,11473630290.28,base,244
2011,ALTR.OQ^L15,Altera,11327301095.04,dead-redo,245
2011,FE.N,FirstEnergy Corp,11285006767.14,base,246
2011,ADI.OQ,"Analog Devices, Inc.",11250258283.98,base,247
2011,PAYX.OQ,"Paychex, Inc.",11179637634.11,base,248
2011,SPGI.N,S&P Global Inc,11177869999.9999,base,249
2011,WBD.OQ,"Warner Bros. Discovery, Inc.",11158918975.5,base,250
2011,GR.N^G12,Goodrich,11157161918.43,dead-redo,251
2011,FSLR.OQ,"First Solar, Inc.",11155607176.8599,base,252
2011,IVZ.N,Invesco Ltd,11117055763.08,base,253
2011,SWK.N,Stanley Black & Decker Inc,11100903068.88,base,254
2011,CNX.N,CNX Resources,11007665706.52,base,255
2011,DOV.N,Dover Corp,10917876493.65,base,256
2011,HSH.N^H14,Hillshire Brands,10880312432.44,dead-redo,257
2011,XEL.OQ,Xcel Energy Inc,10835659313.1,base,258
2011,M.N,Macy's,10713960434.1,base,259
2011,ZBH.N,"Zimmer Biomet Holdings, Inc.",10598744588.08,base,260
2011,LIFE.OQ^B14,Life Tech Corp,10585587077.1,dead-redo,261
2011,CLF.N,Cleveland-Cliffs,10567195516.99,base,262
2011,RL.N,Ralph Lauren Corporation,10544304548.16,base,263
2011,FTI.N^A17,FMC Technologies,10534533856.0,dead-redo,264
2011,FFIV.OQ,F5 Inc,10523447584.24,base,265
2011,PFG.OQ,Principal Financial Group Inc,10430698498.88,base,266
2011,MTB.N,M&T Bank Corporation,10391859426.6,base,267
2011,HSY.N,The Hershey Company,10290964616.95,base,268
2011,PXD.N^E24,Pioneer Natl Rsc,10260581272.1999,dead-redo,269
2011,DFS.N^E25,Discover Fincl,10254618571.47,dead-redo,270
2011,ROK.N,Rockwell Automation Inc,10207643492.15,base,271
2011,CVC.N^F16,Cablevision syst,10174631206.64,dead-redo,272
2011,WY.N,Weyerhaeuser Company,10145389083.03,base,273
2011,ISRG.OQ,Intuitive Surgical Inc,10127873850.0,base,274
2011,BFb.N,Brown-Forman Corporation,10092988929.072,base,275
2011,CI.N,The Cigna Group,9931928409.77999,base,276
2011,BBWI.N,Bath & Body,9912024435.03999,base,277
2011,CAG.N,Conagra Brands,9838490108.38,base,278
2011,NFX.N^B19,Ovintiv Exp,9744860244.4,dead-redo,279
2011,FTR.OQ^D20,Frontier Comm,9710148980.0,dead-redo,280
2011,AVB.N^H26,Avalonbay US,9706229400.24,dead-redo,281
2011,LUV.N,Southwest Airlines Co,9697305145.44,base,282
2011,EP.N^E12,El Paso,9681960186.25,dead-redo,283
2011,CF.N,CF Industries Holdings Inc,9613049075.85,base,284
2011,AES.N,The AES Corporation,9599055661.44,base,285
2011,ITT.N,ITT,9567396000.0,base,286
2011,GWW.N,WW Grainger Inc,9538085560.43,base,287
2011,JWN.N^E25,Nordstrom,9504599088.6,dead-redo,288
2011,COR.N,"Cencora, Inc.",9394172559.88,base,289
2011,VFC.N,VF,9347425106.96,base,290
2011,BEAM.N^E14,Suntory Global,9264707329.68,dead-redo,291
2011,APH.N,Amphenol Corp,9216001620.28,base,292
2011,HUM.N,Humana Inc.,9213757262.78,base,293
2011,DGX.N,Quest Diagnostics Inc,9196752560.94,base,294
2011,HSP.N^I15,Hospira,9192623692.14,dead-redo,295
2011,NFLX.OQ,"Netflix, Inc.",9181641871.5,base,296
2011,DO.N^D20,Diamond Offshore,9132672068.56,dead-redo,297
2011,MAT.OQ,Mattel,9125030624.8,base,298
2011,FRX.N^G14,Forest Labs,9096947218.45,dead-redo,299
2011,COL.N^K18,Rockwell Collins,9095670676.35,dead-redo,300
2011,SHW.N,Sherwin-Williams Co,9039539332.5,base,301
2011,NVDA.OQ,NVIDIA Corporation,8947400000.0,base,302
2011,LH.N,Labcorp Holdings Inc.,8941464000.0,base,303
2011,RHT.N^G19,Red Hat,8873466631.68,dead-redo,304
2011,FAST.OQ,Fastenal Company,8832573955.92,base,305
2011,LNC.N,LNC,8809111674.18,base,306
2011,WFM.OQ^H17,Whole Foods,8801610308.75,dead-redo,307
2011,RF.N,Regions Financial Corporation,8792588000.0,base,308
2011,ICE.N,Intercontinental Exchange Inc,8715940220.2,base,309
2011,FISV.OQ,Fiserv Inc,8709065101.44,base,310
2011,CLX.N,The Clorox Company,8707993389.2,base,311
2011,ADSK.OQ,"Autodesk, Inc.",8686486669.8,base,312
2011,X.N^F25,U. S. Steel,8649935786.56,dead-redo,313
2011,SNI.OQ^C18,Scripps Networks,8645856423.27999,dead-redo,314
2011,AKAM.OQ,Akamai Technologies Inc,8579186865.49999,base,315
2011,BCR.N^L17,CR Bard,8570269001.25,dead-redo,316
2011,CCEP.OQ,Coca-Cola UK,8479830375.13,base,317
2011,BMC.OQ^I13,BMC Software,8467942839.99999,dead-redo,318
2011,AMCR.N,Amcor PLC,8439273133.60881,base,319
2011,ORLY.OQ,"O'Reilly Automotive, Inc.",8436855153.9,base,320
2011,SWY.N^A15,Safeway US,8384271999.99999,dead-redo,321
2011,VAR.N^D21,Varian Med Syst,8345757310.24,dead-redo,322
2011,SHLD.OQ^J18,Sears,8258445219.88999,dead-redo,323
2011,VTR.N,"Ventas, Inc.",8244412197.12,base,324
2011,FIS.N,Fidelity National Information Services Inc,8243314641.21,base,325
2011,TAP.N,Molson Coors Beverage Company,8218814264.7,base,326
2011,LLL.N^G19,L3 Tech,8196355111.56,dead-redo,327
2011,HOG.N,Harley Davidson,8166021332.2,base,328
2011,SIAL.OQ^K15,Sigma Aldrich,8163415498.9,dead-redo,329
2011,GPC.N,Genuine Parts Co,8087833294.9,base,330
2011,MU.OQ,"Micron Technology, Inc.",7989890562.12,base,331
2011,KDP.OQ,Keurig Dr Pepper Inc,7984558939.19999,base,332
2011,NYX.N^K13,NYSE Euronext,7963110000.0,dead-redo,333
2011,CERN.OQ^F22,Cerner,7945554845.9,dead-redo,334
2011,JCP.N^E20,Old Copper Co,7831335345.4,dead-redo,335
2011,LLTC.OQ^C17,Linear Tech,7817033019.24,dead-redo,336
2011,SJM.N,The J. M. Smucker Company,7816015699.05,base,337
2011,TIF.N^A21,Tiffany,7809016897.34,dead-redo,338
2011,KEY.N,KeyCorp,7792170881.09999,base,339
2011,WDC.OQ,Western Digital Corp,7790203456.79999,base,340
2011,DNR.N^G20,Denbury,7737791151.2,dead-redo,341
2011,UNM.N,Unum Group,7681232935.74,base,342
2011,DTE.N,DTE Energy Company,7664394177.88,base,343
2011,DXC.N,DXC Tech,7662416716.8,base,344
2011,XLNX.OQ^B22,Xilinx,7623202546.28,dead-redo,345
2011,CMA.N^B26,Comerica,7548547271.72,dead-redo,346
2011,ROST.OQ,Ross Stores Inc,7532097155.0,base,347
2011,KIM.N,Kimco Realty Corp,7323352468.08,base,348
2011,ROP.OQ,"Roper Technologies, Inc.",7235667690.74,base,349
2011,RRC.N,Range Resource,7200029429.05999,base,350
2011,KMX.N,Carmax,7190639714.08,base,351
2011,XL.N^I18,XL Grp,7162678298.8,dead-redo,352
2011,MFE.N^C11,McAfee US,7161520297.56,dead-redo,353
2011,JEF.N,Jefferies Fincl,7100001936.26,base,354
2011,WAT.N,Waters Corp,7097256631.29999,base,355
2011,SRCL.OQ^K24,Stericycle,6983579613.75,dead-redo,356
2011,EXPE.OQ,"Expedia Group, Inc.",6951393324.07,base,357
2011,WELL.N,Welltower Inc.,6924927628.08,base,358
2011,TDC.N,Teradata,6894299999.99999,base,359
2011,WEC.N,"WEC Energy Group, Inc.",6880551357.42,base,360
2011,HRL.N,Hormel Foods Corp,6823961101.09999,base,361
2011,AGN.N^E20,Allergan,6823122740.99,dead-redo,362
2011,HCBK.OQ^K15,Hudson City Bcp,6803717607.6,dead-redo,363
2011,AEE.N,Ameren Corporation,6760791434.37,base,364
2011,WIN.OQ^C19,Windstream Hldg,6757270350.05,dead-redo,365
2011,DVA.N,DaVita Inc,6754427999.99999,base,366
2011,WHR.N,Whirlpool,6752817070.65,base,367
2011,NBR.N,Nabors Inds,6695270842.44,base,368
2011,EQT.N,EQT Corporation,6687597409.76,base,369
2011,CNP.N,"CenterPoint Energy, Inc.",6670108523.76,base,370
2011,FLS.N,Flowserve,6656202459.54,base,371
2011,CBRE.N,"CBRE Group, Inc.",6612874690.56,base,372
2011,TXT.N,Textron Inc,6498649049.28,base,373
2011,TSN.N,Tyson Foods Inc,6494456771.87999,base,374
2011,KLAC.OQ,KLA Corporation,6455370695.76,base,375
2011,GNW.N,Genworth Fincl,6433286565.06,base,376
2011,HAS.OQ,"Hasbro, Inc.",6425683025.16,base,377
2011,QEP.N^C21,QEP Resources,6413674245.44,dead-redo,378
2011,DRI.N,Darden Restaurants Inc,6413001860.88,base,379
2011,MCHP.OQ,Microchip Technology Inc,6391264366.08,base,380
2011,FDO.N^G15,Family Dlr,6354674806.08,dead-redo,381
2011,MCO.N,Moody's Corporation,6215978809.94,base,382
2011,MKC.N,"McCormick & Company, Incorporated",6183547385.49,base,383
2011,PCL.N^B16,Plum Creek Timb,6176730110.46,dead-redo,384
2011,CEG.N^C12,Constell Energy,6163990265.75,dead-redo,385
2011,SLM.OQ,SLM,6113583173.77,base,386
2011,BALL.N,Ball Corp,6010216353.65,base,387
2011,EMN.N,Eastman Chemical,5948507731.12,base,388
2011,HBAN.OQ,Huntington Bancshares Inc,5930622821.25,base,389
2011,OKE.N,"ONEOK, Inc.",5907086223.03,base,390
2011,LDOS.N,"Leidos Holdings, Inc.",5897011640.77999,base,391
2011,URBN.OQ,Urban Outfitters,5874409838.78,base,392
2011,LHX.N,"L3Harris Technologies, Inc.",5811051248.09999,base,393
2011,J.N,Jacobs Solutions Inc,5783966679.4,base,394
2011,PLL.N^H15,Pall,5748196309.34,dead-redo,395
2011,APOL.OQ^B17,Apollo Edu Grp,5722937100.0,dead-redo,396
2011,FMC.N,FMC,5711004077.16,base,397
2011,VMC.N,Vulcan Materials Co,5695407770.12,base,398
2011,CFN.N^C15,Carefusion,5658290142.12,dead-redo,399
2011,VRSN.OQ,"VeriSign, Inc.",5618837211.57,base,400
2011,LM.N^H20,Legg Mason,5618159559.36,dead-redo,401
2011,MEE.N^F11,Alpha Appalachia,5614796213.2,dead-redo,402
2011,ES.N,Eversource Energy,5609560965.0,base,403
2011,AMD.OQ,"Advanced Micro Devices, Inc.",5576817397.24,base,404
2011,ATI.N,ATI,5439900435.2,base,405
2011,EA.OQ^H26,Electronic Arts,5435453647.25999,dead-redo,406
2011,IGT.N^D15,IGT,5372962877.37999,dead-redo,407
2011,ARG.N^E16,Airgas,5345446791.51999,dead-redo,408
2011,NWL.OQ,Newell Brands,5277654000.0,base,409
2011,IPG.N^K25,Interpublic Grp,5258792699.55999,dead-redo,410
2011,TNL.N,Travel + Leisure,5241999935.2,base,411
2011,PBCT.OQ^D22,Peoples Uni,5198485421.75,dead-redo,412
2011,CINF.OQ,Cincinnati Financial Corporation,5157104600.56,base,413
2011,HP.N,Helmerich,5138190032.63999,base,414
2011,SCG.N^A19,SCANA,5134702079.25,dead-redo,415
2011,ANF.N,Abercrombie,5062578926.46,base,416
2011,OI.N,"O-i Glass, Inc",5026065328.09999,base,417
2011,IRM.N,Iron Mountain Inc,5005232017.29,base,418
2011,SUN.N^J12,ETC Sunoco Hldg,4983549495.09999,dead-redo,419
2011,PBI.N,Pitney Bowes,4917094110.24,base,420
2011,NI.N,NiSource Inc.,4903749358.92,base,421
2011,XRAY.OQ,Dentsply Sirona,4855529971.53,base,422
2011,NRG.N,NRG Energy Inc,4830234225.92,base,423
2011,GL.N,Globe Life Inc.,4782430559.98,base,424
2011,FLIR.OQ^E21,FLIR System,4702340741.9,dead-redo,425
2011,NDAQ.OQ,Nasdaq Inc,4694875684.59,base,426
2011,CEPH.OQ^J11,Cephalon,4646418366.08,dead-redo,427
2011,STZ.N,"Constellation Brands, Inc.",4639021908.88999,base,428
2011,AVY.N,Avery Dennison Corp,4632730302.62,base,429
2011,CMS.N,CMS Energy Corporation,4549107982.8,base,430
2011,MAS.N,Masco Corporation,4538610000.0,base,431
2011,MWV.N^G15,Westrock MWV,4537836109.38,dead-redo,432
2011,RHI.N,Robert Half,4502937124.8,base,433
2011,PNW.N,Pinnacle West Capital Corporation,4494729069.4,base,434
2011,TMUS.OQ,T-Mobile US Inc,4476258684.03,base,435
2011,IFF.N,International Flavors & Fragrances Inc.,4444466973.24,base,436
2011,EFX.N,Equifax Inc.,4393096532.8,base,437
2011,JBL.N,Jabil Inc.,4379270554.54,base,438
2011,RDC.N^D19,Rowan,4316656352.4,dead-redo,439
2011,ZION.OQ,Zions Bancorp,4311917251.7,base,440
2011,PWR.N,Quanta Services Inc,4215129050.88,base,441
2011,AYE.N^B11,Allegheny Enrgy,4200046222.82,dead-redo,442
2011,AN.N,AutoNation,4173514131.0,base,443
2011,SEE.N^D26,Sealed Air,4113366769.12,dead-redo,444
2011,POM.N^C16,Pepco Hldg,4106135612.46,dead-redo,445
2011,AIZ.N,Assurant Inc,4104456150.96,base,446
2011,CTAS.OQ,Cintas Corporation,4062618001.08,base,447
2011,DNB.N^B19,Dun & Bradstreet,4045249330.47,dead-redo,448
2011,CVH.N^E13,Coventry Health,4003288081.44,dead-redo,449
2011,CTRA.N^E26,Coterra Energy,3998804810.64,dead-redo,450
2011,TE.N^G16,Teco Energy,3851566659.16,dead-redo,451
2011,DHI.N,"D.R. Horton, Inc.",3809061782.50999,base,452
2011,PDCO.OQ^D25,Patterson,3804248788.98,dead-redo,453
2011,TEG.N^F15,Wec Acquisition,3792209235.36,dead-redo,454
2011,MOLX.OQ^L13,Molex,3750333421.68,dead-redo,455
2011,LSI.OQ^E14,LSI,3742419172.47,dead-redo,456
2011,GHC.N,Graham Holdings,3712239826.49999,base,457
2011,MI.N^G11,Marshall Ilsley,3711702795.49,dead-redo,458
2011,TGNA.N^C26,Tegna,3684272905.68,dead-redo,459
2011,RRD.N^B22,RR Donnelley,3637069000.0,dead-redo,460
2011,HRB.N,H&R Block,3633862422.45,base,461
2011,ETFC.OQ^J20,E*TRADE Financl,3594906246.36,dead-redo,462
2011,GME.N,GameStop,3463962971.04,base,463
2011,LEN.N,Lennar Corp,3399957572.58,base,464
2011,CVSA.N,Covista,3361213758.48,base,465
2011,NSM.N^I11,Natl Semiconduct,3349460852.1,dead-redo,466
2011,HAR.N^C17,HARMAN,3317121344.64,dead-redo,467
2011,SNA.N,Snap-On Inc,3290552198.7,base,468
2011,THC.N,Tenet Healthcare,3248220640.32,base,469
2011,MWW.N^K16,Monster Wrldwd,3209286826.44,dead-redo,470
2011,VIAV.OQ,Viavi Solutions,3162175008.96,base,471
2011,FHN.N,First Horizon,3073054007.02,base,472
2011,TIE.N^A13,Titanium Metals,3066565786.06,dead-redo,473
2011,TSS.N^I19,TSYS,3058673296.4,dead-redo,474
2011,RVTY.N,"Revvity, Inc.",3047911262.16,base,475
2011,AIV.N,Aimco,3024151273.12,base,476
2011,GT.OQ,Goodyear Tire,2878523375.25,base,477
2011,PHM.N,"PulteGroup, Inc.",2874356252.0,base,478
2011,NVLS.OQ^F12,Novellus Systems,2869770418.42,dead-redo,479
2011,LXK.N^K16,Lexmark Intl,2763894642.14,dead-redo,480
2011,R.N,Ryder,2723469527.52,base,481
2011,ANDV.N^J18,Andeavor US,2697140975.16,dead-redo,482
2011,FHI.N,Federated Hermes,2693562088.39,base,483
2011,SUNE.N^D16,Sunedison Inc,2574490416.24,dead-redo,484
2011,CPWR.OQ^L14,Compuware,2571397571.96,dead-redo,485
2011,TER.OQ,"Teradyne, Inc.",2546856000.0,base,486
2011,TLAB.OQ^L13,Infinera Optical,2493968922.64,dead-redo,487
2011,JNS.N^E17,Janus US Hldg,2462190691.6,dead-redo,488
2011,BIG.N^I24,Former Bl Stores,2294989969.06,dead-redo,489
2011,GAS.N^L11,Nicor,2294017227.92,dead-redo,490
2011,RSH.N^B15,RS Legacy,2112607701.75999,dead-redo,491
2011,NOVL.OQ^D11,Micro Focus,2088400430.16,dead-redo,492
2011,SVU.N^J18,Supervalu,2038929511.62999,dead-redo,493
2011,AKS.N^C20,Cleveland-Clif,1834680170.87999,dead-redo,494
2011,QLGC.OQ^H16,QLogic,1820957759.99999,dead-redo,495
2011,DF.N^K19,Dean Foods,1615959617.64999,dead-redo,496
2011,MDP.N^L21,Hawkeye Acqsn,1606287363.72,dead-redo,497
2011,VTRS.OQ,Viatris Inc.,284312284.62,base,498
2012,XOM.N,Exxonmobil Holdings Corp,406272285923.4,base,1
2012,AAPL.OQ,Apple Inc.,377518850145.0,base,2
2012,MSFT.OQ,Microsoft Corporation,218380251910.92,base,3
2012,IBM.N,International Business Machines Corporation,216724308731.84,base,4
2012,CVX.N,Chevron Corporation,211893938883.2,base,5
2012,GOOGL.OQ,Alphabet Inc.,209198930436.9,base,6
2012,WMT.OQ,Walmart Inc,204659914592.16,base,7
2012,BRKb.N,Berkshire Hathaway Inc,189215895103.4,base,8
2012,GE.N,General Electric Company,189082156410.0,base,9
2012,PG.N,The Procter & Gamble Company,183540566272.56,base,10
2012,T.N,AT&T Inc,179202240000.0,base,11
2012,JNJ.N,Johnson & Johnson,179089078600.44,base,12
2012,PFE.N,Pfizer Inc.,166345961249.04,base,13
2012,KO.N,Coca-Cola Co,158918117383.85,base,14
2012,WFC.N,Wells Fargo & Co,145338364295.8,base,15
2012,PM.N,Philip Morris International Inc,136318381655.76,base,16
2012,ORCL.N,Oracle Corporation,128912719050.0,base,17
2012,JPM.N,JPMorgan Chase & Co,126342208693.75,base,18
2012,INTC.OQ,Intel Corp,123481000000.0,base,19
2012,MRK.N,Merck & Co Inc,114906637043.9,base,20
2012,VZ.N,Verizon Communications Inc,113583357118.719,base,21
2012,PEP.OQ,"PepsiCo, Inc.",103732268362.4,base,22
2012,MCD.N,McDonald's Corp,102659493744.61,base,23
2012,CSCO.OQ,Cisco Systems Inc,97195620812.6399,base,24
2012,COP.N,ConocoPhillips,96752324971.47,base,25
2012,QCOM.OQ,QUALCOMM Incorporated,91949848102.2,base,26
2012,SLB.N,SLB N.V.,91680626991.69,base,27
2012,ABT.N,Abbott Laboratories,87594845350.94,base,28
2012,AMZN.OQ,Amazon.com Inc,78717977119.5,base,29
2012,C.N,Citigroup Inc,76922762452.59,base,30
2012,OXY.N,Occidental Petroleum Corp,76064594818.4,base,31
2012,UPS.N,United Parcel Service Inc,70627517610.13,base,32
2012,V.N,Visa Inc.,69863313239.72,base,33
2012,DIS.N,The Walt Disney Company,67369244512.5,base,34
2012,RTX.N,RTX Corporation,66225947727.21,base,35
2012,MDLZ.OQ,Mondelez International Inc,66005730908.96,base,36
2012,HD.N,"The Home Depot, Inc.",64807536250.68,base,37
2012,CMCSA.OQ,Comcast Corporation,64511140840.54,base,38
2012,MO.N,Altria Group Inc,60972929674.8999,base,39
2012,BMY.N,Bristol-Myers Squibb Company,59551563775.26943,outlier-fix,40
2012,CAT.N,Caterpillar Inc,58583805431.3999,base,41
2012,MMM.N,3M Company,57280035778.13,base,42
2012,BAC.N,Bank of America Corporation,57099447285.84,base,43
2012,AMGN.OQ,Amgen Inc,56282907897.7499,base,44
2012,AXP.N,American Express Company,54787123251.39,base,45
2012,BA.N,Boeing Co,54516246614.1,base,46
2012,UNH.N,UnitedHealth Group Inc,54026222715.92,base,47
2012,CVS.N,CVS Health Corporation,53080484001.02,base,48
2012,USB.N,U.S. Bancorp,51622329552.5,base,49
2012,UNP.N,Union Pacific Corporation,51177175049.32,base,50
2012,HPQ.N,HP Inc,51108702882.72,base,51
2012,LLY.N,Eli Lilly and Company,48116594330.6,base,52
2012,MA.N,Mastercard Incorporated,47323843693.42,base,53
2012,TFCFA.OQ^C19,Tfcf,46509239620.06,dead-redo,54
2012,CL.N,Colgate-Palmolive Company,44716695049.83,base,55
2012,GS.N,Goldman Sachs Group Inc,44519875622.46,base,56
2012,EMC.N^I16,EMC US,44307871470.0,dead-redo,57
2012,NKE.N,"NIKE, Inc.",44225511534.34,base,58
2012,AIG.N,"American International Group, Inc.",44062003852.7999,base,59
2012,DD.N^I17,EIDP,42971472690.0,dead-redo,60
2012,HON.OQ,Honeywell International Inc,42039581787.75,base,61
2012,F.N,Ford Motor Co,40889078216.56,base,62
2012,MDT.N,Medtronic PLC,40366799217.0,base,63
2012,SO.N,Southern Co,39898651887.87,base,64
2012,APC.N^H19,Anadarko Petrol,39165459340.15,dead-redo,65
2012,EBAY.OQ,eBay Inc.,39154037106.6899,base,66
2012,MON.N^F18,Monsanto,38517477627.42,dead-redo,67
2012,SPG.N,Simon Property Group Inc,37889047882.56,base,68
2012,ACN.N,Accenture PLC,37621516729.53,base,69
2012,COST.OQ,Costco Wholesale Corp,36238282363.64,base,70
2012,TWX.N^F18,Time Warner,35385420000.0,dead-redo,71
2012,DOW.N^I17,Dow Chem,35206192587.6,dead-redo,72
2012,FCX.N,Freeport-McMoRan Inc,34873649111.47,base,73
2012,APA.OQ,APA Corporation,34788109238.26,base,74
2012,TGT.N,Target Corp,34399194549.72,base,75
2012,SBUX.OQ,Starbucks Corp,34295854000.0,base,76
2012,EMR.N,Emerson Electric Co,34256490436.95,base,77
2012,TXN.OQ,Texas Instruments Inc,33262537832.14,base,78
2012,MET.N,"MetLife, Inc.",32977028057.64,base,79
2012,DHR.N,Danaher Corporation,32285777697.6,base,80
2012,LIN.OQ,Linde PLC,32044293863.9,base,81
2012,BLK.N,"BlackRock, Inc.",31886420009.92,base,82
2012,LOW.N,Lowe's Companies Inc,31789995438.96,base,83
2012,HAL.N,Halliburton Company,31754903226.1299,base,84
2012,DE.N,Deere & Co,31259129701.8,base,85
2012,GILD.OQ,"Gilead Sciences, Inc.",30744128765.76,base,86
2012,DTV.OQ^G15,DIRCTV,30565799547.24,dead-redo,87
2012,CELG.OQ^K19,Celgene,30480278909.62,dead-redo,88
2012,PNC.N,"The PNC Financial Services Group, Inc.",30340883076.9,base,89
2012,D.N,"Dominion Energy, Inc.",30234953472.3999,base,90
2012,NEM.N,Newmont Corporation,29297738342.7,base,91
2012,DUK.N,Duke Energy Corp,29283902362.0,base,92
2012,MS.N,Morgan Stanley,29161594257.16,base,93
2012,KMB.OQ,Kimberly-Clark Corporation,28989801801.6,base,94
2012,WBA.OQ^H25,Walgreens Hldg,28877986897.56,dead-redo,95
2012,NOV.N,Nov,28817058713.9499,base,96
2012,EXC.OQ,Exelon Corp,28754856765.59,base,97
2012,BAX.N,Baxter International Inc.,27900096112.3999,base,98
2012,YUM.N,"Yum! Brands, Inc.",27173897933.91,base,99
2012,AGN.N^C15,Allerg,26970933065.22,dead-redo,100
2012,DELL.OQ^J13,Dell,26902729597.7749,dead-redo,101
2012,BIIB.OQ,Biogen Inc.,26733054257.45,base,102
2012,EOG.N,"EOG Resources, Inc.",26484490140.78,base,103
2012,ADP.OQ,Automatic Data Processing Inc,26394580438.27,base,104
2012,FDX.N,FedEx Corp,26262566689.94,base,105
2012,LMT.N,Lockheed Martin Corp,26176852074.7,base,106
2012,GIS.N,General Mills Inc,26050354183.8,base,107
2012,NEE.N,"NextEra Energy, Inc.",25724003490.72,base,108
2012,VIAB.OQ^L19,Viacom,25713430615.42,dead-redo,109
2012,DVN.N,Devon Energy Corporation,25041800000.0,base,110
2012,NSC.N,Norfolk Southern Corp,24488698970.62,base,111
2012,TRV.N,"The Travelers Companies, Inc.",24423796101.83,base,112
2012,PCP.N^B16,Precision Cast,24347952443.92,dead-redo,113
2012,TJX.N,"The TJX Companies, Inc.",24344394746.0,base,114
2012,BNY.N,Bank of New York Mellon Corp,24143505369.83,base,115
2012,RAI.N^G17,Reynolds Amricn,24033454998.28,dead-redo,116
2012,PRU.N,Prudential Financial Inc,23656640000.0,base,117
2012,GD.N,General Dynamics Corp,23649448059.55,base,118
2012,CB.N,Chubb Limited,23644928755.36,base,119
2012,AMT.N,American Tower Corporation,23585438951.45,base,120
2012,BKNG.OQ,Booking Holdings Inc.,23284232366.2199,base,121
2012,ELV.N,Elevance Health Inc,23045788798.75,base,122
2012,PSA.N,Public Storage,23000594753.52,base,123
2012,LUMN.N,Lumen Tech,22974944316.0,base,124
2012,ESRX.OQ^L18,Evernorth Health,22870741080.0,dead-redo,125
2012,ITW.N,Illinois Tool Works Inc,22569958996.29,base,126
2012,MHS.N^D12,Medco Health Sol,22461060637.89,dead-redo,127
2012,CSX.OQ,CSX Corporation,22112010601.1999,base,128
2012,COV.N^A15,Covidien,22075896265.28,dead-redo,129
2012,MRO.N^K24,Marathn Oil,21789045177.84,dead-redo,130
2012,EL.N,Estee Lauder Companies Inc,21630457330.5599,base,131
2012,JCI.N^I16,Johnson Cntrl,21500000000.0,manual-fix,132
2012,MOS.N,Mosaic Co,21453500684.25,base,133
2012,BKR.OQ,Baker Hughes Company,21229700743.68,base,134
2012,BEN.N,"Franklin Templeton, Inc.",20883330937.38,base,135
2012,TWC.N^E16,TWC,20703961451.44,dead-redo,136
2012,EP.N^E12,El Paso,20436681412.5,dead-redo,137
2012,GLW.N,Corning Incorporated,20399096873.76,base,138
2012,AABA.OQ^J19,Altaba,20198269052.15,dead-redo,139
2012,AFL.N,Aflac Incorporated,20193235382.8799,base,140
2012,AEP.OQ,American Electric Power Company Inc,19949104923.57,base,141
2012,HES.N^G25,Hess,19854575624.0,dead-redo,142
2012,STT.N,State Street Corporation,19830535337.15,base,143
2012,SE.N^B17,Spectra Energy,19770501984.0,dead-redo,144
2012,CB.N^A16,Chubb NJ,19501170074.25,dead-redo,145
2012,WMB.N,"The Williams Companies, Inc.",19462352012.48,base,146
2012,COF.N,Capital One Financial Corp,19439744770.45,base,147
2012,CCL.N,Carnival Corporation Ltd,19434407550.72,base,148
2012,CTSH.OQ,Cognizant Technology Solutions Corporation,19429126520.44,base,149
2012,MCK.N,McKesson Corp,19131631332.2399,base,150
2012,ADM.N,Archer-Daniels-Midland Co,19104267696.8,base,151
2012,SYK.N,Stryker Corporation,19022674283.19,base,152
2012,FE.N,FirstEnergy Corp,18526988159.1,base,153
2012,ED.N,"Consolidated Edison, Inc.",18168875191.38,base,154
2012,K.N^L25,Kellanova,18122720454.42,dead-redo,155
2012,ISRG.OQ,Intuitive Surgical Inc,18054719821.33,base,156
2012,APD.N,"Air Products and Chemicals, Inc.",17934374121.02,base,157
2012,TPR.N,"Tapestry, Inc.",17813071919.44,base,158
2012,PSKY.OQ,Paramount Skydance Corp,17784203021.94,base,159
2012,TFC.N,Truist Financial Corporation,17546519511.54,base,160
2012,ECL.N,Ecolab Inc.,17366005431.69,base,161
2012,NBL.OQ^J20,Noble Energy,17268872194.08,dead-redo,162
2012,SYY.N,Sysco Corporation,17188332433.09,base,163
2012,HNZ.N^F13,Kraft Heinz Food,17129394862.38,dead-redo,164
2012,VMRK.N,Vivmark Residential,17070330426.72,base,165
2012,PPL.N,PPL Corp,17013545017.94,base,166
2012,TMO.N,Thermo Fisher Scientific Inc,17011250880.48,base,167
2012,MRSH.N,Marsh & McLennan Companies Inc,17010562673.58,base,168
2012,CMI.N,Cummins Inc,16974796335.66,base,169
2012,DOC.N,"Healthpeak Properties, Inc",16927585445.43,base,170
2012,RTN.N^D20,Raytheon,16796233000.0,dead-redo,171
2012,PCG.N,PG&E Corp,16730497095.1199,base,172
2012,PEG.N,Public Service Enterprise Group Incorporated,16699919098.4999,base,173
2012,PGN.N^G12,Prgres Enrgy,16216444749.14,dead-redo,174
2012,CME.OQ,CME Group Inc.,16176754213.1999,base,175
2012,BDX.N,Becton Dickinson and Co,15960516060.64,base,176
2012,VTR.N,"Ventas, Inc.",15873102206.21,base,177
2012,INTU.OQ,Intuit Inc.,15632305030.98,base,178
2012,CHK.N^F20,Expand Energy,15552400000.0,dead-redo,179
2012,GR.N^G12,Goodrich,15455133248.08,dead-redo,180
2012,AET.N^K18,Aetna,15361520000.0,dead-redo,181
2012,NOC.N,Northrop Grumman Corp,15279687675.1199,base,182
2012,AON.N,Aon PLC,15129943405.1999,base,183
2012,MSI.N,Motorola Solutions Inc,15069064680.3,base,184
2012,WM.N,Waste Management Inc,15057394823.36,base,185
2012,LO.N^F15,Lorillard,14951640000.0,dead-redo,186
2012,L.N,Loews Corporation,14930736255.0,base,187
2012,BXP.N,"BXP, Inc.",14725806315.5999,base,188
2012,ETN.N,Eaton Corporation PLC,14547726000.0,base,189
2012,MJN.N^F17,Mead Johnson,14524332782.9999,dead-redo,190
2012,TROW.OQ,"T. Rowe Price Group, Inc.",14387845778.95,base,191
2012,HUM.N,Humana Inc.,14324568443.66,base,192
2012,BRCM.OQ^B16,Broadcom Co,14315130000.0,dead-redo,193
2012,SCHW.N,The Charles Schwab Corporation,14300053304.72,base,194
2012,VNO.N,Vornado Realty,14180365480.6799,base,195
2012,BBBY.OQ^E23,20230930-DK,14083933131.66,dead-redo,196
2012,CAH.N,"Cardinal Health, Inc.",14030997929.02,base,197
2012,VFC.N,VF,14014972098.99,base,198
2012,AMAT.OQ,Applied Materials Inc,13983373330.29,base,199
2012,KR.N,Kroger Co,13920907141.82,base,200
2012,ADBE.OQ,Adobe Inc,13877625905.66,base,201
2012,ALL.N,Allstate Corp,13851701773.66,base,202
2012,WYNN.OQ,"Wynn Resorts, Limited",13806516387.42,base,203
2012,CRM.N,"Salesforce, Inc.",13798560000.0,base,204
2012,M.N,Macy's,13509910286.38,base,205
2012,EIX.N,Edison International,13488583928.4,base,206
2012,PCAR.OQ,Paccar Inc,13422399720.51,base,207
2012,XEL.OQ,Xcel Energy Inc,13404176736.52,base,208
2012,DFS.N^E25,Discover Fincl,13306713948.9,dead-redo,209
2012,SPGI.N,S&P Global Inc,13194198000.0,base,210
2012,HSY.N,The Hershey Company,13193655109.66,base,211
2012,SRE.N,Sempra,13190024100.0,base,212
2012,PLD.N,"Prologis, Inc.",13128640501.65,base,213
2012,TEL.N,TE Connectivity PLC,13077342920.07,base,214
2012,GWW.N,WW Grainger Inc,13056051184.91,base,215
2012,NTAP.OQ,NetApp Inc,13006639075.95,base,216
2012,IP.N,International Paper Co,12937293371.2,base,217
2012,PPG.N,"PPG Industries, Inc.",12892721667.5399,base,218
2012,FAST.OQ,Fastenal Company,12873840945.14,base,219
2012,ETR.N,Entergy Corp,12865303239.15,base,220
2012,AZO.N,"AutoZone, Inc.",12790763630.13,base,221
2012,RL.N,Ralph Lauren Corporation,12721244812.0,base,222
2012,NUE.N,Nucor Corporation,12531977121.72,base,223
2012,KSS.N,Kohls,12506810621.55,base,224
2012,WFM.OQ^H17,Whole Foods,12500404095.44,dead-redo,225
2012,FTI.N^A17,FMC Technologies,12471642509.24,dead-redo,226
2012,CAM.N^D16,Cameron Intl,12428833636.5,dead-redo,227
2012,AVB.N^H26,Avalonbay US,12364441953.4399,dead-redo,228
2012,OMC.N,Omnicom Group Inc,12298462920.0,base,229
2012,A.N,Agilent Technologies Inc,12160012292.89,base,230
2012,PGR.N,The Progressive Corporation,12108459986.45,base,231
2012,ALTR.OQ^L15,Altera,12064449439.2,dead-redo,232
2012,CI.N,The Cigna Group,11989476072.0,base,233
2012,BBWI.N,Bath & Body,11957705472.3,base,234
2012,MPC.N,Marathon Petroleum Corporation,11868494373.4499,base,235
2012,VLO.N,Valero Energy Corp,11782253097.4,base,236
2012,FITB.N,Fifth Third Bancorp,11699582672.64,base,237
2012,CTXS.OQ^J22,Citrix Systems,11555401891.16,dead-redo,238
2012,GEN.OQ,Gen Digital Inc.,11536597945.2,base,239
2012,PH.N,Parker-Hannifin Corp,11519861895.0,base,240
2012,CHRW.OQ,"C.H. Robinson Worldwide, Inc.",11456320254.9,base,241
2012,SNDK.OQ^E16,Sandsk,11434505431.21,dead-redo,242
2012,SWK.N,Stanley Black & Decker Inc,11417804673.5999,base,243
2012,SWN.N^J24,Swestn Energy,11390699459.1,dead-redo,244
2012,BFb.N,Brown-Forman Corporation,11355133167.66,base,245
2012,WU.N,Western Union,11305452265.58,base,246
2012,PXD.N^E24,Pioneer Natl Rsc,11287009777.14,dead-redo,247
2012,AMP.N,Ameriprise Financial Inc,11231299689.2,base,248
2012,STJ.N^A17,St Jude Med,11142286887.76,dead-redo,249
2012,HSH.N^H14,Hillshire Brands,11116020951.73,dead-redo,250
2012,JNPR.N^G25,Juniper Networks,11067208320.0,dead-redo,251
2012,XRX.OQ,Xerox Hlngs,11040944785.4,base,252
2012,PAYX.OQ,"Paychex, Inc.",10912467464.6199,base,253
2012,CAG.N,Conagra Brands,10892225256.0,base,254
2012,ROST.OQ,Ross Stores Inc,10867305494.22,base,255
2012,MUR.N,Murphy Oil,10786911319.14,base,256
2012,DOV.N,Dover Corp,10761049516.5,base,257
2012,ADI.OQ,"Analog Devices, Inc.",10661034490.04,base,258
2012,CERN.OQ^F22,Cerner,10596333665.6999,dead-redo,259
2012,CPB.OQ,Campbell's Co,10594440572.76,base,260
2012,CMG.N,"Chipotle Mexican Grill, Inc.",10570059645.6,base,261
2012,WBD.OQ,"Warner Bros. Discovery, Inc.",10447885124.75,base,262
2012,ROK.N,Rockwell Automation Inc,10445145135.92,base,263
2012,WELL.N,Welltower Inc.,10438642073.79,base,264
2012,HST.OQ,"Host Hotels & Resorts, Inc.",10431081157.49,base,265
2012,JWN.N^E25,Nordstrom,10412568389.96,dead-redo,266
2012,ORLY.OQ,"O'Reilly Automotive, Inc.",10259846145.9,base,267
2012,RSG.N,Republic Services Inc,10203525913.35,base,268
2012,CA.OQ^K18,CA,10015852910.7,dead-redo,269
2012,WY.N,Weyerhaeuser Company,10014867713.94,base,270
2012,RRC.N,Range Resource,9988183694.53999,base,271
2012,STI.N^L19,SunTrust Banks,9945190255.28,dead-redo,272
2012,SPLS.OQ^I17,Staples,9942293197.19,dead-redo,273
2012,DLTR.OQ,Dollar Tree Inc,9892175728.56,base,274
2012,BTU.N^D16,Peabody Energy,9824610643.38,dead-redo,275
2012,MAR.OQ,"Marriott International, Inc.",9775628716.21,base,276
2012,HOT.N^I16,Starwood Hotls,9655263280.93,dead-redo,277
2012,COR.N,"Cencora, Inc.",9607793612.10999,base,278
2012,MTB.N,M&T Bank Corporation,9590290519.48,base,279
2012,ZBH.N,"Zimmer Biomet Holdings, Inc.",9571633844.24,base,280
2012,NTRS.OQ,Northern Trust Corporation,9557933365.61999,base,281
2012,GPC.N,Genuine Parts Co,9525988692.0,base,282
2012,TT.N,Trane Technologies PLC,9512022586.44,base,283
2012,CF.N,CF Industries Holdings Inc,9479967317.92,base,284
2012,MAT.OQ,Mattel,9400821843.2,base,285
2012,SHW.N,Sherwin-Williams Co,9262715189.44,base,286
2012,DTE.N,DTE Energy Company,9215713356.3,base,287
2012,HWM.N,Howmet Aerospace Inc.,9206227238.55,base,288
2012,DGX.N,Quest Diagnostics Inc,9159500719.62,base,289
2012,AES.N,The AES Corporation,9087771126.08,base,290
2012,PRGO.N,Perrigo Company,9067579556.69999,base,291
2012,IVZ.N,Invesco Ltd,9060487741.9,base,292
2012,GAP.N,Gap,9058062127.8,base,293
2012,HOG.N,Harley Davidson,9032242501.09999,base,294
2012,AMCR.N,Amcor PLC,8947963916.63599,base,295
2012,OKE.N,"ONEOK, Inc.",8928128633.28999,base,296
2012,CLF.N,Cleveland-Cliffs,8916779495.0,base,297
2012,SJM.N,The J. M. Smucker Company,8861894481.5,base,298
2012,CLX.N,The Clorox Company,8779583022.08,base,299
2012,ICE.N,Intercontinental Exchange Inc,8758359293.15,base,300
2012,EXPD.N,Expeditors International of Washington Inc,8684732948.48,base,301
2012,CBE.N^L12,Cooper Inds,8614937711.89,dead-redo,302
2012,CNP.N,"CenterPoint Energy, Inc.",8556988364.89,base,303
2012,FLR.N,Fluor,8525630120.25,base,304
2012,LH.N,Labcorp Holdings Inc.,8519627000.0,base,305
2012,XLNX.OQ^B22,Xilinx,8514256866.75999,dead-redo,306
2012,KDP.OQ,Keurig Dr Pepper Inc,8463775461.11999,base,307
2012,NVDA.OQ,NVIDIA Corporation,8463656622.96,base,308
2012,TIF.N^A21,Tiffany,8440154676.96,dead-redo,309
2012,FFIV.OQ,F5 Inc,8434855238.88,base,310
2012,ROP.OQ,"Roper Technologies, Inc.",8380979749.94,base,311
2012,COL.N^K18,Rockwell Collins,8337054748.2,dead-redo,312
2012,CNX.N,CNX Resources,8324349270.2,base,313
2012,FISV.OQ,Fiserv Inc,8274058717.32,base,314
2012,FRX.N^G14,Forest Labs,8188242944.09999,dead-redo,315
2012,EQT.N,EQT Corporation,8187676954.07,base,316
2012,BBY.N,"Best Buy Co., Inc.",8186899245.81,base,317
2012,TDC.N,Teradata,8120574000.0,base,318
2012,WEC.N,"WEC Energy Group, Inc.",8085119666.0,base,319
2012,EW.N,Edwards Lifesciences Corporation,8065115296.7,base,320
2012,RHT.N^G19,Red Hat,8044169003.15,dead-redo,321
2012,CCEP.OQ,Coca-Cola UK,8043784235.68,base,322
2012,KLAC.OQ,KLA Corporation,8041558602.75,base,323
2012,AEE.N,Ameren Corporation,8025405899.2,base,324
2012,CTRA.N^E26,Coterra Energy,8025167923.2,dead-redo,325
2012,NE.N^H20,Noble Corp,7997219366.4,dead-redo,326
2012,JOY.N^D17,Komatsu Mining,7994750318.09999,dead-redo,327
2012,FIS.N,Fidelity National Information Services Inc,7962938250.76,base,328
2012,BEAM.N^E14,Suntory Global,7925288043.62,dead-redo,329
2012,BSX.N,Boston Scientific Corp,7911240656.94,base,330
2012,DO.N^D20,Diamond Offshore,7893964927.02,dead-redo,331
2012,VAR.N^D21,Varian Med Syst,7800865310.7,dead-redo,332
2012,CEG.N^C12,Constell Energy,7738055358.11,dead-redo,333
2012,HRL.N,Hormel Foods Corp,7733658169.96999,base,334
2012,AGN.N^E20,Allergan,7709613549.48,dead-redo,335
2012,SIAL.OQ^K15,Sigma Aldrich,7679870000.0,dead-redo,336
2012,AVP.N^A20,Avon Prdcts,7629019830.74,dead-redo,337
2012,TSN.N,Tyson Foods Inc,7624997449.44,base,338
2012,APH.N,Amphenol Corp,7522904557.5,base,339
2012,PFG.OQ,Principal Financial Group Inc,7506820109.4,base,340
2012,JCP.N^E20,Old Copper Co,7478494104.64,dead-redo,341
2012,MCO.N,Moody's Corporation,7478265672.55999,base,342
2012,BCR.N^L17,CR Bard,7409028219.99,dead-redo,343
2012,KEY.N,KeyCorp,7327709796.6,base,344
2012,SWY.N^A15,Safeway US,7311249000.0,dead-redo,345
2012,LIFE.OQ^B14,Life Tech Corp,7260068848.2,dead-redo,346
2012,HIG.N,"The Hartford Insurance Group, Inc.",7243271733.75,base,347
2012,WDC.OQ,Western Digital Corp,7235814148.95,base,348
2012,NYX.N^K13,NYSE Euronext,7131640000.0,dead-redo,349
2012,DVA.N,DaVita Inc,7088235000.0,base,350
2012,EA.OQ^H26,Electronic Arts,7059362404.5,dead-redo,351
2012,S.N^G13,Sprint Commns DE,7010213064.66,dead-redo,352
2012,MCHP.OQ,Microchip Technology Inc,7001142815.7,base,353
2012,BWA.N,Borgwarner,6993581355.52,base,354
2012,TAP.N,Molson Coors Beverage Company,6917710270.56,base,355
2012,LLTC.OQ^C17,Linear Tech,6910436034.76,dead-redo,356
2012,KMX.N,Carmax,6901587070.56,base,357
2012,ADSK.OQ,"Autodesk, Inc.",6878844000.0,base,358
2012,SLM.OQ,SLM,6817070118.4,base,359
2012,SNI.OQ^C18,Scripps Networks,6785544071.76,dead-redo,360
2012,FDO.N^G15,Family Dlr,6760866949.01999,dead-redo,361
2012,LLL.N^G19,L3 Tech,6741764632.0,dead-redo,362
2012,APOL.OQ^B17,Apollo Edu Grp,6714781920.0,dead-redo,363
2012,MKC.N,"McCormick & Company, Incorporated",6709351426.9,base,364
2012,NI.N,NiSource Inc.,6693253052.86,base,365
2012,PLL.N^H15,Pall,6677680517.86,dead-redo,366
2012,LUV.N,Southwest Airlines Co,6664151701.2,base,367
2012,WAT.N,Waters Corp,6635375838.8,base,368
2012,KIM.N,Kimco Realty Corp,6608736342.32,base,369
2012,SRCL.OQ^K24,Stericycle,6595483085.09999,dead-redo,370
2012,ES.N,Eversource Energy,6385554844.58,base,371
2012,DNR.N^G20,Denbury,6379562274.21,dead-redo,372
2012,XL.N^I18,XL Grp,6371032905.54,dead-redo,373
2012,HP.N,Helmerich,6276598916.28,base,374
2012,MU.OQ,"Micron Technology, Inc.",6212458823.61,base,375
2012,UNM.N,Unum Group,6160455575.82,base,376
2012,WIN.OQ^C19,Windstream Hldg,6084042124.01999,dead-redo,377
2012,FMC.N,FMC,6059195694.36,base,378
2012,ARG.N^E16,Airgas,5998777065.36,dead-redo,379
2012,PCL.N^B16,Plum Creek Timb,5944696759.2,dead-redo,380
2012,LNC.N,LNC,5858325716.36,base,381
2012,DRI.N,Darden Restaurants Inc,5854475514.48,base,382
2012,TNL.N,Travel + Leisure,5826496854.36,base,383
2012,BALL.N,Ball Corp,5807981065.77,base,384
2012,AKAM.OQ,Akamai Technologies Inc,5792038684.08,base,385
2012,SCG.N^A19,SCANA,5764308891.12,dead-redo,386
2012,CFN.N^C15,Carefusion,5763631215.32,dead-redo,387
2012,IRM.N,Iron Mountain Inc,5717024513.2,base,388
2012,VRSN.OQ,"VeriSign, Inc.",5681865845.96,base,389
2012,BMC.OQ^I13,BMC Software,5648871620.0,dead-redo,390
2012,CMS.N,CMS Energy Corporation,5598621426.24,base,391
2012,JEF.N,Jefferies Fincl,5561808051.12,base,392
2012,FLS.N,Flowserve,5517990267.4,base,393
2012,RF.N,Regions Financial Corporation,5413171100.0,base,394
2012,QEP.N^C21,QEP Resources,5409437802.72,dead-redo,395
2012,EMN.N,Eastman Chemical,5373745355.16,base,396
2012,NFX.N^B19,Ovintiv Exp,5330079374.4,dead-redo,397
2012,CMA.N^B26,Comerica,5308794182.24,dead-redo,398
2012,FTR.OQ^D20,Frontier Comm,5304026910.0,dead-redo,399
2012,PNW.N,Pinnacle West Capital Corporation,5260351805.94,base,400
2012,J.N,Jacobs Solutions Inc,5202324347.59999,base,401
2012,MWV.N^G15,Westrock MWV,5193929325.78,dead-redo,402
2012,IGT.N^D15,IGT,5190144000.0,dead-redo,403
2012,HSP.N^I15,Hospira,5165172696.32,dead-redo,404
2012,AN.N,AutoNation,5158046117.82,base,405
2012,TXT.N,Textron Inc,5143326671.30999,base,406
2012,VMC.N,Vulcan Materials Co,5085305328.4,base,407
2012,ATI.N,ATI,5083998631.2,base,408
2012,CBRE.N,"CBRE Group, Inc.",4991665700.06,base,409
2012,NBR.N,Nabors Inds,4986202607.58,base,410
2012,XRAY.OQ,Dentsply Sirona,4953048043.97,base,411
2012,CINF.OQ,Cincinnati Financial Corporation,4936917019.24,base,412
2012,GAS.N^G16,Southern Gas,4914324874.7,dead-redo,413
2012,ANR.N^G15,Alpha Natural,4851121443.59,dead-redo,414
2012,HRB.N,H&R Block,4783106839.16,base,415
2012,HBAN.OQ,Huntington Bancshares Inc,4743771107.67,base,416
2012,XYL.N,Xylem Inc,4741614321.01,base,417
2012,EFX.N,Equifax Inc.,4690692080.1,base,418
2012,IPG.N^K25,Interpublic Grp,4685513880.16,dead-redo,419
2012,NWL.OQ,Newell Brands,4675425000.0,base,420
2012,PBCT.OQ^D22,Peoples Uni,4670283312.09999,dead-redo,421
2012,POM.N^C16,Pepco Hldg,4582249675.62,dead-redo,422
2012,PWR.N,Quanta Services Inc,4526276602.38,base,423
2012,CTAS.OQ,Cintas Corporation,4515666541.36,base,424
2012,CVH.N^E13,Coventry Health,4459623243.35,dead-redo,425
2012,GL.N,Globe Life Inc.,4423185581.73,base,426
2012,SUN.N^J12,ETC Sunoco Hldg,4366476031.68,dead-redo,427
2012,NDAQ.OQ,Nasdaq Inc,4342641750.66,base,428
2012,IFF.N,International Flavors & Fragrances Inc.,4240661889.7,base,429
2012,ANF.N,Abercrombie,4198314141.12,base,430
2012,TEG.N^F15,Wec Acquisition,4194666003.48,dead-redo,431
2012,LDOS.N,"Leidos Holdings, Inc.",4193442252.00999,base,432
2012,STZ.N,"Constellation Brands, Inc.",4186304269.29,base,433
2012,LHX.N,"L3Harris Technologies, Inc.",4173578682.79999,base,434
2012,NRG.N,NRG Energy Inc,4167010393.32,base,435
2012,CVC.N^F16,Cablevision syst,4130298121.29999,dead-redo,436
2012,JBL.N,Jabil Inc.,4119201537.0,base,437
2012,HAS.OQ,"Hasbro, Inc.",4113320456.61,base,438
2012,TE.N^G16,Teco Energy,4097414095.64999,dead-redo,439
2012,RHI.N,Robert Half,4068642283.04,base,440
2012,X.N^F25,U. S. Steel,4056418561.23,dead-redo,441
2012,TSS.N^I19,TSYS,4013060256.45,dead-redo,442
2012,RDC.N^D19,Rowan,3999366656.0,dead-redo,443
2012,DHI.N,"D.R. Horton, Inc.",3988867379.64,base,444
2012,FLIR.OQ^E21,FLIR System,3976222060.49999,dead-redo,445
2012,URBN.OQ,Urban Outfitters,3974197859.83999,base,446
2012,MOLX.OQ^L13,Molex,3940055551.35,dead-redo,447
2012,EXPE.OQ,"Expedia Group, Inc.",3874545663.9,base,448
2012,NFLX.OQ,"Netflix, Inc.",3835979903.86,base,449
2012,AIZ.N,Assurant Inc,3781969138.42,base,450
2012,AMD.OQ,"Advanced Micro Devices, Inc.",3763382790.6,base,451
2012,MAS.N,Masco Corporation,3749744000.0,base,452
2012,PBI.N,Pitney Bowes,3701280659.04,base,453
2012,DXC.N,DXC Tech,3674940035.7,base,454
2012,DNB.N^B19,Dun & Bradstreet,3653971003.44,dead-redo,455
2012,WHR.N,Whirlpool,3627037572.6,base,456
2012,LEN.N,Lennar Corp,3547301702.95,base,457
2012,LSI.OQ^E14,LSI,3476726821.5,dead-redo,458
2012,GT.OQ,Goodyear Tire,3462527311.49,base,459
2012,LM.N^H20,Legg Mason,3425830715.25,dead-redo,460
2012,HCBK.OQ^K15,Hudson City Bcp,3399587634.415,dead-redo,461
2012,TRIP.OQ,Tripadvisor,3365861343.45,base,462
2012,SHLD.OQ^J18,Sears,3359240788.68,dead-redo,463
2012,ANDV.N^J18,Andeavor US,3355497172.74,dead-redo,464
2012,SEE.N^D26,Sealed Air,3336999174.52,dead-redo,465
2012,PDCO.OQ^D25,Patterson,3324794010.0,dead-redo,466
2012,GME.N,GameStop,3291915318.62,base,467
2012,TGNA.N^C26,Tegna,3290759116.73,dead-redo,468
2012,GNW.N,Genworth Fincl,3215599405.85,base,469
2012,OI.N,"O-i Glass, Inc",3183072983.75999,base,470
2012,TMUS.OQ,T-Mobile US Inc,3144414959.83999,base,471
2012,AVY.N,Avery Dennison Corp,3045733631.04,base,472
2012,ZION.OQ,Zions Bancorp,3000246637.52,base,473
2012,SNA.N,Snap-On Inc,2944874283.24,base,474
2012,FSLR.OQ,"First Solar, Inc.",2917703982.56,base,475
2012,GHC.N,Graham Holdings,2908778012.42,base,476
2012,RRD.N^B22,RR Donnelley,2833901999.99999,dead-redo,477
2012,AIV.N,Aimco,2770188859.04,base,478
2012,TIE.N^A13,Titanium Metals,2729300878.92,dead-redo,479
2012,NVLS.OQ^F12,Novellus Systems,2728503030.77999,dead-redo,480
2012,HAR.N^C17,HARMAN,2717966430.22,dead-redo,481
2012,R.N,Ryder,2716803756.0,base,482
2012,CVSA.N,Covista,2587472343.12,base,483
2012,LXK.N^K16,Lexmark Intl,2533502823.6,dead-redo,484
2012,TER.OQ,"Teradyne, Inc.",2508685637.99,base,485
2012,BIG.N^I24,Former Bl Stores,2506033683.2,dead-redo,486
2012,ETFC.OQ^J20,E*TRADE Financl,2419106882.24,dead-redo,487
2012,PHM.N,"PulteGroup, Inc.",2415346608.22,base,488
2012,VIAV.OQ,Viavi Solutions,2350298224.44,base,489
2012,RVTY.N,"Revvity, Inc.",2261670660.0,base,490
2012,THC.N,Tenet Healthcare,2228210385.39,base,491
2012,FHN.N,First Horizon,2108952320.0,base,492
2012,DF.N^K19,Dean Foods,2002320636.9,dead-redo,493
2012,CPWR.OQ^L14,Compuware,1799578367.92,dead-redo,494
2012,SVU.N^J18,Supervalu,1795459505.76,dead-redo,495
2012,FHI.N,Federated Hermes,1572061566.0,base,496
2012,VTRS.OQ,Viatris Inc.,469102099.84,base,497
2013,AAPL.OQ,Apple Inc.,515524346190.0,base,1
2013,XOM.N,Exxonmobil Holdings Corp,399372420000.0,base,2
2013,GOOGL.OQ,Alphabet Inc.,237655749364.0,base,3
2013,MSFT.OQ,Microsoft Corporation,232462694001.42,base,4
2013,WMT.OQ,Walmart Inc,231624268387.8,base,5
2013,BRKb.N,Berkshire Hathaway Inc,230843866989.2,base,6
2013,GE.N,General Electric Company,223777642000.0,base,7
2013,IBM.N,International Business Machines Corporation,221862237931.949,base,8
2013,CVX.N,Chevron Corporation,216053222070.56,base,9
2013,JNJ.N,Johnson & Johnson,196316170398.04,base,10
2013,T.N,AT&T Inc,195335000000.0,base,11
2013,PFE.N,Pfizer Inc.,190764280110.48,base,12
2013,PG.N,The Procter & Gamble Company,189549265804.38,base,13
2013,WFC.N,Wells Fargo & Co,184583815000.0,base,14
2013,JPM.N,JPMorgan Chase & Co,169886640000.0,base,15
2013,KO.N,Coca-Cola Co,168642072625.6,base,16
2013,ORCL.N,Oracle Corporation,164232762930.0,base,17
2013,PM.N,Philip Morris International Inc,144903761755.38,base,18
2013,BAC.N,Bank of America Corporation,130665715920.0,base,19
2013,VZ.N,Verizon Communications Inc,126567930000.0,base,20
2013,MRK.N,Merck & Co Inc,125676573875.58,base,21
2013,C.N,Citigroup Inc,124942125000.0,base,22
2013,AMZN.OQ,Amazon.com Inc,116818740000.0,base,23
2013,QCOM.OQ,QUALCOMM Incorporated,111111000000.0,base,24
2013,CSCO.OQ,Cisco Systems Inc,107990111764.44,base,25
2013,PEP.OQ,"PepsiCo, Inc.",107243353293.66,base,26
2013,INTC.OQ,Intel Corp,106386880000.0,base,27
2013,V.N,Visa Inc.,103849377162.64,base,28
2013,CMCSA.OQ,Comcast Corporation,100861224334.3,base,29
2013,HD.N,"The Home Depot, Inc.",94913994342.5999,base,30
2013,SLB.N,SLB N.V.,94837462192.2,base,31
2013,DIS.N,The Walt Disney Company,90555441302.9,base,32
2013,MCD.N,McDonald's Corp,90478374165.96,base,33
2013,RTX.N,RTX Corporation,76989740352.0,base,34
2013,UPS.N,United Parcel Service Inc,72800559340.47,base,35
2013,COP.N,ConocoPhillips,71874701693.61,base,36
2013,EBAY.OQ,eBay Inc.,69344677907.54,base,37
2013,AMGN.OQ,Amgen Inc,68409721339.85,base,38
2013,MMM.N,3M Company,66426058865.18,base,39
2013,MO.N,Altria Group Inc,65896952038.4399,base,40
2013,AXP.N,American Express Company,65744900255.0,base,41
2013,MA.N,Mastercard Incorporated,63406636997.5799,base,42
2013,OXY.N,Occidental Petroleum Corp,63323974405.6,base,43
2013,TFCFA.OQ^C19,Tfcf,62062502423.08,dead-redo,44
2013,GS.N,Goldman Sachs Group Inc,61872777009.2,base,45
2013,USB.N,U.S. Bancorp,61620930000.0,base,46
2013,CAT.N,Caterpillar Inc,61247034095.5,base,47
2013,CVS.N,CVS Health Corporation,61156080000.0,base,48
2013,UNP.N,Union Pacific Corporation,60427219430.52,base,49
2013,BA.N,Boeing Co,58116705372.81,base,50
2013,LLY.N,Eli Lilly and Company,57454003621.57,base,51
2013,GILD.OQ,"Gilead Sciences, Inc.",56869070214.06,base,52
2013,UNH.N,UnitedHealth Group Inc,55712207767.5,base,53
2013,BMY.N,Bristol-Myers Squibb Company,53994032577.89,base,54
2013,AIG.N,"American International Group, Inc.",53855588050.56,base,55
2013,EMC.N^I16,EMC US,51339182350.0,dead-redo,56
2013,MON.N^F18,Monsanto,51084441070.74,dead-redo,57
2013,HON.OQ,Honeywell International Inc,50723347748.5,base,58
2013,ABT.N,Abbott Laboratories,50660400970.85,base,59
2013,F.N,Ford Motor Co,50327138347.2,base,60
2013,CL.N,Colgate-Palmolive Company,50229531015.34,base,61
2013,SPG.N,Simon Property Group Inc,49522631075.2,base,62
2013,ACN.N,Accenture PLC,48065555858.64,base,63
2013,MDLZ.OQ,Mondelez International Inc,47394941013.84,base,64
2013,NKE.N,"NIKE, Inc.",46433698156.8,base,65
2013,TWX.N^F18,Time Warner,46394960000.0,dead-redo,66
2013,DUK.N,Duke Energy Corp,45767040000.0,base,67
2013,ESRX.OQ^L18,Evernorth Health,44657080000.0,dead-redo,68
2013,COST.OQ,Costco Wholesale Corp,44195320896.0,base,69
2013,MDT.N,Medtronic PLC,42355662570.0,base,70
2013,DD.N^I17,EIDP,42231611590.0,dead-redo,71
2013,SBUX.OQ,Starbucks Corp,40898000000.0,base,72
2013,LOW.N,Lowe's Companies Inc,40702065298.5099,base,73
2013,DOW.N^I17,Dow Chem,39754527208.5,dead-redo,74
2013,DHR.N,Danaher Corporation,39517500000.0,base,75
2013,EMR.N,Emerson Electric Co,39507362076.0,base,76
2013,MS.N,Morgan Stanley,38736161009.46,base,77
2013,MET.N,"MetLife, Inc.",38373255000.0,base,78
2013,TGT.N,Target Corp,38279728137.32,base,79
2013,SO.N,Southern Co,38268339490.48,base,80
2013,APC.N^H19,Anadarko Petrol,38146621644.25,dead-redo,81
2013,KMI.N,"Kinder Morgan, Inc.",37871084209.27,base,82
2013,BAX.N,Baxter International Inc.,37165416288.0,base,83
2013,TXN.OQ,Texas Instruments Inc,36213144283.8,base,84
2013,BLK.N,"BlackRock, Inc.",36072428980.15,base,85
2013,WBA.OQ^H25,Walgreens Hldg,35715508086.81,dead-redo,86
2013,COF.N,Capital One Financial Corp,35648106000.0,base,87
2013,BIIB.OQ,Biogen Inc.,35489538300.0,base,88
2013,PSX.N,Phillips 66,34582066305.84,base,89
2013,CELG.OQ^K19,Celgene,34545371484.28,dead-redo,90
2013,DE.N,Deere & Co,34149353670.6,base,91
2013,LYB.N,LyondellBasell Industries N.V.,34033701242.77,base,92
2013,KMB.OQ,Kimberly-Clark Corporation,33799248227.64,base,93
2013,EOG.N,"EOG Resources, Inc.",33502561956.32,base,94
2013,LIN.OQ,Linde PLC,33450494502.62,base,95
2013,FCX.N,Freeport-McMoRan Inc,33387543391.78,base,96
2013,HAL.N,Halliburton Company,33138410056.4,base,97
2013,BKNG.OQ,Booking Holdings Inc.,31834110302.3999,base,98
2013,APA.OQ,APA Corporation,31650079999.9999,base,99
2013,TJX.N,"The TJX Companies, Inc.",31481839274.85,base,100
2013,PNC.N,"The PNC Financial Services Group, Inc.",31437120000.0,base,101
2013,BNY.N,Bank of New York Mellon Corp,31274611200.0,base,102
2013,AMT.N,American Tower Corporation,31252643662.05,base,103
2013,DTV.OQ^G15,DIRCTV,31185441628.0599,dead-redo,104
2013,D.N,"Dominion Energy, Inc.",30408360935.4,base,105
2013,YUM.N,"Yum! Brands, Inc.",30343467859.44,base,106
2013,LMT.N,Lockheed Martin Corp,30181000248.9899,base,107
2013,NOV.N,Nov,29902059672.88,base,108
2013,NEE.N,"NextEra Energy, Inc.",29844492550.0399,base,109
2013,AGN.N^C15,Allerg,29686340035.8,dead-redo,110
2013,FDX.N,FedEx Corp,29637996940.5,base,111
2013,TWC.N^E16,TWC,29540631212.82,dead-redo,112
2013,HPQ.N,HP Inc,29261183726.02,base,113
2013,ITW.N,Illinois Tool Works Inc,28724584267.0799,base,114
2013,ADP.OQ,Automatic Data Processing Inc,28346822597.5299,base,115
2013,VIAB.OQ^L19,Viacom,28044306105.21,dead-redo,116
2013,PCP.N^B16,Precision Cast,27941758064.3,dead-redo,117
2013,CB.N,Chubb Limited,27792920529.84,base,118
2013,COV.N^A15,Covidien,27598576776.1,dead-redo,119
2013,BEN.N,"Franklin Templeton, Inc.",27591794902.9899,base,120
2013,TRV.N,"The Travelers Companies, Inc.",27497364000.0,base,121
2013,KRFT.OQ^G15,Kraft Foods Grp,27008064314.42,dead-redo,122
2013,GIS.N,General Mills Inc,26717346637.36,base,123
2013,ETN.N,Eaton Corporation PLC,26267314000.0,base,124
2013,PRU.N,Prudential Financial Inc,25993280000.0,base,125
2013,EXC.OQ,Exelon Corp,25474722101.64,base,126
2013,AFL.N,Aflac Incorporated,25353796785.91,base,127
2013,GD.N,General Dynamics Corp,25185143200.0799,base,128
2013,LUMN.N,Lumen Tech,25082926033.34,base,129
2013,PSA.N,Public Storage,25076135208.6,base,130
2013,PSKY.OQ,Paramount Skydance Corp,24966862611.2999,base,131
2013,MOS.N,Mosaic Co,24481460309.94,base,132
2013,CRM.N,"Salesforce, Inc.",24306140000.0,base,133
2013,RAI.N^G17,Reynolds Amricn,23895047135.25,dead-redo,134
2013,EL.N,Estee Lauder Companies Inc,23622834732.11,base,135
2013,TMO.N,Thermo Fisher Scientific Inc,23413968305.0,base,136
2013,AABA.OQ^J19,Altaba,23393573743.24,dead-redo,137
2013,NEM.N,Newmont Corporation,23053042574.1,base,138
2013,WMB.N,"The Williams Companies, Inc.",22938454477.86,base,139
2013,CTSH.OQ,Cognizant Technology Solutions Corporation,22856601748.5,base,140
2013,MCK.N,McKesson Corp,22730002707.1999,base,141
2013,STT.N,State Street Corporation,22459531209.28,base,142
2013,MRO.N^K24,Marathn Oil,22315721464.53,dead-redo,143
2013,CCL.N,Carnival Corporation Ltd,22293187537.5,base,144
2013,CCI.N,Crown Castle Inc,22016257422.0,base,145
2013,ECL.N,Ecolab Inc.,21771871857.76,base,146
2013,MPC.N,Marathon Petroleum Corporation,21711110871.1,base,147
2013,CMI.N,Cummins Inc,21547782306.63,base,148
2013,PPG.N,"PPG Industries, Inc.",21246694040.6,base,149
2013,DVN.N,Devon Energy Corporation,21246300000.0,base,150
2013,SYK.N,Stryker Corporation,21245609136.84,base,151
2013,AEP.OQ,American Electric Power Company Inc,21199424350.5,base,152
2013,TFC.N,Truist Financial Corporation,21040820960.0,base,153
2013,JCI.N^I16,Johnson Cntrl,21000000000.0,manual-fix,154
2013,CSX.OQ,CSX Corporation,20802892626.23,base,155
2013,DOC.N,"Healthpeak Properties, Inc",20587085867.7,base,156
2013,K.N^L25,Kellanova,20257863131.52,dead-redo,157
2013,CB.N^A16,Chubb NJ,20224719711.84,dead-redo,158
2013,NSC.N,Norfolk Southern Corp,20002373178.65,base,159
2013,DFS.N^E25,Discover Fincl,19888168647.6,dead-redo,160
2013,ISRG.OQ,Intuitive Surgical Inc,19782982786.32,base,161
2013,ALL.N,Allstate Corp,19715640000.0,base,162
2013,VLO.N,Valero Energy Corp,19639601648.12,base,163
2013,RTN.N^D20,Raytheon,19343400880.0,dead-redo,164
2013,MRSH.N,Marsh & McLennan Companies Inc,19336616365.44,base,165
2013,VTR.N,"Ventas, Inc.",19258348487.3999,base,166
2013,SCHW.N,The Charles Schwab Corporation,19228482680.68,base,167
2013,ALXN.OQ^G21,Alexion Pharmas,19133242047.28,dead-redo,168
2013,DELL.OQ^J13,Dell,19005751927.5799,dead-redo,169
2013,GLW.N,Corning Incorporated,19005041021.28,base,170
2013,ADBE.OQ,Adobe Inc,18980394169.14,base,171
2013,ADM.N,Archer-Daniels-Midland Co,18881096939.13,base,172
2013,HNZ.N^F13,Kraft Heinz Food,18796998163.14,dead-redo,173
2013,SYY.N,Sysco Corporation,18750919368.5,base,174
2013,VMRK.N,Vivmark Residential,18531365824.54,base,175
2013,BKR.OQ,Baker Hughes Company,18522323897.0,base,176
2013,HES.N^G25,Hess,18510796841.4,dead-redo,177
2013,ELV.N,Elevance Health Inc,18498690074.92,base,178
2013,SE.N^B17,Spectra Energy,18408614151.57,dead-redo,179
2013,NBL.OQ^J20,Noble Energy,18365464052.52,dead-redo,180
2013,INTU.OQ,Intuit Inc.,18346064549.4,base,181
2013,AON.N,Aon PLC,18301067920.55,base,182
2013,BRCM.OQ^B16,Broadcom Co,17938340000.0,dead-redo,183
2013,APD.N,"Air Products and Chemicals, Inc.",17826654080.34,base,184
2013,IP.N,International Paper Co,17780986394.68,base,185
2013,PCG.N,PG&E Corp,17562709713.78,base,186
2013,FE.N,FirstEnergy Corp,17556726025.26,base,187
2013,S.N^G13,Sprint Commns DE,17486853590.58,dead-redo,188
2013,SRE.N,Sempra,17456854695.48,base,189
2013,PLD.N,"Prologis, Inc.",17231828830.65,base,190
2013,CME.OQ,CME Group Inc.,17115958638.46,base,191
2013,TROW.OQ,"T. Rowe Price Group, Inc.",17070863594.24,base,192
2013,WFM.OQ^H17,Whole Foods,17027479360.32,dead-redo,193
2013,PPL.N,PPL Corp,16872835151.06,base,194
2013,ED.N,"Consolidated Edison, Inc.",16574067655.64,base,195
2013,VFC.N,VF,16563279895.68,base,196
2013,PCAR.OQ,Paccar Inc,16430057713.68,base,197
2013,NOC.N,Northrop Grumman Corp,16306932884.04,base,198
2013,L.N,Loews Corporation,16271454000.0,base,199
2013,HSY.N,The Hershey Company,16206807696.82,base,200
2013,BXP.N,"BXP, Inc.",16168268939.85,base,201
2013,SHW.N,Sherwin-Williams Co,16154812750.68,base,202
2013,TEL.N,TE Connectivity PLC,16083114678.4,base,203
2013,WELL.N,Welltower Inc.,15874382605.67,base,204
2013,WY.N,Weyerhaeuser Company,15810755950.0,base,205
2013,CI.N,The Cigna Group,15769715181.08,base,206
2013,WM.N,Waste Management Inc,15768874000.0,base,207
2013,MSI.N,Motorola Solutions Inc,15764124447.0,base,208
2013,PEG.N,Public Service Enterprise Group Incorporated,15647329720.95,base,209
2013,TPR.N,"Tapestry, Inc.",15639821485.63,base,210
2013,WBD.OQ,"Warner Bros. Discovery, Inc.",15619495638.43,base,211
2013,SPGI.N,S&P Global Inc,15473444000.0,base,212
2013,STI.N^L19,SunTrust Banks,15430396170.0,dead-redo,213
2013,BDX.N,Becton Dickinson and Co,15410213446.95,base,214
2013,LO.N^F15,Lorillard,15391056514.3,dead-redo,215
2013,AVB.N^H26,Avalonbay US,15347793279.28,dead-redo,216
2013,M.N,Macy's,15143016740.82,base,217
2013,AET.N^K18,Aetna,15142815000.0,dead-redo,218
2013,VNO.N,Vornado Realty,15110572814.1199,base,219
2013,GAP.N,Gap,15039385072.24,base,220
2013,EIX.N,Edison International,14990573588.06,base,221
2013,TT.N,Trane Technologies PLC,14890562261.55,base,222
2013,A.N,Agilent Technologies Inc,14571498702.72,base,223
2013,GWW.N,WW Grainger Inc,14436107649.2899,base,224
2013,CAM.N^D16,Cameron Intl,14267478253.56,dead-redo,225
2013,NUE.N,Nucor Corporation,14223848447.6,base,226
2013,MJN.N^F17,Mead Johnson,14201471161.2,dead-redo,227
2013,FAST.OQ,Fastenal Company,14186378000.0,base,228
2013,AMAT.OQ,Applied Materials Inc,14174302596.84,base,229
2013,CAH.N,"Cardinal Health, Inc.",14165351031.81,base,230
2013,DG.N,Dollar General Corp,14108342603.08,base,231
2013,VAL.N^H20,Valaris,14089746471.36,dead-redo,232
2013,RL.N,Ralph Lauren Corporation,13914869412.6,base,233
2013,FITB.N,Fifth Third Bancorp,13911537040.0,base,234
2013,CERN.OQ^F22,Cerner,13761160070.4499,dead-redo,235
2013,PXD.N^E24,Pioneer Natl Rsc,13717845663.6144,dead-redo,236
2013,KR.N,Kroger Co,13671100650.87,base,237
2013,BBWI.N,Bath & Body,13668814171.8,base,238
2013,OMC.N,Omnicom Group Inc,13594733676.0,base,239
2013,BFb.N,Brown-Forman Corporation,13584145644.48,base,240
2013,GEN.OQ,Gen Digital Inc.,13527621049.6,base,241
2013,AMP.N,Ameriprise Financial Inc,13435692633.6,base,242
2013,XEL.OQ,Xcel Energy Inc,13351023087.34,base,243
2013,ADI.OQ,"Analog Devices, Inc.",13261123744.0,base,244
2013,PGR.N,The Progressive Corporation,13113774000.0,base,245
2013,PH.N,Parker-Hannifin Corp,13075215087.7799,base,246
2013,CF.N,CF Industries Holdings Inc,13029299620.92,base,247
2013,AZO.N,"AutoZone, Inc.",12965984649.36,base,248
2013,MTB.N,M&T Bank Corporation,12932439512.02,base,249
2013,BBBY.OQ^E23,20230930-DK,12803797672.0,dead-redo,250
2013,SWK.N,Stanley Black & Decker Inc,12733183325.3599,base,251
2013,MAT.OQ,Mattel,12627284206.4,base,252
2013,ES.N,Eversource Energy,12501218343.46,base,253
2013,NTRS.OQ,Northern Trust Corporation,12423986190.0,base,254
2013,APTV.N,APTIV PLC,12346501075.1999,base,255
2013,CTXS.OQ^J22,Citrix Systems,12315180546.8256,dead-redo,256
2013,NTAP.OQ,NetApp Inc,12289137872.9,base,257
2013,MAR.OQ,"Marriott International, Inc.",12239799509.25,base,258
2013,CAG.N,Conagra Brands,12186063794.85,base,259
2013,ROST.OQ,Ross Stores Inc,12106403511.48,base,260
2013,STX.OQ,Seagate Technology Holdings PLC,12060938475.9,base,261
2013,DOV.N,Dover Corp,12036696546.96,base,262
2013,ROK.N,Rockwell Automation Inc,12035703029.61,base,263
2013,IVZ.N,Invesco Ltd,11971373182.72,base,264
2013,WYNN.OQ,"Wynn Resorts, Limited",11909332685.84,base,265
2013,MUR.N,Murphy Oil,11773000946.98,base,266
2013,ZBH.N,"Zimmer Biomet Holdings, Inc.",11746093388.6,base,267
2013,SWN.N^J24,Swestn Energy,11726324984.47,dead-redo,268
2013,HST.OQ,"Host Hotels & Resorts, Inc.",11697469438.5,base,269
2013,HOT.N^I16,Starwood Hotls,11676321933.48,dead-redo,270
2013,PAYX.OQ,"Paychex, Inc.",11584367658.5,base,271
2013,MCO.N,Moody's Corporation,11560241000.0,base,272
2013,ETR.N,Entergy Corp,11512550000.0,base,273
2013,STJ.N^A17,St Jude Med,11331677482.5,dead-redo,274
2013,HOG.N,Harley Davidson,11310632970.89,base,275
2013,CPB.OQ,Campbell's Co,11293870745.04,base,276
2013,ALTR.OQ^L15,Altera,11280948351.21,dead-redo,277
2013,ROP.OQ,"Roper Technologies, Inc.",11259288992.88,base,278
2013,CHK.N^F20,Expand Energy,11146271125.08,dead-redo,279
2013,JWN.N^E25,Nordstrom,11059214503.42,dead-redo,280
2013,AGN.N^E20,Allergan,10976862279.84,dead-redo,281
2013,APH.N,Amphenol Corp,10916102830.88,base,282
2013,FISV.OQ,Fiserv Inc,10848659105.28,base,283
2013,HUM.N,Humana Inc.,10828833792.1999,base,284
2013,SNDK.OQ^E16,Sandsk,10803112682.08,dead-redo,285
2013,TDC.N,Teradata,10773361000.0,base,286
2013,RSG.N,Republic Services Inc,10769673418.23,base,287
2013,EMN.N,Eastman Chemical,10743004043.88,base,288
2013,ADT.N^E16,ADT Security,10719086154.21,dead-redo,289
2013,EW.N,Edwards Lifesciences Corporation,10633965025.14,base,290
2013,WDC.OQ,Western Digital Corp,10582062800.16,base,291
2013,DTE.N,DTE Energy Company,10579071279.4399,base,292
2013,FIS.N,Fidelity National Information Services Inc,10502359595.64,base,293
2013,CTRA.N^E26,Coterra Energy,10488991041.06,dead-redo,294
2013,PNR.N,Pentair PLC,10432616850.6,base,295
2013,DVA.N,DaVita Inc,10417680000.0,base,296
2013,RHT.N^G19,Red Hat,10415108648.4299,dead-redo,297
2013,JNPR.N^G25,Juniper Networks,10399146842.35,dead-redo,298
2013,HIG.N,"The Hartford Insurance Group, Inc.",10344673000.0,base,299
2013,AMCR.N,Amcor PLC,10329144870.2881,base,300
2013,RF.N,Regions Financial Corporation,10329051930.0,base,301
2013,ORLY.OQ,"O'Reilly Automotive, Inc.",10301053257.44,base,302
2013,FTI.N^A17,FMC Technologies,10248530557.14,dead-redo,303
2013,CA.OQ^K18,CA,10215150000.0,dead-redo,304
2013,CHRW.OQ,"C.H. Robinson Worldwide, Inc.",10180917226.2799,base,305
2013,FLR.N,Fluor,10157078280.0,base,306
2013,GPC.N,Genuine Parts Co,10106758915.75,base,307
2013,RRC.N,Range Resource,10091137268.3,base,308
2013,COR.N,"Cencora, Inc.",10035168155.34,base,309
2013,PRGO.N,Perrigo Company,10028605800.0,base,310
2013,DO.N^D20,Diamond Offshore,9780782871.3,dead-redo,311
2013,SJM.N,The J. M. Smucker Company,9724863680.38,base,312
2013,KSS.N,Kohls,9708722353.26,base,313
2013,BEAM.N^E14,Suntory Global,9694745889.57,dead-redo,314
2013,CLX.N,The Clorox Company,9666453692.66,base,315
2013,XLNX.OQ^B22,Xilinx,9659355762.6,dead-redo,316
2013,FRX.N^G14,Forest Labs,9651177591.84,dead-redo,317
2013,HWM.N,Howmet Aerospace Inc.,9594145557.47,base,318
2013,CMG.N,"Chipotle Mexican Grill, Inc.",9482204425.72,base,319
2013,CCEP.OQ,Coca-Cola UK,9389373673.17,base,320
2013,KDP.OQ,Keurig Dr Pepper Inc,9361345159.2,base,321
2013,DGX.N,Quest Diagnostics Inc,9325038594.76,base,322
2013,MNST.OQ,Monster Beverage Corporation,9293387453.56999,base,323
2013,NE.N^H20,Noble Corp,9211656866.85,dead-redo,324
2013,ICE.N,Intercontinental Exchange Inc,9084025125.72,base,325
2013,DLTR.OQ,Dollar Tree Inc,9065532766.5,base,326
2013,SIAL.OQ^K15,Sigma Aldrich,9061732910.29,dead-redo,327
2013,OKE.N,"ONEOK, Inc.",9025482517.7,base,328
2013,SNI.OQ^C18,Scripps Networks,8971724674.49,dead-redo,329
2013,XRX.OQ,Xerox Hlngs,8798920680.0,base,330
2013,LIFE.OQ^B14,Life Tech Corp,8726732510.88,dead-redo,331
2013,EQT.N,EQT Corporation,8725449697.2,base,332
2013,BWA.N,Borgwarner,8720437450.42,base,333
2013,WEC.N,"WEC Energy Group, Inc.",8664439740.03999,base,334
2013,MKC.N,"McCormick & Company, Incorporated",8651729496.82,base,335
2013,KMX.N,Carmax,8606546109.16,base,336
2013,EXPD.N,Expeditors International of Washington Inc,8547353984.0,base,337
2013,PFG.OQ,Principal Financial Group Inc,8540444200.96,base,338
2013,EXPE.OQ,"Expedia Group, Inc.",8530410614.0,base,339
2013,HRL.N,Hormel Foods Corp,8438230299.17999,base,340
2013,CNP.N,"CenterPoint Energy, Inc.",8386406899.56,base,341
2013,BCR.N^L17,CR Bard,8350548443.45,dead-redo,342
2013,WHR.N,Whirlpool,8343587352.03,base,343
2013,ADSK.OQ,"Autodesk, Inc.",8300417999.99999,base,344
2013,LLTC.OQ^C17,Linear Tech,8286166749.97,dead-redo,345
2013,LH.N,Labcorp Holdings Inc.,8285068000.0,base,346
2013,KLAC.OQ,KLA Corporation,8254176507.48,base,347
2013,COL.N^K18,Rockwell Collins,8241197381.76,dead-redo,348
2013,KEY.N,KeyCorp,8219792099.99999,base,349
2013,GRMN.N,Garmin Ltd.,8217985626.45,base,350
2013,AES.N,The AES Corporation,8183571990.0,base,351
2013,FMC.N,FMC,8180373860.76,base,352
2013,SRCL.OQ^K24,Stericycle,8162079280.03,dead-redo,353
2013,VAR.N^D21,Varian Med Syst,8060845459.2,dead-redo,354
2013,SLM.OQ,SLM,8041562841.59999,base,355
2013,FFIV.OQ,F5 Inc,7992782304.04,base,356
2013,BSX.N,Boston Scientific Corp,7985141653.83999,base,357
2013,KIM.N,Kimco Realty Corp,7960878478.98,base,358
2013,NVDA.OQ,NVIDIA Corporation,7948102150.56,base,359
2013,SPLS.OQ^I17,Staples,7918109340.5,dead-redo,360
2013,WU.N,Western Union,7872096000.0,base,361
2013,NYX.N^K13,NYSE Euronext,7839179999.99999,dead-redo,362
2013,NI.N,NiSource Inc.,7821317285.0,base,363
2013,TNL.N,Travel + Leisure,7734307216.5,base,364
2013,LUV.N,Southwest Airlines Co,7726644694.92,base,365
2013,WAT.N,Waters Corp,7713694662.59999,base,366
2013,TIF.N^A21,Tiffany,7641940397.08,dead-redo,367
2013,XL.N^I18,XL Grp,7629361828.74,dead-redo,368
2013,AEE.N,Ameren Corporation,7599317895.72,base,369
2013,FLS.N,Flowserve,7598102042.25,base,370
2013,LNC.N,LNC,7538183900.3,base,371
2013,AKAM.OQ,Akamai Technologies Inc,7504479999.99999,base,372
2013,PETM.OQ^C15,PetSmart,7464140277.9,dead-redo,373
2013,LEN.N,Lennar Corp,7396339062.02,base,374
2013,NRG.N,NRG Energy Inc,7380367742.9,base,375
2013,PCL.N^B16,Plum Creek Timb,7372620000.0,dead-redo,376
2013,ARG.N^E16,Airgas,7324419627.0,dead-redo,377
2013,LLL.N^G19,L3 Tech,7282025637.88,dead-redo,378
2013,PHM.N,"PulteGroup, Inc.",7185508810.8,base,379
2013,TXT.N,Textron Inc,7180915651.0,base,380
2013,BTU.N^D16,Peabody Energy,7149801308.4,dead-redo,381
2013,BALL.N,Ball Corp,7084881146.25,base,382
2013,TSN.N,Tyson Foods Inc,7083600129.18,base,383
2013,CNX.N,CNX Resources,7063474266.31,base,384
2013,VMC.N,Vulcan Materials Co,6982657210.92,base,385
2013,PLL.N^H15,Pall,6953213104.42,dead-redo,386
2013,TAP.N,Molson Coors Beverage Company,6922915598.38,base,387
2013,JOY.N^D17,Komatsu Mining,6908705084.64,dead-redo,388
2013,STZ.N,"Constellation Brands, Inc.",6890490508.43,base,389
2013,MU.OQ,"Micron Technology, Inc.",6774405623.30999,base,390
2013,AVP.N^A20,Avon Prdcts,6737408978.62,dead-redo,391
2013,CBRE.N,"CBRE Group, Inc.",6703177609.12,base,392
2013,LRCX.OQ,Lam Research Corporation,6636078719.66999,base,393
2013,CMS.N,CMS Energy Corporation,6579704863.83,base,394
2013,MCHP.OQ,Microchip Technology Inc,6567934612.5,base,395
2013,DHI.N,"D.R. Horton, Inc.",6548770504.39,base,396
2013,EFX.N,Equifax Inc.,6546800924.58,base,397
2013,NWL.OQ,Newell Brands,6502636000.0,base,398
2013,CINF.OQ,Cincinnati Financial Corporation,6486298435.16999,base,399
2013,CFN.N^C15,Carefusion,6455540250.79,dead-redo,400
2013,FDO.N^G15,Family Dlr,6454988759.76,dead-redo,401
2013,DXC.N,DXC Tech,6447801008.5,base,402
2013,DNR.N^G20,Denbury,6385441491.0,dead-redo,403
2013,BMC.OQ^I13,BMC Software,6315306180.92,dead-redo,404
2013,TRIP.OQ,Tripadvisor,6308703649.91999,base,405
2013,PWR.N,Quanta Services Inc,6272054152.42,base,406
2013,VRSN.OQ,"VeriSign, Inc.",6216287815.1,base,407
2013,ANDV.N^J18,Andeavor US,6141227753.87,dead-redo,408
2013,MAS.N,Masco Corporation,6095697000.0,base,409
2013,SCG.N^A19,SCANA,6081023848.97,dead-redo,410
2013,IRM.N,Iron Mountain Inc,6080924945.36,base,411
2013,HP.N,Helmerich,6031791356.84999,base,412
2013,CVH.N^E13,Coventry Health,5988092792.64,dead-redo,413
2013,URBN.OQ,Urban Outfitters,5979415035.66,base,414
2013,CMA.N^B26,Comerica,5963360000.0,dead-redo,415
2013,JEF.N,Jefferies Fincl,5923790281.36,base,416
2013,UNM.N,Unum Group,5904133399.52,base,417
2013,DRI.N,Darden Restaurants Inc,5872822055.59999,base,418
2013,XRAY.OQ,Dentsply Sirona,5750949748.92,base,419
2013,PNW.N,Pinnacle West Capital Corporation,5736617174.8,base,420
2013,MWV.N^G15,Westrock MWV,5735205586.16,dead-redo,421
2013,LHX.N,"L3Harris Technologies, Inc.",5701878830.62,base,422
2013,J.N,Jacobs Solutions Inc,5692506137.5,base,423
2013,FOSL.OQ,Fossil Group,5644399008.28,base,424
2013,IFF.N,International Flavors & Fragrances Inc.,5575001993.34999,base,425
2013,HBAN.OQ,Huntington Bancshares Inc,5537279498.13,base,426
2013,CLF.N,Cleveland-Cliffs,5530275465.07,base,427
2013,QEP.N^C21,QEP Resources,5509151417.73,dead-redo,428
2013,HSP.N^I15,Hospira,5329993619.13999,dead-redo,429
2013,WIN.OQ^C19,Windstream Hldg,5222571978.0,dead-redo,430
2013,CTAS.OQ,Cintas Corporation,5176788503.77,base,431
2013,HRB.N,H&R Block,5170839605.33999,base,432
2013,IPG.N^K25,Interpublic Grp,5116263364.12,dead-redo,433
2013,NFLX.OQ,"Netflix, Inc.",5114575235.67,base,434
2013,XYL.N,Xylem Inc,5109336100.0,base,435
2013,GL.N,Globe Life Inc.,4988585163.0,base,436
2013,AN.N,AutoNation,4820596536.56,base,437
2013,GAS.N^G16,Southern Gas,4773712849.71,dead-redo,438
2013,SNA.N,Snap-On Inc,4708574751.14,base,439
2013,POM.N^C16,Pepco Hldg,4669313168.1,dead-redo,440
2013,HAS.OQ,"Hasbro, Inc.",4653969629.94,base,441
2013,MOLX.OQ^L13,Molex,4640938877.06,dead-redo,442
2013,RHI.N,Robert Half,4582456597.84,base,443
2013,EA.OQ^H26,Electronic Arts,4497695250.62,dead-redo,444
2013,HCBK.OQ^K15,Hudson City Bcp,4431694166.18,dead-redo,445
2013,JCP.N^E20,Old Copper Co,4409013450.86,dead-redo,446
2013,SWY.N^A15,Safeway US,4394264000.0,dead-redo,447
2013,FTR.OQ^D20,Frontier Comm,4363204650.0,dead-redo,448
2013,PBCT.OQ^D22,Peoples Uni,4338409483.2,dead-redo,449
2013,NBR.N,Nabors Inds,4297680846.8,base,450
2013,NDAQ.OQ,Nasdaq Inc,4248789922.72,base,451
2013,TGNA.N^C26,Tegna,4246466273.28,dead-redo,452
2013,TEG.N^F15,Wec Acquisition,4211889342.79999,dead-redo,453
2013,TSS.N^I19,TSYS,4181429247.83999,dead-redo,454
2013,RDC.N^D19,Rowan,4153049667.35999,dead-redo,455
2013,LSI.OQ^E14,LSI,4060066118.81999,dead-redo,456
2013,ZION.OQ,Zions Bancorp,4050540364.01999,base,457
2013,BBY.N,"Best Buy Co., Inc.",3992817520.31,base,458
2013,AIV.N,Aimco,3983563584.56,base,459
2013,JBL.N,Jabil Inc.,3961957367.2,base,460
2013,CVC.N^F16,Cablevision syst,3955293973.35,dead-redo,461
2013,LDOS.N,"Leidos Holdings, Inc.",3917386571.94,base,462
2013,IGT.N^D15,IGT,3911670000.0,dead-redo,463
2013,GNW.N,Genworth Fincl,3885472207.5,base,464
2013,ANF.N,Abercrombie,3784001964.44,base,465
2013,PDCO.OQ^D25,Patterson,3773992146.7545,dead-redo,466
2013,NFX.N^B19,Ovintiv Exp,3720002308.89,dead-redo,467
2013,RVTY.N,"Revvity, Inc.",3683294756.78,base,468
2013,TE.N^G16,Teco Energy,3672916000.0,dead-redo,469
2013,X.N^F25,U. S. Steel,3667627697.28,dead-redo,470
2013,OI.N,"O-i Glass, Inc",3590041850.68,base,471
2013,FLIR.OQ^E21,FLIR System,3579619381.74,dead-redo,472
2013,THC.N,Tenet Healthcare,3555216076.86,base,473
2013,AVY.N,Avery Dennison Corp,3533561875.24,base,474
2013,TMUS.OQ,T-Mobile US Inc,3531803319.49999,base,475
2013,DNB.N^B19,Dun & Bradstreet,3507737675.26999,dead-redo,476
2013,SEE.N^D26,Sealed Air,3501246762.0,dead-redo,477
2013,LM.N^H20,Legg Mason,3436393030.97,dead-redo,478
2013,GT.OQ,Goodyear Tire,3431928645.87,base,479
2013,ATI.N,ATI,3386897094.35999,base,480
2013,TER.OQ,"Teradyne, Inc.",3285533281.47,base,481
2013,VIAV.OQ,Viavi Solutions,3282338829.47,base,482
2013,DF.N^K19,Dean Foods,3178599961.68,dead-redo,483
2013,HAR.N^C17,HARMAN,3116861376.7,dead-redo,484
2013,GME.N,GameStop,3109479852.06,base,485
2013,WPX.N^A21,WPX Energy,3101386649.58,dead-redo,486
2013,AIZ.N,Assurant Inc,2792572116.08,base,487
2013,FSLR.OQ,"First Solar, Inc.",2784019609.91,base,488
2013,GHC.N,Graham Holdings,2729919940.0,base,489
2013,ETFC.OQ^J20,E*TRADE Financl,2629390729.46,dead-redo,490
2013,R.N,Ryder,2611336501.02,base,491
2013,FHN.N,First Horizon,2462775780.0,base,492
2013,APOL.OQ^B17,Apollo Edu Grp,2451099420.0,dead-redo,493
2013,FHI.N,Federated Hermes,2195801623.88,base,494
2013,PBI.N,Pitney Bowes,2166110540.87999,base,495
2013,AMD.OQ,"Advanced Micro Devices, Inc.",1801227951.70999,base,496
2013,BIG.N^I24,Former Bl Stores,1683559322.95999,dead-redo,497
2013,VTRS.OQ,Viatris Inc.,985005940.16,base,498
2014,AAPL.OQ,Apple Inc.,493698366363.5,base,1
2014,XOM.N,Exxonmobil Holdings Corp,432416250000.0,base,2
2014,GOOGL.OQ,Alphabet Inc.,371879376706.079,base,3
2014,MSFT.OQ,Microsoft Corporation,308428000000.0,base,4
2014,BRKb.N,Berkshire Hathaway Inc,289791179780.0,base,5
2014,GE.N,General Electric Company,278227647500.0,base,6
2014,JNJ.N,Johnson & Johnson,256835539645.69,base,7
2014,WMT.OQ,Walmart Inc,255334802451.3,base,8
2014,CVX.N,Chevron Corporation,238742697833.82,base,9
2014,WFC.N,Wells Fargo & Co,236679144000.0,base,10
2014,JPM.N,JPMorgan Chase & Co,218642581000.0,base,11
2014,PG.N,The Procter & Gamble Company,218376813286.94,base,12
2014,IBM.N,International Business Machines Corporation,201458563677.99,base,13
2014,PFE.N,Pfizer Inc.,197413417938.7,base,14
2014,AMZN.OQ,Amazon.com Inc,182668230000.0,base,15
2014,T.N,AT&T Inc,182648700000.0,base,16
2014,KO.N,Coca-Cola Co,179551418323.78,base,17
2014,BAC.N,Bank of America Corporation,171516513565.6,base,18
2014,ORCL.N,Oracle Corporation,170181956560.0,base,19
2014,C.N,Citigroup Inc,158336284000.0,base,20
2014,MRK.N,Merck & Co Inc,144606260023.75,base,21
2014,V.N,Visa Inc.,140520037027.02,base,22
2014,VZ.N,Verizon Communications Inc,140238000000.0,base,23
2014,META.OQ,"Meta Platforms, Inc.",138975052026.38,base,24
2014,PM.N,Philip Morris International Inc,137818335405.74,base,25
2014,DIS.N,The Walt Disney Company,134027716312.319,base,26
2014,CMCSA.OQ,Comcast Corporation,133141923864.3,base,27
2014,INTC.OQ,Intel Corp,128202090000.0,base,28
2014,PEP.OQ,"PepsiCo, Inc.",125908521084.599,base,29
2014,QCOM.OQ,QUALCOMM Incorporated,123690839999.999,base,30
2014,CSCO.OQ,Cisco Systems Inc,117625585110.0,base,31
2014,SLB.N,SLB N.V.,116117083374.579,base,32
2014,HD.N,"The Home Depot, Inc.",115502780836.56,base,33
2014,GILD.OQ,"Gilead Sciences, Inc.",115403276939.999,base,34
2014,RTX.N,RTX Corporation,103218795242.849,base,35
2014,BA.N,Boeing Co,102701142601.489,base,36
2014,MA.N,Mastercard Incorporated,99612034534.16,base,37
2014,MCD.N,McDonald's Corp,95930858111.2399,base,38
2014,UPS.N,United Parcel Service Inc,95917132745.28,base,39
2014,AXP.N,American Express Company,95174800000.0,base,40
2014,MMM.N,3M Company,91621109493.0699,base,41
2014,AMGN.OQ,Amgen Inc,87425225000.0,base,42
2014,BMY.N,Bristol-Myers Squibb Company,86064797487.54,base,43
2014,COP.N,ConocoPhillips,85487387146.44,base,44
2014,CVS.N,CVS Health Corporation,83793893356.8,base,45
2014,ABBV.N,AbbVie Inc.,82692996987.76,base,46
2014,GS.N,Goldman Sachs Group Inc,80172096331.7399,base,47
2014,TFCFA.OQ^C19,Tfcf,79888383613.38,dead-redo,48
2014,UNP.N,Union Pacific Corporation,76965625096.18,base,49
2014,MO.N,Altria Group Inc,75800561299.0,base,50
2014,UNH.N,UnitedHealth Group Inc,75073958302.87,base,51
2014,OXY.N,Occidental Petroleum Corp,74704600000.0,base,52
2014,AIG.N,"American International Group, Inc.",74242651109.33,base,53
2014,USB.N,U.S. Bancorp,72851304216.16,base,54
2014,HON.OQ,Honeywell International Inc,70871641334.8799,base,55
2014,CELG.OQ^K19,Celgene,69973525021.39,dead-redo,56
2014,EBAY.OQ,eBay Inc.,69830610132.66,base,57
2014,NKE.N,"NIKE, Inc.",69280301177.28,base,58
2014,BIIB.OQ,Biogen Inc.,66217570666.8999,base,59
2014,TWX.N^F18,Time Warner,61459650000.0,dead-redo,60
2014,MON.N^F18,Monsanto,61073207177.45,dead-redo,61
2014,MDLZ.OQ,Mondelez International Inc,61049343988.92,base,62
2014,F.N,Ford Motor Co,60902102184.7999,base,63
2014,MS.N,Morgan Stanley,60349285070.0,base,64
2014,MET.N,"MetLife, Inc.",59679180000.0,base,65
2014,CL.N,Colgate-Palmolive Company,59490924875.5,base,66
2014,ABT.N,Abbott Laboratories,59110677246.5799,base,67
2014,DD.N^I17,EIDP,59066849340.0,dead-redo,68
2014,BKNG.OQ,Booking Holdings Inc.,58907193489.92,base,69
2014,SBUX.OQ,Starbucks Corp,58155312000.0,base,70
2014,CAT.N,Caterpillar Inc,57321093875.54,base,71
2014,LLY.N,Eli Lilly and Company,57154934968.95,base,72
2014,MDT.N,Medtronic PLC,57145567966.56,base,73
2014,GM.N,General Motors Co,56878473424.5,base,74
2014,ESRX.OQ^L18,Evernorth Health,56406420000.0,dead-redo,75
2014,ACN.N,Accenture PLC,54931749144.5799,base,76
2014,WBA.OQ^H25,Walgreens Hldg,53988732413.7,dead-redo,77
2014,DHR.N,Danaher Corporation,53369745000.0,base,78
2014,DOW.N^I17,Dow Chem,52965857171.92,dead-redo,79
2014,HPQ.N,HP Inc,52796773147.68,base,80
2014,BLK.N,"BlackRock, Inc.",52777105866.4,base,81
2014,COST.OQ,Costco Wholesale Corp,51803696533.05,base,82
2014,LOW.N,Lowe's Companies Inc,51705773350.56,base,83
2014,EMC.N^I16,EMC US,50641400000.0,dead-redo,84
2014,EMR.N,Emerson Electric Co,48864522237.2999,base,85
2014,DUK.N,Duke Energy Corp,48106840000.0,base,86
2014,SPG.N,Simon Property Group Inc,47795688572.05,base,87
2014,TXN.OQ,Texas Instruments Inc,47175670213.4,base,88
2014,LMT.N,Lockheed Martin Corp,46787279715.36,base,89
2014,PSX.N,Phillips 66,45834560532.2,base,90
2014,TJX.N,"The TJX Companies, Inc.",45146902553.64,base,91
2014,EOG.N,"EOG Resources, Inc.",45046285159.02,base,92
2014,COF.N,Capital One Financial Corp,44241075000.0,base,93
2014,FDX.N,FedEx Corp,43640132998.14,base,94
2014,LYB.N,LyondellBasell Industries N.V.,43614743962.14,base,95
2014,HAL.N,Halliburton Company,42419804214.39,base,96
2014,PRU.N,Prudential Financial Inc,42021880000.0,base,97
2014,PNC.N,"The PNC Financial Services Group, Inc.",40827800000.0,base,98
2014,AABA.OQ^J19,Altaba,40699425798.1599,dead-redo,99
2014,TGT.N,Target Corp,39935300822.82,base,100
2014,TMO.N,Thermo Fisher Scientific Inc,39616696331.59,base,101
2014,KMB.OQ,Kimberly-Clark Corporation,39542272000.0,base,102
2014,BNY.N,Bank of New York Mellon Corp,39476160000.0,base,103
2014,APC.N^H19,Anadarko Petrol,39410833914.78,dead-redo,104
2014,FCX.N,Freeport-McMoRan Inc,39065778557.91,base,105
2014,PCP.N^B16,Precision Cast,38898139588.28,dead-redo,106
2014,VIAB.OQ^L19,Viacom,38650284982.42,dead-redo,107
2014,ADP.OQ,Automatic Data Processing Inc,38351077797.7799,base,108
2014,LIN.OQ,Linde PLC,38120059911.5,base,109
2014,PSKY.OQ,Paramount Skydance Corp,37956685932.72,base,110
2014,TWC.N^E16,TWC,37604111192.6,dead-redo,111
2014,BAX.N,Baxter International Inc.,37549247151.57,base,112
2014,NEE.N,"NextEra Energy, Inc.",37354046093.0,base,113
2014,KMI.N,"Kinder Morgan, Inc.",37197364737.96,base,114
2014,ITW.N,Illinois Tool Works Inc,36922872571.68,base,115
2014,D.N,"Dominion Energy, Inc.",36904094748.62,base,116
2014,MCK.N,McKesson Corp,36857106846.56,base,117
2014,DTV.OQ^G15,DIRCTV,36276517198.88,dead-redo,118
2014,SO.N,Southern Co,36132720000.0,base,119
2014,ETN.N,Eaton Corporation PLC,35820005000.0,base,120
2014,BEN.N,"Franklin Templeton, Inc.",35781028866.96,base,121
2014,CB.N,Chubb Limited,34601691930.3,base,122
2014,JCI.N^I16,Johnson Cntrl,34000000000.0,manual-fix,123
2014,NOV.N,Nov,33854831211.0599,base,124
2014,APA.OQ,APA Corporation,33850080000.0,base,125
2014,DE.N,Deere & Co,33519601486.28,base,126
2014,GD.N,General Dynamics Corp,33484914731.5,base,127
2014,YUM.N,"Yum! Brands, Inc.",33439873026.93,base,128
2014,AGN.N^C15,Allerg,33300020673.14,dead-redo,129
2014,SCHW.N,The Charles Schwab Corporation,33287588078.18,base,130
2014,CRM.N,"Salesforce, Inc.",33080580000.0,base,131
2014,STT.N,State Street Corporation,32117329328.3599,base,132
2014,KRFT.OQ^G15,Kraft Foods Grp,31849379512.75,dead-redo,133
2014,TRV.N,"The Travelers Companies, Inc.",31578155000.0,base,134
2014,AMT.N,American Tower Corporation,31354143789.15,base,135
2014,ECL.N,Ecolab Inc.,31271849261.29,base,136
2014,GIS.N,General Mills Inc,30852094899.6,base,137
2014,COV.N^A15,Covidien,30681942297.3999,dead-redo,138
2014,AFL.N,Aflac Incorporated,30302881479.9999,base,139
2014,CTSH.OQ,Cognizant Technology Solutions Corporation,29898812474.44,base,140
2014,ADBE.OQ,Adobe Inc,29638319499.25,base,141
2014,AGN.N^E20,Allergan,29243537063.06,dead-redo,142
2014,CSX.OQ,CSX Corporation,28636300698.25,base,143
2014,EL.N,Estee Lauder Companies Inc,28596037079.6099,base,144
2014,RTN.N^D20,Raytheon,28375503039.9999,dead-redo,145
2014,ADM.N,Archer-Daniels-Midland Co,28286133739.2,base,146
2014,SYK.N,Stryker Corporation,28241405865.35,base,147
2014,NSC.N,Norfolk Southern Corp,28203686886.62,base,148
2014,VFC.N,VF,27466215170.64,base,149
2014,REGN.OQ,"Regeneron Pharmaceuticals, Inc.",27299363259.2399,base,150
2014,VLO.N,Valero Energy Corp,26907969856.3299,base,151
2014,PPG.N,"PPG Industries, Inc.",26833756467.96,base,152
2014,ELV.N,Elevance Health Inc,26773655760.7199,base,153
2014,MPC.N,Marathon Petroleum Corporation,26548716000.0,base,154
2014,RAI.N^G17,Reynolds Amricn,26379551686.35,dead-redo,155
2014,WMB.N,"The Williams Companies, Inc.",26161639841.04,base,156
2014,CME.OQ,CME Group Inc.,26144077391.7999,base,157
2014,HES.N^G25,Hess,26116222129.56,dead-redo,158
2014,MRSH.N,Marsh & McLennan Companies Inc,26102840000.0,base,159
2014,DFS.N^E25,Discover Fincl,25993040000.0,dead-redo,160
2014,TFC.N,Truist Financial Corporation,25982417400.0,base,161
2014,CMI.N,Cummins Inc,25961184660.48,base,162
2014,ICE.N,Intercontinental Exchange Inc,25837092562.6,base,163
2014,ALXN.OQ^G21,Alexion Pharmas,25826918255.64,dead-redo,164
2014,GLW.N,Corning Incorporated,25716777780.77,base,165
2014,PSA.N,Public Storage,25586078544.4499,base,166
2014,DVN.N,Devon Energy Corporation,24830960000.0,base,167
2014,AON.N,Aon PLC,24794316080.24,base,168
2014,NOC.N,Northrop Grumman Corp,24638760812.9,base,169
2014,AET.N^K18,Aetna,24575269999.9999,dead-redo,170
2014,PXD.N^E24,Pioneer Natl Rsc,24412446648.45,dead-redo,171
2014,MRO.N^K24,Marathn Oil,24047808476.12,dead-redo,172
2014,ALL.N,Allstate Corp,24043950000.0,base,173
2014,BKR.OQ,Baker Hughes Company,23965214788.54,base,174
2014,CCI.N,Crown Castle Inc,23929466691.6499,base,175
2014,CI.N,The Cigna Group,23826712331.2,base,176
2014,NBL.OQ^J20,Noble Energy,23804167693.94,dead-redo,177
2014,DAL.N,"Delta Air Lines, Inc.",23698620986.8,base,178
2014,CB.N^A16,Chubb NJ,23628912000.0,dead-redo,179
2014,APD.N,"Air Products and Chemicals, Inc.",23588826192.96,base,180
2014,SE.N^B17,Spectra Energy,23570600000.0,dead-redo,181
2014,CCL.N,Carnival Corporation Ltd,23564444199.78,base,182
2014,EXC.OQ,Exelon Corp,23282080919.24,base,183
2014,MU.OQ,"Micron Technology, Inc.",22978651616.16,base,184
2014,CAH.N,"Cardinal Health, Inc.",22581845772.4899,base,185
2014,AEP.OQ,American Electric Power Company Inc,22501170170.36,base,186
2014,TEL.N,TE Connectivity PLC,22344872304.15,base,187
2014,AMP.N,Ameriprise Financial Inc,22154292182.8799,base,188
2014,K.N^L25,Kellanova,21941911525.3,dead-redo,189
2014,IP.N,International Paper Co,21648818748.0,base,190
2014,INTU.OQ,Intuit Inc.,21635501013.92,base,191
2014,NFLX.OQ,"Netflix, Inc.",21626612102.82,base,192
2014,SRE.N,Sempra,21614728394.16,base,193
2014,TROW.OQ,"T. Rowe Price Group, Inc.",21540558618.24,base,194
2014,HSY.N,The Hershey Company,21332522932.62,base,195
2014,AMAT.OQ,Applied Materials Inc,21133419845.85,base,196
2014,BDX.N,Becton Dickinson and Co,21066331039.5,base,197
2014,SPGI.N,S&P Global Inc,21054700000.0,base,198
2014,WFM.OQ^H17,Whole Foods,20956425770.02,dead-redo,199
2014,WM.N,Waste Management Inc,20738028227.8,base,200
2014,PCAR.OQ,Paccar Inc,20730093000.0,base,201
2014,WBD.OQ,"Warner Bros. Discovery, Inc.",20613366258.19,base,202
2014,PRGO.N,Perrigo Company,20473649630.0,base,203
2014,KR.N,Kroger Co,20289151335.68,base,204
2014,WYNN.OQ,"Wynn Resorts, Limited",20022680873.76,base,205
2014,MOS.N,Mosaic Co,20022278992.0,base,206
2014,WDC.OQ,Western Digital Corp,19690916255.4,base,207
2014,M.N,Macy's,19673253659.66,base,208
2014,DG.N,Dollar General Corp,19599616526.4,base,209
2014,STI.N^L19,SunTrust Banks,19594345350.0,dead-redo,210
2014,OMC.N,Omnicom Group Inc,19044704750.0,base,211
2014,PH.N,Parker-Hannifin Corp,18975153728.84,base,212
2014,CERN.OQ^F22,Cerner,18776481833.4,dead-redo,213
2014,VMRK.N,Vivmark Residential,18741316727.4,base,214
2014,LUMN.N,Lumen Tech,18707390725.05,base,215
2014,PPL.N,PPL Corp,18689017650.0,base,216
2014,A.N,Agilent Technologies Inc,18650955785.0,base,217
2014,SHW.N,Sherwin-Williams Co,18484157819.89,base,218
2014,GGP.N^H18,GCP Retail,18415250950.0,dead-redo,219
2014,PLD.N,"Prologis, Inc.",18407888076.0,base,220
2014,L.N,Loews Corporation,18345536000.0,base,221
2014,APTV.N,APTIV PLC,18284577415.2,base,222
2014,WY.N,Weyerhaeuser Company,18247545960.0,base,223
2014,LO.N^F15,Lorillard,18177000000.0,dead-redo,224
2014,STX.OQ,Seagate Technology Holdings PLC,18174480000.0,base,225
2014,BBWI.N,Bath & Body,17878443312.87,base,226
2014,STJ.N^A17,St Jude Med,17856050503.47,dead-redo,227
2014,FITB.N,Fifth Third Bancorp,17850236220.0,base,228
2014,PCG.N,PG&E Corp,17819051280.7199,base,229
2014,RIG.N,Transocea,17643673140.5271,base,230
2014,TT.N,Trane Technologies PLC,17642421608.04,base,231
2014,CHK.N^F20,Expand Energy,17571894628.94,dead-redo,232
2014,GWW.N,WW Grainger Inc,17424177550.28,base,233
2014,GAP.N,Gap,17384304294.72,base,234
2014,VRTX.OQ,Vertex Pharmaceuticals Incorporated,17260641870.0,base,235
2014,MSI.N,Motorola Solutions Inc,17160408681.57,base,236
2014,NLSN.N^J22,Nielsen Holdings,17154845079.8,dead-redo,237
2014,BBBY.OQ^E23,20230930-DK,17136384677.6,dead-redo,238
2014,MJN.N^F17,Mead Johnson,16853638329.3599,dead-redo,239
2014,BRCM.OQ^B16,Broadcom Co,16831570000.0,dead-redo,240
2014,CPRI.N,Capri Holdings,16801971576.39,base,241
2014,NUE.N,Nucor Corporation,16779268402.8499,base,242
2014,VTR.N,"Ventas, Inc.",16709675942.52,base,243
2014,VNO.N,Vornado Realty,16600914744.32,base,244
2014,DOC.N,"Healthpeak Properties, Inc",16546255637.55,base,245
2014,MCO.N,Moody's Corporation,16543437535.3199,base,246
2014,SYY.N,Sysco Corporation,16416284084.08,base,247
2014,PAYX.OQ,"Paychex, Inc.",16410852000.0,base,248
2014,GEN.OQ,Gen Digital Inc.,16328899224.6,base,249
2014,DOV.N,Dover Corp,16227339402.0,base,250
2014,CMG.N,"Chipotle Mexican Grill, Inc.",16197227291.9999,base,251
2014,ZTS.N,Zoetis Inc,16180221115.88,base,252
2014,ROK.N,Rockwell Automation Inc,16151367810.38,base,253
2014,COR.N,"Cencora, Inc.",16076943049.66,base,254
2014,FRX.N^G14,Forest Labs,16062130596.5999,dead-redo,255
2014,HIG.N,"The Hartford Insurance Group, Inc.",16046820000.0,base,256
2014,MAT.OQ,Mattel,16038408727.67,base,257
2014,HUM.N,Humana Inc.,16034123669.16,base,258
2014,CTRA.N^E26,Coterra Energy,16013363784.0,dead-redo,259
2014,AZO.N,"AutoZone, Inc.",15981860752.13,base,260
2014,ROST.OQ,Ross Stores Inc,15961761633.3699,base,261
2014,PGR.N,The Progressive Corporation,15919776000.0,base,262
2014,BSX.N,Boston Scientific Corp,15902486957.37,base,263
2014,IVZ.N,Invesco Ltd,15900455859.81,base,264
2014,PEG.N,Public Service Enterprise Group Incorporated,15848633338.46,base,265
2014,RL.N,Ralph Lauren Corporation,15842997000.22,base,266
2014,BFb.N,Brown-Forman Corporation,15819900497.15,base,267
2014,ED.N,"Consolidated Edison, Inc.",15804246840.32,base,268
2014,ZBH.N,"Zimmer Biomet Holdings, Inc.",15771274710.88,base,269
2014,TPR.N,"Tapestry, Inc.",15680677104.8499,base,270
2014,SNDK.OQ^E16,Sandsk,15554886555.34,dead-redo,271
2014,AVB.N^H26,Avalonbay US,15498943393.2,dead-redo,272
2014,WELL.N,Welltower Inc.,15455428635.52,base,273
2014,FIS.N,Fidelity National Information Services Inc,15430040361.0,base,274
2014,BXP.N,"BXP, Inc.",15357973509.39,base,275
2014,ADI.OQ,"Analog Devices, Inc.",15328301739.52,base,276
2014,PNR.N,Pentair PLC,15170767788.59,base,277
2014,HOG.N,Harley Davidson,15159156184.24,base,278
2014,HOT.N^I16,Starwood Hotls,15079329831.22,dead-redo,279
2014,MTB.N,M&T Bank Corporation,15022693840.0,base,280
2014,FISV.OQ,Fiserv Inc,15012009292.8,base,281
2014,EIX.N,Edison International,14801603088.58,base,282
2014,CA.OQ^K18,CA,14667730000.0,dead-redo,283
2014,MAR.OQ,"Marriott International, Inc.",14665402316.16,base,284
2014,HST.OQ,"Host Hotels & Resorts, Inc.",14566007671.74,base,285
2014,ISRG.OQ,Intuitive Surgical Inc,14464770181.83,base,286
2014,NTRS.OQ,Northern Trust Corporation,14450536580.0,base,287
2014,PFG.OQ,Principal Financial Group Inc,14352624000.0,base,288
2014,SWK.N,Stanley Black & Decker Inc,14184061532.84,base,289
2014,XRX.OQ,Xerox Hlngs,14152891200.0,base,290
2014,CAG.N,Conagra Brands,14113048789.89,base,291
2014,BBY.N,"Best Buy Co., Inc.",14013309622.5,base,292
2014,APH.N,Amphenol Corp,13887581257.2799,base,293
2014,CAM.N^D16,Cameron Intl,13879749626.7,dead-redo,294
2014,FAST.OQ,Fastenal Company,13858390504.8,base,295
2014,DVA.N,DaVita Inc,13808715205.44,base,296
2014,NTAP.OQ,NetApp Inc,13775872411.98,base,297
2014,ROP.OQ,"Roper Technologies, Inc.",13712661283.2,base,298
2014,XEL.OQ,Xcel Energy Inc,13690062232.35,base,299
2014,ORLY.OQ,"O'Reilly Automotive, Inc.",13640804270.16,base,300
2014,SWN.N^J24,Swestn Energy,13630410033.75,dead-redo,301
2014,RF.N,Regions Financial Corporation,13628420000.0,base,302
2014,CPB.OQ,Campbell's Co,13558148157.44,base,303
2014,FE.N,FirstEnergy Corp,13542272537.58,base,304
2014,CF.N,CF Industries Holdings Inc,13393397384.92,base,305
2014,EQT.N,EQT Corporation,13373056234.24,base,306
2014,RRC.N,Range Resource,13358081257.0399,base,307
2014,LNC.N,LNC,13256403359.11,base,308
2014,VAL.N^H20,Valaris,13211341790.69,dead-redo,309
2014,KSU.N^L21,KC Southern,13199764986.52,dead-redo,310
2014,STZ.N,"Constellation Brands, Inc.",13177230302.82,base,311
2014,LUV.N,Southwest Airlines Co,13154083814.08,base,312
2014,ES.N,Eversource Energy,13145724809.0,base,313
2014,LIFE.OQ^B14,Life Tech Corp,13103847316.6799,dead-redo,314
2014,FLR.N,Fluor,12883616328.33,base,315
2014,BFH.N,Bread Fincl Hldg,12779283159.4999,base,316
2014,AME.N,AMETEK Inc,12749223097.95,base,317
2014,GPC.N,Genuine Parts Co,12644941660.16,base,318
2014,OKE.N,"ONEOK, Inc.",12620621529.6,base,319
2014,BWA.N,Borgwarner,12526320000.0,base,320
2014,SNI.OQ^C18,Scripps Networks,12424827053.24,dead-redo,321
2014,FTI.N^A17,FMC Technologies,12278944862.6999,dead-redo,322
2014,WHR.N,Whirlpool,12247561431.42,base,323
2014,XLNX.OQ^B22,Xilinx,12240465975.8,dead-redo,324
2014,EMN.N,Eastman Chemical,12240064728.72,base,325
2014,KSS.N,Kohls,12203834211.77,base,326
2014,JWN.N^E25,Nordstrom,12021017310.51,dead-redo,327
2014,MUR.N,Murphy Oil,11910792257.0,base,328
2014,RSG.N,Republic Services Inc,11878784000.0,base,329
2014,KEY.N,KeyCorp,11837721960.0,base,330
2014,TIF.N^A21,Tiffany,11816299338.72,dead-redo,331
2014,NEM.N,Newmont Corporation,11813695916.2,base,332
2014,HRL.N,Hormel Foods Corp,11767547514.63,base,333
2014,CLX.N,The Clorox Company,11763707194.56,base,334
2014,DLTR.OQ,Dollar Tree Inc,11736501374.4,base,335
2014,CTXS.OQ^J22,Citrix Systems,11646089620.8799,dead-redo,336
2014,DTE.N,DTE Energy Company,11556712629.8,base,337
2014,JNPR.N^G25,Juniper Networks,11498946453.72,dead-redo,338
2014,TRIP.OQ,Tripadvisor,11433189034.24,base,339
2014,AMCR.N,Amcor PLC,11379562348.2314,base,340
2014,SLM.OQ,SLM,11351591127.42,base,341
2014,CCEP.OQ,Coca-Cola UK,11315220585.8,base,342
2014,TSN.N,Tyson Foods Inc,11287283701.04,base,343
2014,HWM.N,Howmet Aerospace Inc.,11277747535.8599,base,344
2014,PVH.N,PVH,11147988757.8,base,345
2014,MNST.OQ,Monster Beverage Corporation,11138758018.92,base,346
2014,ADSK.OQ,"Autodesk, Inc.",11110800000.0,base,347
2014,SIAL.OQ^K15,Sigma Aldrich,11077455330.1199,dead-redo,348
2014,ETR.N,Entergy Corp,11032256000.0,base,349
2014,BEAM.N^E14,Suntory Global,10868560447.1,dead-redo,350
2014,MHK.N,Mohawk Inds,10829090339.73,base,351
2014,FLS.N,Flowserve,10780923089.1999,base,352
2014,SJM.N,The J. M. Smucker Company,10727257075.92,base,353
2014,RHT.N^G19,Red Hat,10572449999.7,dead-redo,354
2014,KLAC.OQ,KLA Corporation,10562240112.84,base,355
2014,LLTC.OQ^C17,Linear Tech,10532638021.0999,dead-redo,356
2014,KMX.N,Carmax,10469193359.1,base,357
2014,AES.N,The AES Corporation,10394863387.21,base,358
2014,JEF.N,Jefferies Fincl,10389327642.0,base,359
2014,NWSA.OQ,News Corporation,10378371141.4,base,360
2014,ALTR.OQ^L15,Altera,10330705614.35,dead-redo,361
2014,SPLS.OQ^I17,Staples,10321544561.07,dead-redo,362
2014,BCR.N^L17,CR Bard,10213754514.48,dead-redo,363
2014,TXT.N,Textron Inc,10202951354.68,base,364
2014,NI.N,NiSource Inc.,10116290512.76,base,365
2014,COL.N^K18,Rockwell Collins,9978249013.48,dead-redo,366
2014,FMC.N,FMC,9903970401.17,base,367
2014,SRCL.OQ^K24,Stericycle,9860981750.1,dead-redo,368
2014,CNP.N,"CenterPoint Energy, Inc.",9781568610.94,base,369
2014,NRG.N,NRG Energy Inc,9602866996.09999,base,370
2014,TNL.N,Travel + Leisure,9580155788.96,base,371
2014,KDP.OQ,Keurig Dr Pepper Inc,9437705217.57,base,372
2014,WU.N,Western Union,9346064000.0,base,373
2014,LLL.N^G19,L3 Tech,9339347181.11999,dead-redo,374
2014,PLL.N^H15,Pall,9307486718.24,dead-redo,375
2014,NE.N^H20,Noble Corp,9305116423.19999,dead-redo,376
2014,NWL.OQ,Newell Brands,9242096000.0,base,377
2014,WEC.N,"WEC Energy Group, Inc.",9226142045.36999,base,378
2014,NVDA.OQ,NVIDIA Corporation,9016974822.18,base,379
2014,MKC.N,"McCormick & Company, Incorporated",8981685252.54,base,380
2014,EXPE.OQ,"Expedia Group, Inc.",8975568060.0,base,381
2014,TAP.N,Molson Coors Beverage Company,8940778248.72,base,382
2014,UNM.N,Unum Group,8925800000.0,base,383
2014,HP.N,Helmerich,8871754862.25,base,384
2014,EXPD.N,Expeditors International of Washington Inc,8809039537.8,base,385
2014,GRMN.N,Garmin Ltd.,8775219505.45,base,386
2014,CHRW.OQ,"C.H. Robinson Worldwide, Inc.",8766263660.0,base,387
2014,MCHP.OQ,Microchip Technology Inc,8761931609.62,base,388
2014,LRCX.OQ,Lam Research Corporation,8749017550.0,base,389
2014,CBRE.N,"CBRE Group, Inc.",8728909215.12,base,390
2014,CNX.N,CNX Resources,8634211332.48,base,391
2014,AEE.N,Ameren Corporation,8619578000.0,base,392
2014,XL.N^I18,XL Grp,8574354047.21999,dead-redo,393
2014,CMA.N^B26,Comerica,8568560000.0,dead-redo,394
2014,WAT.N,Waters Corp,8446634219.98,base,395
2014,CINF.OQ,Cincinnati Financial Corporation,8429090389.65,base,396
2014,EFX.N,Equifax Inc.,8344055000.0,base,397
2014,AKAM.OQ,Akamai Technologies Inc,8328870000.0,base,398
2014,J.N,Jacobs Solutions Inc,8285189781.12,base,399
2014,CFN.N^C15,Carefusion,8242239291.0,dead-redo,400
2014,MAC.N,Macerich,8204730220.68,base,401
2014,PCL.N^B16,Plum Creek Timb,8202180000.0,dead-redo,402
2014,DXC.N,DXC Tech,8183448316.41,base,403
2014,VAR.N^D21,Varian Med Syst,8158895422.6,dead-redo,404
2014,KIM.N,Kimco Realty Corp,8100383016.66,base,405
2014,MAS.N,Masco Corporation,8100041837.0,base,406
2014,HRB.N,H&R Block,8051479500.74,base,407
2014,ARG.N^E16,Airgas,8036940867.32,dead-redo,408
2014,VRSN.OQ,"VeriSign, Inc.",8026114480.0,base,409
2014,SWY.N^A15,Safeway US,7974108000.0,dead-redo,410
2014,ADT.N^E16,ADT Security,7969684083.0,dead-redo,411
2014,HBAN.OQ,Huntington Bancshares Inc,7939351114.91999,base,412
2014,LH.N,Labcorp Holdings Inc.,7886102000.0,base,413
2014,LEN.N,Lennar Corp,7874483883.68,base,414
2014,DO.N^D20,Diamond Offshore,7851306450.0,dead-redo,415
2014,IPG.N^K25,Interpublic Grp,7742280278.54,dead-redo,416
2014,PHM.N,"PulteGroup, Inc.",7691792792.79999,base,417
2014,DGX.N,Quest Diagnostics Inc,7685814466.05,base,418
2014,GNW.N,Genworth Fincl,7669400000.0,base,419
2014,VMC.N,Vulcan Materials Co,7627782510.36,base,420
2014,ANDV.N^J18,Andeavor US,7590050421.36,dead-redo,421
2014,FDO.N^G15,Family Dlr,7554853665.44,dead-redo,422
2014,PETM.OQ^C15,PetSmart,7446776053.89,dead-redo,423
2014,BALL.N,Ball Corp,7435608029.36,base,424
2014,AVP.N^A20,Avon Prdcts,7400102773.78,dead-redo,425
2014,LHX.N,"L3Harris Technologies, Inc.",7313558746.24,base,426
2014,TDC.N,Teradata,7308881999.99999,base,427
2014,EW.N,Edwards Lifesciences Corporation,7212078259.84,base,428
2014,HAS.OQ,"Hasbro, Inc.",7082005303.88,base,429
2014,CTAS.OQ,Cintas Corporation,7078342830.86,base,430
2014,DHI.N,"D.R. Horton, Inc.",7059618784.53,base,431
2014,CMS.N,CMS Energy Corporation,7024488881.6,base,432
2014,EA.OQ^H26,Electronic Arts,7010899025.76,dead-redo,433
2014,GL.N,Globe Life Inc.,7001190479.73,base,434
2014,DRI.N,Darden Restaurants Inc,6999016368.36,base,435
2014,IFF.N,International Flavors & Fragrances Inc.,6981604894.8,base,436
2014,XRAY.OQ,Dentsply Sirona,6841601238.56,base,437
2014,HSP.N^I15,Hospira,6837377227.92,dead-redo,438
2014,FFIV.OQ,F5 Inc,6759195600.0,base,439
2014,PWR.N,Quanta Services Inc,6754268036.04,base,440
2014,TGNA.N^C26,Tegna,6743375618.65,dead-redo,441
2014,SEE.N^D26,Sealed Air,6605092216.45,dead-redo,442
2014,NDAQ.OQ,Nasdaq Inc,6568979866.4,base,443
2014,FOSL.OQ,Fossil Group,6534567199.93,base,444
2014,SCG.N^A19,SCANA,6459627168.24,dead-redo,445
2014,MWV.N^G15,Westrock MWV,6423238205.82,dead-redo,446
2014,SNA.N,Snap-On Inc,6312154277.0,base,447
2014,XYL.N,Xylem Inc,6302118210.07999,base,448
2014,TSS.N^I19,TSYS,6234304470.3,dead-redo,449
2014,DNR.N^G20,Denbury,6068704704.3,dead-redo,450
2014,LSI.OQ^E14,LSI,6010644201.33,dead-redo,451
2014,AN.N,AutoNation,6002905216.0,base,452
2014,OI.N,"O-i Glass, Inc",5862250747.76,base,453
2014,GT.OQ,Goodyear Tire,5835440000.0,base,454
2014,ETFC.OQ^J20,E*TRADE Financl,5833347120.3,dead-redo,455
2014,GME.N,GameStop,5750003092.05,base,456
2014,RHI.N,Robert Half,5733754911.36,base,457
2014,PNW.N,Pinnacle West Capital Corporation,5727839751.59999,base,458
2014,FSLR.OQ,"First Solar, Inc.",5711839344.0,base,459
2014,IRM.N,Iron Mountain Inc,5638867241.39999,base,460
2014,JOY.N^D17,Komatsu Mining,5634012092.16,dead-redo,461
2014,URBN.OQ,Urban Outfitters,5565355743.5,base,462
2014,ZION.OQ,Zions Bancorp,5475693686.4,base,463
2014,HAR.N^C17,HARMAN,5451341328.6,dead-redo,464
2014,GAS.N^G16,Southern Gas,5427450677.09999,dead-redo,465
2014,QEP.N^C21,QEP Resources,5421460524.48,dead-redo,466
2014,LM.N^H20,Legg Mason,5257187185.92,dead-redo,467
2014,BTU.N^D16,Peabody Energy,5067429428.94,dead-redo,468
2014,NBR.N,Nabors Inds,4991261558.06,base,469
2014,HCBK.OQ^K15,Hudson City Bcp,4946003431.2,dead-redo,470
2014,GHC.N,Graham Holdings,4841493143.19,base,471
2014,AVY.N,Avery Dennison Corp,4793111723.18,base,472
2014,PBCT.OQ^D22,Peoples Uni,4786078978.74,dead-redo,473
2014,WIN.OQ^C19,Windstream Hldg,4762624620.31,dead-redo,474
2014,AIZ.N,Assurant Inc,4749871304.63999,base,475
2014,PBI.N,Pitney Bowes,4732687156.89,base,476
2014,FTR.OQ^D20,Frontier Comm,4697870900.0,dead-redo,477
2014,POM.N^C16,Pepco Hldg,4665455716.4,dead-redo,478
2014,DNB.N^B19,Dun & Bradstreet,4653653828.85,dead-redo,479
2014,CVC.N^F16,Cablevision syst,4602755518.0,dead-redo,480
2014,RVTY.N,"Revvity, Inc.",4601353044.0,base,481
2014,PDCO.OQ^D25,Patterson,4361679757.92999,dead-redo,482
2014,IGT.N^D15,IGT,4350772000.0,dead-redo,483
2014,X.N^F25,U. S. Steel,4325539353.2,dead-redo,484
2014,RDC.N^D19,Rowan,4282429431.87,dead-redo,485
2014,THC.N,Tenet Healthcare,4278655174.64,base,486
2014,TEG.N^F15,Wec Acquisition,4255332434.2,dead-redo,487
2014,ALLE.N,Allegion PLC,4191617704.04999,base,488
2014,FLIR.OQ^E21,FLIR System,4110827983.92,dead-redo,489
2014,CLF.N,Cleveland-Cliffs,3955195528.83,base,490
2014,WPX.N^A21,WPX Energy,3929823480.06,dead-redo,491
2014,R.N,Ryder,3820374842.24,base,492
2014,ATI.N,ATI,3808080000.0,base,493
2014,AIV.N,Aimco,3765811220.0,base,494
2014,TE.N^G16,Teco Energy,3685435152.96,dead-redo,495
2014,JBL.N,Jabil Inc.,3511784700.27,base,496
2014,NFX.N^B19,Ovintiv Exp,3320041945.59,dead-redo,497
2014,VTRS.OQ,Viatris Inc.,1820205200.0,base,498
2015,AAPL.OQ,Apple Inc.,641202957200.0,base,1
2015,XOM.N,Exxonmobil Holdings Corp,389978830000.0,base,2
2015,MSFT.OQ,Microsoft Corporation,385435798190.519,base,3
2015,BRKb.N,Berkshire Hathaway Inc,367463712314.41,base,4
2015,GOOG.OQ,Alphabet Inc.,357620063912.199,base,5
2015,GOOGL.OQ,Alphabet Inc.,357620063912.199,base,6
2015,JNJ.N,Johnson & Johnson,292563015036.24,base,7
2015,WFC.N,Wells Fargo & Co,282815410000.0,base,8
2015,WMT.OQ,Walmart Inc,276872011980.5,base,9
2015,GE.N,General Electric Company,251657331795.659,base,10
2015,PG.N,The Procter & Gamble Company,244234113004.56,base,11
2015,JPM.N,JPMorgan Chase & Co,233599414737.54,base,12
2015,META.OQ,"Meta Platforms, Inc.",218706670500.75,base,13
2015,CVX.N,Chevron Corporation,212823977263.3,base,14
2015,PFE.N,Pfizer Inc.,197399591235.21,base,15
2015,VZ.N,Verizon Communications Inc,195118800000.0,base,16
2015,ORCL.N,Oracle Corporation,194669299110.0,base,17
2015,BAC.N,Bank of America Corporation,189258910320.4,base,18
2015,KO.N,Coca-Cola Co,184577955541.14,base,19
2015,INTC.OQ,Intel Corp,175800600000.0,base,20
2015,T.N,AT&T Inc,175683690000.0,base,21
2015,C.N,Citigroup Inc,164380031468.32,base,22
2015,V.N,Visa Inc.,163922032430.52,base,23
2015,MRK.N,Merck & Co Inc,163041448087.49,base,24
2015,IBM.N,International Business Machines Corporation,160601460000.0,base,25
2015,DIS.N,The Walt Disney Company,158972891437.5,base,26
2015,CMCSA.OQ,Comcast Corporation,145558026424.86,base,27
2015,AMZN.OQ,Amazon.com Inc,143461800000.0,base,28
2015,GILD.OQ,"Gilead Sciences, Inc.",142270090000.0,base,29
2015,PEP.OQ,"PepsiCo, Inc.",141339472528.8,base,30
2015,CSCO.OQ,Cisco Systems Inc,141186168738.669,base,31
2015,HD.N,"The Home Depot, Inc.",136302882810.5,base,32
2015,PM.N,Philip Morris International Inc,125882000642.799,base,33
2015,QCOM.OQ,QUALCOMM Incorporated,122859120000.0,base,34
2015,AMGN.OQ,Amgen Inc,121516399999.999,base,35
2015,SLB.N,SLB N.V.,109256013650.68,base,36
2015,CVS.N,CVS Health Corporation,109021068662.7,base,37
2015,UNP.N,Union Pacific Corporation,105456065719.41,base,38
2015,ABBV.N,AbbVie Inc.,104992545229.77,base,39
2015,RTX.N,RTX Corporation,104877173708.0,base,40
2015,MMM.N,3M Company,104200181491.64,base,41
2015,UPS.N,United Parcel Service Inc,99918880760.08,base,42
2015,MA.N,Mastercard Incorporated,99450464752.8,base,43
2015,BMY.N,Bristol-Myers Squibb Company,98713788979.41,base,44
2015,UNH.N,UnitedHealth Group Inc,96727748771.26,base,45
2015,MO.N,Altria Group Inc,96543107391.31,base,46
2015,AXP.N,American Express Company,95159460000.0,base,47
2015,BA.N,Boeing Co,92645313147.0499,base,48
2015,KMI.N,"Kinder Morgan, Inc.",90977258511.93,base,49
2015,MCD.N,McDonald's Corp,90760969880.98,base,50
2015,CELG.OQ^K19,Celgene,90668899421.76,dead-redo,51
2015,COP.N,ConocoPhillips,84834515138.24,base,52
2015,GS.N,Goldman Sachs Group Inc,84674406292.89,base,53
2015,WBA.OQ^H25,Walgreens Hldg,82838158216.0,dead-redo,54
2015,NKE.N,"NIKE, Inc.",82100077745.66,base,55
2015,BIIB.OQ,Biogen Inc.,80767510748.0699,base,56
2015,TFCFA.OQ^C19,Tfcf,80547224537.16,dead-redo,57
2015,USB.N,U.S. Bancorp,80066380000.0,base,58
2015,HON.OQ,Honeywell International Inc,78461078874.75,base,59
2015,LLY.N,Eli Lilly and Company,78006892979.02,base,60
2015,AIG.N,"American International Group, Inc.",77201749000.0,base,61
2015,MS.N,Morgan Stanley,75522435800.0,base,62
2015,HPQ.N,HP Inc,73803459398.32,base,63
2015,MDT.N,Medtronic PLC,70752705960.0,base,64
2015,TWX.N^F18,Time Warner,70661760000.0,dead-redo,65
2015,EBAY.OQ,eBay Inc.,69833464134.28,base,66
2015,AGN.N^E20,Allergan,68685286729.95,dead-redo,67
2015,ABT.N,Abbott Laboratories,67609997311.4,base,68
2015,DD.N^I17,EIDP,66777353369.9999,dead-redo,69
2015,LOW.N,Lowe's Companies Inc,65865916823.6,base,70
2015,AGN.N^C15,Allerg,63377933532.5,dead-redo,71
2015,CL.N,Colgate-Palmolive Company,62922939874.72,base,72
2015,OXY.N,Occidental Petroleum Corp,62538275377.85,base,73
2015,COST.OQ,Costco Wholesale Corp,62379828084.0,base,74
2015,ESRX.OQ^L18,Evernorth Health,62125481500.0,dead-redo,75
2015,MDLZ.OQ,Mondelez International Inc,61804373424.2999,base,76
2015,LMT.N,Lockheed Martin Corp,61071493452.84,base,77
2015,MET.N,"MetLife, Inc.",61020728999.9999,base,78
2015,SBUX.OQ,Starbucks Corp,60941552000.0,base,79
2015,EMC.N^I16,EMC US,60701320584.8299,dead-redo,80
2015,DHR.N,Danaher Corporation,60372596000.0,base,81
2015,BKNG.OQ,Booking Holdings Inc.,59793720769.4399,base,82
2015,BLK.N,"BlackRock, Inc.",59546036187.99,base,83
2015,DUK.N,Duke Energy Corp,59423350000.0,base,84
2015,F.N,Ford Motor Co,59115838725.1199,base,85
2015,ACN.N,Accenture PLC,59033884251.64,base,86
2015,SPG.N,Simon Property Group Inc,58244808468.3,base,87
2015,MON.N^F18,Monsanto,57906507431.42,dead-redo,88
2015,TXN.OQ,Texas Instruments Inc,56490921165.56,base,89
2015,GM.N,General Motors Co,55977298639.08,base,90
2015,CAT.N,Caterpillar Inc,55694583440.92,base,91
2015,DOW.N^I17,Dow Chem,53730579759.96,dead-redo,92
2015,TMO.N,Thermo Fisher Scientific Inc,51251263857.0,base,93
2015,EOG.N,"EOG Resources, Inc.",50548388347.36,base,94
2015,FDX.N,FedEx Corp,48857261319.0,base,95
2015,MCK.N,McKesson Corp,48045898807.2,base,96
2015,TGT.N,Target Corp,47982527122.0499,base,97
2015,AABA.OQ^J19,Altaba,47528624002.45,dead-redo,98
2015,PNC.N,"The PNC Financial Services Group, Inc.",47498860000.0,base,99
2015,NEE.N,"NextEra Energy, Inc.",47387297227.14,base,100
2015,TJX.N,"The TJX Companies, Inc.",46817667174.3599,base,101
2015,COV.N^A15,Covidien,46215658286.85,dead-redo,102
2015,BNY.N,Bank of New York Mellon Corp,46215435000.0,base,103
2015,GD.N,General Dynamics Corp,45988119229.6499,base,104
2015,COF.N,Capital One Financial Corp,45649966000.0,base,105
2015,D.N,"Dominion Energy, Inc.",45247235881.0499,base,106
2015,SO.N,Southern Co,44729220000.0,base,107
2015,DTV.OQ^G15,DIRCTV,43528855482.36,dead-redo,108
2015,EMR.N,Emerson Electric Co,42773979327.58,base,109
2015,TWC.N^E16,TWC,42305328000.0,dead-redo,110
2015,KMB.OQ,Kimberly-Clark Corporation,42210415000.0,base,111
2015,REGN.OQ,"Regeneron Pharmaceuticals, Inc.",41699030014.32,base,112
2015,APC.N^H19,Anadarko Petrol,41675803580.58,dead-redo,113
2015,PRU.N,Prudential Financial Inc,41270380000.0,base,114
2015,DAL.N,"Delta Air Lines, Inc.",41160776183.1599,base,115
2015,ADP.OQ,Automatic Data Processing Inc,40150510955.29,base,116
2015,BAX.N,Baxter International Inc.,39732420375.8,base,117
2015,AMT.N,American Tower Corporation,39539089000.0,base,118
2015,PSX.N,Phillips 66,39470340000.0,base,119
2015,SCHW.N,The Charles Schwab Corporation,39460336822.84,base,120
2015,LYB.N,LyondellBasell Industries N.V.,38994090000.0,base,121
2015,CB.N,Chubb Limited,37964044192.04,base,122
2015,LIN.OQ,Linde PLC,37863861702.95,base,123
2015,MU.OQ,"Micron Technology, Inc.",37436640997.5,base,124
2015,CRM.N,"Salesforce, Inc.",37380440000.0,base,125
2015,ITW.N,Illinois Tool Works Inc,37013595709.68,base,126
2015,ALXN.OQ^G21,Alexion Pharmas,37000331621.4,dead-redo,127
2015,KRFT.OQ^G15,Kraft Foods Grp,36883921015.44,dead-redo,128
2015,ADBE.OQ,Adobe Inc,36078770145.16,base,129
2015,CSX.OQ,CSX Corporation,35684993312.55,base,130
2015,SYK.N,Stryker Corporation,35558345016.8699,base,131
2015,BEN.N,"Franklin Templeton, Inc.",34543448797.52,base,132
2015,PCP.N^B16,Precision Cast,33985498657.0799,dead-redo,133
2015,TRV.N,"The Travelers Companies, Inc.",33972768000.0,base,134
2015,RAI.N^G17,Reynolds Amricn,33906513799.66,dead-redo,135
2015,ELV.N,Elevance Health Inc,33866846162.1,base,136
2015,WMB.N,"The Williams Companies, Inc.",33803351820.0,base,137
2015,NSC.N,Norfolk Southern Corp,33644410189.5,base,138
2015,RTN.N^D20,Raytheon,33491848480.0,dead-redo,139
2015,HAL.N,Halliburton Company,33466206970.57,base,140
2015,ADM.N,Archer-Daniels-Midland Co,33121345253.22,base,141
2015,STT.N,State Street Corporation,32710755814.8,base,142
2015,EXC.OQ,Exelon Corp,32290091484.04,base,143
2015,PSA.N,Public Storage,32286981075.42,base,144
2015,ETN.N,Eaton Corporation PLC,32239578000.0,base,145
2015,CTSH.OQ,Cognizant Technology Solutions Corporation,32071697365.8,base,146
2015,GIS.N,General Mills Inc,32065039656.57,base,147
2015,JCI.N^I16,Johnson Cntrl,32000000000.0,manual-fix,148
2015,VFC.N,VF,31854898487.68,base,149
2015,YUM.N,"Yum! Brands, Inc.",31652604803.4999,base,150
2015,PPG.N,"PPG Industries, Inc.",31481720699.4,base,151
2015,ECL.N,Ecolab Inc.,31305148777.08,base,152
2015,KR.N,Kroger Co,31213838877.88,base,153
2015,APD.N,"Air Products and Chemicals, Inc.",31161874364.35,base,154
2015,AET.N^K18,Aetna,31062240000.0,dead-redo,155
2015,VIAB.OQ^L19,Viacom,30952257697.8,dead-redo,156
2015,MRSH.N,Marsh & McLennan Companies Inc,30763800000.0,base,157
2015,AMAT.OQ,Applied Materials Inc,30487940695.68,base,158
2015,DE.N,Deere & Co,30250529629.88,base,159
2015,AEP.OQ,American Electric Power Company Inc,29926966972.05,base,160
2015,VRTX.OQ,Vertex Pharmaceuticals Incorporated,29753895480.0,base,161
2015,CME.OQ,CME Group Inc.,29688925734.78,base,162
2015,GLW.N,Corning Incorporated,29495325563.34,base,163
2015,DFS.N^E25,Discover Fincl,29346640000.0,dead-redo,164
2015,ALL.N,Allstate Corp,29310160000.0,base,165
2015,NOC.N,Northrop Grumman Corp,29135322950.4,base,166
2015,LUV.N,Southwest Airlines Co,28975596856.4699,base,167
2015,HSY.N,The Hershey Company,28742848907.95,base,168
2015,EL.N,Estee Lauder Companies Inc,28695024905.65,base,169
2015,PSKY.OQ,Paramount Skydance Corp,28501985842.61,base,170
2015,TFC.N,Truist Financial Corporation,27854977700.0,base,171
2015,SRE.N,Sempra,27598603642.5,base,172
2015,NOV.N,Nov,27438843547.92,base,173
2015,CI.N,The Cigna Group,27176323720.0,base,174
2015,CCL.N,Carnival Corporation Ltd,27030738084.97,base,175
2015,AFL.N,Aflac Incorporated,27024540600.0,base,176
2015,BDX.N,Becton Dickinson and Co,26984420707.86,base,177
2015,AON.N,Aon PLC,26896943967.7,base,178
2015,CMI.N,Cummins Inc,26749734380.94,base,179
2015,CAH.N,"Cardinal Health, Inc.",26645714068.46,base,180
2015,VMRK.N,Vivmark Residential,26637218878.14,base,181
2015,CCI.N,Crown Castle Inc,26544940810.32,base,182
2015,VLO.N,Valero Energy Corp,26239475162.58,base,183
2015,INTU.OQ,Intuit Inc.,26042702323.19,base,184
2015,BRCM.OQ^B16,Broadcom Co,25804920000.0,dead-redo,185
2015,TEL.N,TE Connectivity PLC,25689716476.66,base,186
2015,WDC.OQ,Western Digital Corp,25641969019.02,base,187
2015,AVGO.OQ,Broadcom Inc,25556132537.43,base,188
2015,PCG.N,PG&E Corp,25341195360.18,base,189
2015,GGP.N^H18,GCP Retail,25241265613.35,dead-redo,190
2015,WELL.N,Welltower Inc.,25214521687.2,base,191
2015,SHW.N,Sherwin-Williams Co,25193634550.92,base,192
2015,BBWI.N,Bath & Body,25185328522.6499,base,193
2015,MPC.N,Marathon Petroleum Corporation,25109360000.0,base,194
2015,DVN.N,Devon Energy Corporation,24932640000.0,base,195
2015,SE.N^B17,Spectra Energy,24625710019.1,dead-redo,196
2015,ICE.N,Intercontinental Exchange Inc,24529598707.8799,base,197
2015,FCX.N,Freeport-McMoRan Inc,24471232361.85,base,198
2015,BKR.OQ,Baker Hughes Company,24299085155.96,base,199
2015,CB.N^A16,Chubb NJ,24267590851.39,dead-redo,200
2015,PPL.N,PPL Corp,24210269640.0,base,201
2015,PCAR.OQ,Paccar Inc,24206880000.0,base,202
2015,AMP.N,Ameriprise Financial Inc,24185679000.0,base,203
2015,SPGI.N,S&P Global Inc,24071190000.0,base,204
2015,APA.OQ,APA Corporation,24030857485.57,base,205
2015,WM.N,Waste Management Inc,23697410352.75,base,206
2015,PRGO.N,Perrigo Company,23457672843.04,base,207
2015,SYY.N,Sysco Corporation,23427170306.7,base,208
2015,K.N^L25,Kellanova,23247619444.6,dead-redo,209
2015,LUMN.N,Lumen Tech,22594222470.69,base,210
2015,IP.N,International Paper Co,22553200894.84,base,211
2015,LO.N^F15,Lorillard,22550400000.0,dead-redo,212
2015,VNO.N,Vornado Realty,22428130636.26,base,213
2015,M.N,Macy's,22374014000.0,base,214
2015,PXD.N^E24,Pioneer Natl Rsc,22318304732.1,dead-redo,215
2015,TROW.OQ,"T. Rowe Price Group, Inc.",22245142408.96,base,216
2015,CERN.OQ^F22,Cerner,22205939897.26,dead-redo,217
2015,MAR.OQ,"Marriott International, Inc.",22031303055.25,base,218
2015,HUM.N,Humana Inc.,21925364929.47,base,219
2015,AVB.N^H26,Avalonbay US,21896517414.42,dead-redo,220
2015,STI.N^L19,SunTrust Banks,21889054200.0,dead-redo,221
2015,PLD.N,"Prologis, Inc.",21714522270.0,base,222
2015,ZTS.N,Zoetis Inc,21712378950.33,base,223
2015,STX.OQ,Seagate Technology Holdings PLC,21604311121.68,base,224
2015,SNDK.OQ^E16,Sandsk,21597105718.5599,dead-redo,225
2015,VTR.N,"Ventas, Inc.",21576479997.94,base,226
2015,APTV.N,APTIV PLC,21492401250.53,base,227
2015,DG.N,Dollar General Corp,21476486617.6,base,228
2015,GMCR.OQ^C16,Keurig Green,21387297065.7,dead-redo,229
2015,EIX.N,Edison International,21343892105.06,base,230
2015,PEG.N,Public Service Enterprise Group Incorporated,21203224074.6,base,231
2015,HES.N^G25,Hess,21191804230.96,dead-redo,232
2015,NFLX.OQ,"Netflix, Inc.",21081503558.54,base,233
2015,CMG.N,"Chipotle Mexican Grill, Inc.",21038990579.2,base,234
2015,DOC.N,"Healthpeak Properties, Inc",20619620074.95,base,235
2015,MJN.N^F17,Mead Johnson,20190885595.56,dead-redo,236
2015,BXP.N,"BXP, Inc.",20097736420.6999,base,237
2015,MCO.N,Moody's Corporation,20002654000.0,base,238
2015,COR.N,"Cencora, Inc.",19782866469.7399,base,239
2015,AZO.N,"AutoZone, Inc.",19674222474.35,base,240
2015,ROST.OQ,Ross Stores Inc,19541430365.73,base,241
2015,ORLY.OQ,"O'Reilly Automotive, Inc.",19488556493.69,base,242
2015,ED.N,"Consolidated Edison, Inc.",19430183020.64,base,243
2015,HWM.N,Howmet Aerospace Inc.,19320618936.68,base,244
2015,MRO.N^K24,Marathn Oil,19302054343.0,dead-redo,245
2015,ZBH.N,"Zimmer Biomet Holdings, Inc.",19067547832.29,base,246
2015,ISRG.OQ,Intuitive Surgical Inc,19052934733.65,base,247
2015,WY.N,Weyerhaeuser Company,18921640000.0,base,248
2015,STZ.N,"Constellation Brands, Inc.",18851220949.57,base,249
2015,OMC.N,Omnicom Group Inc,18844282570.89,base,250
2015,BFb.N,Brown-Forman Corporation,18593235421.26,base,251
2015,STJ.N^A17,St Jude Med,18567181063.46,dead-redo,252
2015,RCL.N,Royal Caribbean Cruises Ltd.,18470752142.85,base,253
2015,PH.N,Parker-Hannifin Corp,18399533135.16,base,254
2015,XEL.OQ,Xcel Energy Inc,18265375538.76,base,255
2015,MNST.OQ,Monster Beverage Corporation,18140811520.0,base,256
2015,WFM.OQ^H17,Whole Foods,18034122123.0,dead-redo,257
2015,HST.OQ,"Host Hotels & Resorts, Inc.",17995598000.0,base,258
2015,GAP.N,Gap,17832549894.7,base,259
2015,HIG.N,"The Hartford Insurance Group, Inc.",17735676000.0,base,260
2015,FIS.N,Fidelity National Information Services Inc,17708907648.84,base,261
2015,GEN.OQ,Gen Digital Inc.,17660872810.47,base,262
2015,BSX.N,Boston Scientific Corp,17536196345.8,base,263
2015,ADI.OQ,"Analog Devices, Inc.",17284321590.04,base,264
2015,FISV.OQ,Fiserv Inc,17228884640.22,base,265
2015,GWW.N,WW Grainger Inc,17210005504.02,base,266
2015,ES.N,Eversource Energy,17035580000.0,base,267
2015,NBL.OQ^J20,Noble Energy,16976480897.12,dead-redo,268
2015,BFH.N,Bread Fincl Hldg,16954328529.17,base,269
2015,IVZ.N,Invesco Ltd,16862594455.84,base,270
2015,NLSN.N^J22,Nielsen Holdings,16839628903.26,dead-redo,271
2015,MOS.N,Mosaic Co,16822318707.14,base,272
2015,TT.N,Trane Technologies PLC,16793751002.2799,base,273
2015,PAYX.OQ,"Paychex, Inc.",16791930458.4,base,274
2015,FITB.N,Fifth Third Bancorp,16653989870.0,base,275
2015,APH.N,Amphenol Corp,16599727167.12,base,276
2015,MTB.N,M&T Bank Corporation,16595868060.0,base,277
2015,LVLT.N^K17,Level 3 Parent,16579686651.15,dead-redo,278
2015,FE.N,FirstEnergy Corp,16495066588.0,base,279
2015,SIAL.OQ^K15,Sigma Aldrich,16353075604.68,dead-redo,280
2015,GPC.N,Genuine Parts Co,16282289931.92,base,281
2015,TSN.N,Tyson Foods Inc,16235029414.25,base,282
2015,DVA.N,DaVita Inc,16164169095.84,base,283
2015,RL.N,Ralph Lauren Corporation,16058781288.6999,base,284
2015,MSI.N,Motorola Solutions Inc,16010443964.07,base,285
2015,ROP.OQ,"Roper Technologies, Inc.",15991771554.24,base,286
2015,PGR.N,The Progressive Corporation,15894112000.0,base,287
2015,NTRS.OQ,Northern Trust Corporation,15765562050.0,base,288
2015,ETR.N,Entergy Corp,15717631999.9999,base,289
2015,NUE.N,Nucor Corporation,15634186912.3699,base,290
2015,L.N,Loews Corporation,15564846000.0,base,291
2015,CAG.N,Conagra Brands,15438420000.0,base,292
2015,DTE.N,DTE Energy Company,15400011011.77,base,293
2015,CPRI.N,Capri Holdings,15398015382.06,base,294
2015,XRX.OQ,Xerox Hlngs,15355243749.9999,base,295
2015,PFG.OQ,Principal Financial Group Inc,15226959000.0,base,296
2015,WHR.N,Whirlpool,15054780000.0,base,297
2015,SWK.N,Stanley Black & Decker Inc,15041742131.56,base,298
2015,ROK.N,Rockwell Automation Inc,15039707645.12,base,299
2015,WBD.OQ,"Warner Bros. Discovery, Inc.",14963538256.7456,base,300
2015,DISCK.OQ^D22,Warner Bros Dis,14963538256.7456,dead-redo,301
2015,LNC.N,LNC,14917126124.34,base,302
2015,JWN.N^E25,Nordstrom,14909508330.26,dead-redo,303
2015,WYNN.OQ,"Wynn Resorts, Limited",14887271681.3299,base,304
2015,EA.OQ^H26,Electronic Arts,14573586724.5,dead-redo,305
2015,DLTR.OQ,Dollar Tree Inc,14467781341.65,base,306
2015,RSG.N,Republic Services Inc,14309039000.0,base,307
2015,UAA.N,Under Armour,14294188584.16,base,308
2015,BBBY.OQ^E23,20230930-DK,14241196189.3,dead-redo,309
2015,RF.N,Regions Financial Corporation,14230540000.0,base,310
2015,HOG.N,Harley Davidson,14096701720.08,base,311
2015,FAST.OQ,Fastenal Company,14024135805.6,base,312
2015,KMX.N,Carmax,13959471184.94,base,313
2015,HOT.N^I16,Starwood Hotls,13932976043.32,dead-redo,314
2015,CF.N,CF Industries Holdings Inc,13821418193.8,base,315
2015,KDP.OQ,Keurig Dr Pepper Inc,13815771033.5999,base,316
2015,CPB.OQ,Campbell's Co,13787077832.0,base,317
2015,EW.N,Edwards Lifesciences Corporation,13662746739.8,base,318
2015,CA.OQ^K18,CA,13654169682.12,dead-redo,319
2015,TIF.N^A21,Tiffany,13646830331.0,dead-redo,320
2015,HRL.N,Hormel Foods Corp,13608991237.0999,base,321
2015,BBY.N,"Best Buy Co., Inc.",13605980361.21,base,322
2015,A.N,Agilent Technologies Inc,13600652289.12,base,323
2015,ADSK.OQ,"Autodesk, Inc.",13544295603.12,base,324
2015,ESS.N,"Essex Property Trust, Inc.",13450223890.25,base,325
2015,CLX.N,The Clorox Company,13440969536.28,base,326
2015,NI.N,NiSource Inc.,13415788521.45,base,327
2015,KSU.N^L21,KC Southern,13289594310.36,dead-redo,328
2015,MAC.N,Macerich,13289563145.88,base,329
2015,CHK.N^F20,Expand Energy,13100880000.0,dead-redo,330
2015,AME.N,AMETEK Inc,12940982304.7799,base,331
2015,NTAP.OQ,NetApp Inc,12922788007.14,base,332
2015,LRCX.OQ,Lam Research Corporation,12655908300.0,base,333
2015,RHT.N^G19,Red Hat,12653766906.9199,dead-redo,334
2015,BCR.N^L17,CR Bard,12544041142.6799,dead-redo,335
2015,BWA.N,Borgwarner,12446431794.58,base,336
2015,CTRA.N^E26,Coterra Energy,12431898388.0,dead-redo,337
2015,TAP.N,Molson Coors Beverage Company,12201177096.93,base,338
2015,PNR.N,Pentair PLC,12165245695.96,base,339
2015,CFN.N^C15,Carefusion,12135631911.48,dead-redo,340
2015,KSS.N,Kohls,12037723162.85,base,341
2015,WEC.N,"WEC Energy Group, Inc.",11995267367.7899,base,342
2015,KEY.N,KeyCorp,11911325580.0,base,343
2015,DOV.N,Dover Corp,11902779937.56,base,344
2015,EQT.N,EQT Corporation,11744745120.0,base,345
2015,AMG.N,Affiliated Mngrs,11694146005.74,base,346
2015,TXT.N,Textron Inc,11640980847.9,base,347
2015,KLAC.OQ,KLA Corporation,11561086924.2,base,348
2015,CBRE.N,"CBRE Group, Inc.",11540497676.55,base,349
2015,XLNX.OQ^B22,Xilinx,11530250338.8,dead-redo,350
2015,EMN.N,Eastman Chemical,11368557434.88,base,351
2015,MNK.N^J20,Keenova,11274378388.8,dead-redo,352
2015,MHK.N,Mohawk Inds,11267673987.57,base,353
2015,SPLS.OQ^I17,Staples,11266910226.3,dead-redo,354
2015,AKAM.OQ,Akamai Technologies Inc,11258118223.0,base,355
2015,COL.N^K18,Rockwell Collins,11249855995.04,dead-redo,356
2015,ALTR.OQ^L15,Altera,11220153000.0,dead-redo,357
2015,SRCL.OQ^K24,Stericycle,11179443671.88,dead-redo,358
2015,AEE.N,Ameren Corporation,11157174000.0,base,359
2015,UHS.N,Universal Health Services Inc,10986435335.47,base,360
2015,LLTC.OQ^C17,Linear Tech,10971264115.6549,dead-redo,361
2015,NVDA.OQ,NVIDIA Corporation,10941397817.13,base,362
2015,EXPE.OQ,"Expedia Group, Inc.",10897265920.0,base,363
2015,FTI.N^A17,FMC Technologies,10878537133.12,dead-redo,364
2015,LLL.N^G19,L3 Tech,10853630775.57,dead-redo,365
2015,PLL.N^H15,Pall,10799367697.83,dead-redo,366
2015,CHRW.OQ,"C.H. Robinson Worldwide, Inc.",10790558779.52,base,367
2015,TRIP.OQ,Tripadvisor,10660499095.69,base,368
2015,TSCO.OQ,Tractor Supply Company,10612747502.83,base,369
2015,CCEP.OQ,Coca-Cola UK,10607305515.88,base,370
2015,TNL.N,Travel + Leisure,10525412029.02,base,371
2015,KIM.N,Kimco Realty Corp,10484932566.28,base,372
2015,HSP.N^I15,Hospira,10468528606.18,dead-redo,373
2015,PVH.N,PVH,10416842536.78,base,374
2015,OKE.N,"ONEOK, Inc.",10399446570.24,base,375
2015,URI.N,"United Rentals, Inc.",10339128433.89,base,376
2015,MAT.OQ,Mattel,10324051834.25,base,377
2015,TPR.N,"Tapestry, Inc.",10282274503.41,base,378
2015,NWL.OQ,Newell Brands,10263846000.0,base,379
2015,SJM.N,The J. M. Smucker Company,10230577987.84,base,380
2015,CTXS.OQ^J22,Citrix Systems,10218421559.5199,dead-redo,381
2015,CNP.N,"CenterPoint Energy, Inc.",10156075462.9,base,382
2015,GRMN.N,Garmin Ltd.,10085632700.0,base,383
2015,SNI.OQ^C18,Scripps Networks,10032211731.14,dead-redo,384
2015,DGX.N,Quest Diagnostics Inc,9968526808.68,base,385
2015,CAM.N^D16,Cameron Intl,9848610470.4,dead-redo,386
2015,AES.N,The AES Corporation,9768735077.19999,base,387
2015,JNPR.N^G25,Juniper Networks,9711169178.35,dead-redo,388
2015,EFX.N,Equifax Inc.,9709608000.0,base,389
2015,CMS.N,CMS Energy Corporation,9703873927.3,base,390
2015,NEM.N,Newmont Corporation,9646707696.94,base,391
2015,FFIV.OQ,F5 Inc,9616177749.66,base,392
2015,SWN.N^J24,Swestn Energy,9594133109.99,dead-redo,393
2015,ANDV.N^J18,Andeavor US,9531523170.0,dead-redo,394
2015,MKC.N,"McCormick & Company, Incorporated",9509500001.37,base,395
2015,WAT.N,Waters Corp,9483527706.11999,base,396
2015,FLR.N,Fluor,9481026878.82,base,397
2015,LH.N,Labcorp Holdings Inc.,9414990000.0,base,398
2015,WU.N,Western Union,9370703347.17,base,399
2015,BALL.N,Ball Corp,9353138404.5,base,400
2015,RRC.N,Range Resource,9346028530.4,base,401
2015,XEC.N^J21,Coterra,9325120535.03999,dead-redo,402
2015,NRG.N,NRG Energy Inc,9297987407.5,base,403
2015,CTAS.OQ,Cintas Corporation,9204372970.5,base,404
2015,DHI.N,"D.R. Horton, Inc.",9118903297.92,base,405
2015,HRB.N,H&R Block,9102562600.48,base,406
2015,FDO.N^G15,Family Dlr,9021128300.8,dead-redo,407
2015,MCHP.OQ,Microchip Technology Inc,9017328491.15,base,408
2015,SEE.N^D26,Sealed Air,9016430160.5,dead-redo,409
2015,MUR.N,Murphy Oil,8961711038.28,base,410
2015,NAVI.OQ,Navient,8950983489.5,base,411
2015,NWSA.OQ,News Corporation,8921607088.52,base,412
2015,MAS.N,Masco Corporation,8910067602.0,base,413
2015,DXC.N,DXC Tech,8886031651.75,base,414
2015,VMC.N,Vulcan Materials Co,8821472030.48,base,415
2015,LEN.N,Lennar Corp,8813237240.85,base,416
2015,XL.N^I18,XL Grp,8792426665.75,dead-redo,417
2015,UNM.N,Unum Group,8769161124.0,base,418
2015,VAR.N^D21,Varian Med Syst,8718097829.8,dead-redo,419
2015,SCG.N^A19,SCANA,8668478513.34,dead-redo,420
2015,ARG.N^E16,Airgas,8609408035.5,dead-redo,421
2015,HBAN.OQ,Huntington Bancshares Inc,8520274098.0,base,422
2015,EXPD.N,Expeditors International of Washington Inc,8513345749.8,base,423
2015,IPG.N^K25,Interpublic Grp,8469137898.0,dead-redo,424
2015,CINF.OQ,Cincinnati Financial Corporation,8448557000.0,base,425
2015,JEF.N,Jefferies Fincl,8337549220.46,base,426
2015,CMA.N^B26,Comerica,8285910000.0,dead-redo,427
2015,IRM.N,Iron Mountain Inc,8173060045.92,base,428
2015,IFF.N,International Flavors & Fragrances Inc.,8165985960.84999,base,429
2015,FLS.N,Flowserve,8112400000.0,base,430
2015,SWY.N^A15,Safeway US,8097465000.0,dead-redo,431
2015,PETM.OQ^C15,PetSmart,8091728715.45999,dead-redo,432
2015,NDAQ.OQ,Nasdaq Inc,8024466235.44,base,433
2015,SNA.N,Snap-On Inc,7919485076.58,base,434
2015,CNX.N,CNX Resources,7898105380.9,base,435
2015,PHM.N,"PulteGroup, Inc.",7882518729.54,base,436
2015,RHI.N,Robert Half,7869246088.12,base,437
2015,GT.OQ,Goodyear Tire,7781101363.36,base,438
2015,FMC.N,FMC,7595107716.87,base,439
2015,PNW.N,Pinnacle West Capital Corporation,7581288617.76,base,440
2015,PCL.N^B16,Plum Creek Timb,7572494999.99999,dead-redo,441
2015,LHX.N,"L3Harris Technologies, Inc.",7490859129.64,base,442
2015,MLM.N,"Martin Marietta Materials, Inc.",7456885596.75,base,443
2015,XRAY.OQ,Dentsply Sirona,7349639450.13,base,444
2015,MWV.N^G15,Westrock MWV,7342207343.51999,dead-redo,445
2015,HP.N,Helmerich,7307056127.28,base,446
2015,DRI.N,Darden Restaurants Inc,7246765450.56,base,447
2015,HAR.N^C17,HARMAN,7187981352.63,dead-redo,448
2015,VAL.N^H20,Valaris,7067568928.56,dead-redo,449
2015,GL.N,Globe Life Inc.,6967313708.08,base,450
2015,ETFC.OQ^J20,E*TRADE Financl,6945434549.76,dead-redo,451
2015,XYL.N,Xylem Inc,6925781607.36,base,452
2015,TGNA.N^C26,Tegna,6923974228.92,dead-redo,453
2015,HAS.OQ,"Hasbro, Inc.",6908755206.45,base,454
2015,POM.N^C16,Pepco Hldg,6836758911.12,dead-redo,455
2015,AN.N,AutoNation,6784520000.0,base,456
2015,VRSN.OQ,"VeriSign, Inc.",6774269880.0,base,457
2015,TDC.N,Teradata,6732000000.0,base,458
2015,RIG.N,Transocea,6726104560.92233,base,459
2015,FTR.OQ^D20,Frontier Comm,6653817840.0,dead-redo,460
2015,GAS.N^G16,Southern Gas,6532272935.37,dead-redo,461
2015,TSS.N^I19,TSYS,6352131140.49,dead-redo,462
2015,ADT.N^E16,ADT Security,6305677238.19,dead-redo,463
2015,TEG.N^F15,Wec Acquisition,6216390805.36,dead-redo,464
2015,PWR.N,Quanta Services Inc,6171373690.65,base,465
2015,LM.N^H20,Legg Mason,6126544853.51999,dead-redo,466
2015,J.N,Jacobs Solutions Inc,5828347676.16,base,467
2015,ZION.OQ,Zions Bancorp,5743291605.87,base,468
2015,CVC.N^F16,Cablevision syst,5680558633.92,dead-redo,469
2015,FOSL.OQ,Fossil Group,5636134239.23,base,470
2015,AIV.N,Aimco,5539721507.19,base,471
2015,HCBK.OQ^K15,Hudson City Bcp,5357845485.55,dead-redo,472
2015,ALLE.N,Allegion PLC,5269858659.3,base,473
2015,DO.N^D20,Diamond Offshore,5106011253.71999,dead-redo,474
2015,PDCO.OQ^D25,Patterson,5006308405.4,dead-redo,475
2015,WIN.OQ^C19,Windstream Hldg,5003801461.8,dead-redo,476
2015,RVTY.N,"Revvity, Inc.",4980518917.68,base,477
2015,THC.N,Tenet Healthcare,4934646431.92,base,478
2015,PBI.N,Pitney Bowes,4898126080.67,base,479
2015,R.N,Ryder,4894493826.6,base,480
2015,TE.N^G16,Teco Energy,4834655200.0,dead-redo,481
2015,AIZ.N,Assurant Inc,4761183925.25999,base,482
2015,AVY.N,Avery Dennison Corp,4718123483.08,base,483
2015,PBCT.OQ^D22,Peoples Uni,4665740500.5,dead-redo,484
2015,URBN.OQ,Urban Outfitters,4620690289.8,base,485
2015,JOY.N^D17,Komatsu Mining,4575468552.88,dead-redo,486
2015,FLIR.OQ^E21,FLIR System,4535323072.62,dead-redo,487
2015,FSLR.OQ,"First Solar, Inc.",4467370921.39,base,488
2015,OI.N,"O-i Glass, Inc",4411336267.25,base,489
2015,DNB.N^B19,Dun & Bradstreet,4368430576.2,dead-redo,490
2015,NE.N^H20,Noble Corp,4243188272.0,dead-redo,491
2015,GNW.N,Genworth Fincl,4187181000.0,base,492
2015,AVP.N^A20,Avon Prdcts,4046644222.53,dead-redo,493
2015,ATI.N,ATI,3738294381.72,base,494
2015,GME.N,GameStop,3667821398.79999,base,495
2015,NFX.N^B19,Ovintiv Exp,3650303769.0,dead-redo,496
2015,NBR.N,Nabors Inds,3615093522.17,base,497
2015,QEP.N^C21,QEP Resources,3601180109.2,dead-redo,498
2015,DNR.N^G20,Denbury,2792296013.75999,dead-redo,499
2015,VTRS.OQ,Viatris Inc.,1505224412.63999,base,500
2016,AAPL.OQ,Apple Inc.,583612701620.0,base,1
2016,GOOG.OQ,Alphabet Inc.,528447562921.91,base,2
2016,GOOGL.OQ,Alphabet Inc.,528447562921.91,base,3
2016,MSFT.OQ,Microsoft Corporation,443169421672.959,base,4
2016,BRKb.N,Berkshire Hathaway Inc,325274641332.839,base,5
2016,XOM.N,Exxonmobil Holdings Corp,324501057010.4,base,6
2016,AMZN.OQ,Amazon.com Inc,316831551559.45,base,7
2016,GE.N,General Electric Company,314902794850.0,base,8
2016,META.OQ,"Meta Platforms, Inc.",295977857586.98,base,9
2016,JNJ.N,Johnson & Johnson,284220449570.88,base,10
2016,WFC.N,Wells Fargo & Co,277660706417.279,base,11
2016,JPM.N,JPMorgan Chase & Co,243064999175.31,base,12
2016,PG.N,The Procter & Gamble Company,214769551119.599,base,13
2016,T.N,AT&T Inc,211690319999.999,base,14
2016,PFE.N,Pfizer Inc.,199264503010.56,base,15
2016,WMT.OQ,Walmart Inc,196276055244.199,base,16
2016,V.N,Visa Inc.,188405570971.199,base,17
2016,VZ.N,Verizon Communications Inc,188063316392.139,base,18
2016,KO.N,Coca-Cola Co,186832402301.76,base,19
2016,BAC.N,Bank of America Corporation,176259000862.93,base,20
2016,DIS.N,The Walt Disney Company,173715932365.96,base,21
2016,CVX.N,Chevron Corporation,169308021891.84,base,22
2016,HD.N,"The Home Depot, Inc.",167677297031.75,base,23
2016,INTC.OQ,Intel Corp,162569550000.0,base,24
2016,C.N,Citigroup Inc,154162756305.0,base,25
2016,ORCL.N,Oracle Corporation,153470566600.0,base,26
2016,MRK.N,Merck & Co Inc,147554948496.34,base,27
2016,GILD.OQ,"Gilead Sciences, Inc.",145833023021.34,base,28
2016,PEP.OQ,"PepsiCo, Inc.",145568529637.84,base,29
2016,CSCO.OQ,Cisco Systems Inc,137840933853.135,base,30
2016,CMCSA.OQ,Comcast Corporation,137824539624.09,base,31
2016,PM.N,Philip Morris International Inc,136202837105.79,base,32
2016,IBM.N,International Business Machines Corporation,133506555540.12,base,33
2016,AGN.N^E20,Allergan,123163915625.0,dead-redo,34
2016,AMGN.OQ,Amgen Inc,122450042487.78,base,35
2016,BMY.N,Bristol-Myers Squibb Company,114761415746.43,base,36
2016,MO.N,Altria Group Inc,114095062389.01,base,37
2016,UNH.N,UnitedHealth Group Inc,112123676293.4,base,38
2016,MA.N,Mastercard Incorporated,109312766181.52,base,39
2016,MCD.N,McDonald's Corp,108479671289.22,base,40
2016,CVS.N,CVS Health Corporation,108262395702.33,base,41
2016,MDT.N,Medtronic PLC,108161498136.24,base,42
2016,NKE.N,"NIKE, Inc.",106524220000.0,base,43
2016,BA.N,Boeing Co,96872933206.29,base,44
2016,ABBV.N,AbbVie Inc.,96842407363.08,base,45
2016,CELG.OQ^K19,Celgene,94089990943.92,dead-redo,46
2016,LLY.N,Eli Lilly and Company,93366530018.74,base,47
2016,MMM.N,3M Company,92750996829.68,base,48
2016,WBA.OQ^H25,Walgreens Hldg,91860689800.005,dead-redo,49
2016,SBUX.OQ,Starbucks Corp,89132544000.0,base,50
2016,KHC.OQ,The Kraft Heinz Company,88291037896.16,base,51
2016,SLB.N,SLB N.V.,87631666605.0,base,52
2016,UPS.N,United Parcel Service Inc,85684609179.21,base,53
2016,RTX.N,RTX Corporation,85216101417.59,base,54
2016,HON.OQ,Honeywell International Inc,79820510265.83,base,55
2016,GS.N,Goldman Sachs Group Inc,76874612657.4899,base,56
2016,AIG.N,"American International Group, Inc.",76657665368.64,base,57
2016,QCOM.OQ,QUALCOMM Incorporated,75132153789.94,base,58
2016,USB.N,U.S. Bancorp,74637385235.54,base,59
2016,MDLZ.OQ,Mondelez International Inc,71258269982.56,base,60
2016,COST.OQ,Costco Wholesale Corp,71024029428.0,base,61
2016,LOW.N,Lowe's Companies Inc,69584554316.28,base,62
2016,ACN.N,Accenture PLC,68752039125.0,base,63
2016,AXP.N,American Express Company,68454303944.6499,base,64
2016,BIIB.OQ,Biogen Inc.,68286367442.15,base,65
2016,ABT.N,Abbott Laboratories,66993140304.81,base,66
2016,UNP.N,Union Pacific Corporation,66792233578.8,base,67
2016,LMT.N,Lockheed Martin Corp,66729216522.1,base,68
2016,RAI.N^G17,Reynolds Amricn,65953029886.9,dead-redo,69
2016,DHR.N,Danaher Corporation,63649299964.32,base,70
2016,BKNG.OQ,Booking Holdings Inc.,63471961630.85,base,71
2016,MS.N,Morgan Stanley,61591284135.79,base,72
2016,SPG.N,Simon Property Group Inc,61211056358.1599,base,73
2016,CL.N,Colgate-Palmolive Company,59752947437.34,base,74
2016,DOW.N^I17,Dow Chem,59645479093.2,dead-redo,75
2016,ESRX.OQ^L18,Evernorth Health,59113285160.0,dead-redo,76
2016,DD.N^I17,EIDP,58368706199.9999,dead-redo,77
2016,COP.N,ConocoPhillips,57645434559.79,base,78
2016,TMO.N,Thermo Fisher Scientific Inc,56612008603.15,base,79
2016,REGN.OQ,"Regeneron Pharmaceuticals, Inc.",56493783921.84,base,80
2016,BLK.N,"BlackRock, Inc.",56388797252.28,base,81
2016,F.N,Ford Motor Co,55917999151.6599,base,82
2016,TXN.OQ,Texas Instruments Inc,55599925611.51,base,83
2016,MET.N,"MetLife, Inc.",53591512649.01,base,84
2016,TFCF.OQ^C19,Tfcf,53541348294.91,dead-redo,85
2016,TFCFA.OQ^C19,Tfcf,53541348294.91,dead-redo,86
2016,GM.N,General Motors Co,52925576709.1,base,87
2016,TWC.N^E16,TWC,52558633490.09,dead-redo,88
2016,CRM.N,"Salesforce, Inc.",52057600000.0,base,89
2016,TWX.N^F18,Time Warner,51702374122.13,dead-redo,90
2016,OXY.N,Occidental Petroleum Corp,51636182238.31,base,91
2016,EMC.N^I16,EMC US,49789342865.52,dead-redo,92
2016,DUK.N,Duke Energy Corp,49139911253.84,base,93
2016,NFLX.OQ,"Netflix, Inc.",48884672381.4399,base,94
2016,PNC.N,"The PNC Financial Services Group, Inc.",48398969749.59,base,95
2016,NEE.N,"NextEra Energy, Inc.",47845075274.34,base,96
2016,TJX.N,"The TJX Companies, Inc.",47476310537.39,base,97
2016,ADBE.OQ,Adobe Inc,46857210845.06,base,98
2016,KMB.OQ,Kimberly-Clark Corporation,46209188520.2999,base,99
2016,MCK.N,McKesson Corp,45084208882.02,base,100
2016,BNY.N,Bank of New York Mellon Corp,45051522660.0,base,101
2016,TGT.N,Target Corp,44731507402.1,base,102
2016,PYPL.OQ,"PayPal Holdings, Inc.",44225180172.0,base,103
2016,PSX.N,Phillips 66,43635414904.0,base,104
2016,GD.N,General Dynamics Corp,43423364057.6,base,105
2016,MON.N^F18,Monsanto,43375104938.52,dead-redo,106
2016,SCHW.N,The Charles Schwab Corporation,43353114343.59,base,107
2016,ALXN.OQ^G21,Alexion Pharmas,42980610797.25,dead-redo,108
2016,PSA.N,Public Storage,42832591395.7,base,109
2016,SO.N,Southern Co,42529252020.01,base,110
2016,AMT.N,American Tower Corporation,41065128175.4,base,111
2016,FDX.N,FedEx Corp,41063915501.54,base,112
2016,KR.N,Kroger Co,40772653259.95,base,113
2016,D.N,"Dominion Energy, Inc.",40268365380.4,base,114
2016,AVGO.OQ,Broadcom Inc,40132461811.25,base,115
2016,DAL.N,"Delta Air Lines, Inc.",39866347848.49,base,116
2016,CAT.N,Caterpillar Inc,39574595644.3999,base,117
2016,ADP.OQ,Automatic Data Processing Inc,39073425185.28,base,118
2016,LYB.N,LyondellBasell Industries N.V.,39056668218.7,base,119
2016,EOG.N,"EOG Resources, Inc.",38913772192.47,base,120
2016,COF.N,Capital One Financial Corp,38403026289.36,base,121
2016,CB.N,Chubb Limited,37880604886.35,base,122
2016,AET.N^K18,Aetna,37701444000.0,dead-redo,123
2016,CI.N,The Cigna Group,37694597464.24,base,124
2016,RTN.N^D20,Raytheon,37495733940.0,dead-redo,125
2016,PRU.N,Prudential Financial Inc,36553090000.0,base,126
2016,CTSH.OQ,Cognizant Technology Solutions Corporation,36496290936.52,base,127
2016,ELV.N,Elevance Health Inc,36403577931.84,base,128
2016,BRCM.OQ^B16,Broadcom Co,35212380000.0,dead-redo,129
2016,SYK.N,Stryker Corporation,34901036242.08,base,130
2016,TRV.N,"The Travelers Companies, Inc.",34334133316.56,base,131
2016,NOC.N,Northrop Grumman Corp,34231835101.23,base,132
2016,GIS.N,General Mills Inc,34212283482.42,base,133
2016,VLO.N,Valero Energy Corp,34047108242.3999,base,134
2016,ECL.N,Ecolab Inc.,33776815359.42,base,135
2016,ITW.N,Illinois Tool Works Inc,33688417614.32,base,136
2016,KMI.N,"Kinder Morgan, Inc.",33294199249.4,base,137
2016,EBAY.OQ,eBay Inc.,32993968594.92,base,138
2016,BDX.N,Becton Dickinson and Co,32638808491.34,base,139
2016,EL.N,Estee Lauder Companies Inc,32515012333.44,base,140
2016,CCL.N,Carnival Corporation Ltd,32149219440.7199,base,141
2016,PCP.N^B16,Precision Cast,31921847098.3799,dead-redo,142
2016,YUM.N,"Yum! Brands, Inc.",31502200852.35,base,143
2016,AABA.OQ^J19,Altaba,31409252089.44,dead-redo,144
2016,EMR.N,Emerson Electric Co,31154845011.19,base,145
2016,VRTX.OQ,Vertex Pharmaceuticals Incorporated,30918606097.38,base,146
2016,CME.OQ,CME Group Inc.,30643932721.8,base,147
2016,MNST.OQ,Monster Beverage Corporation,30197537790.56,base,148
2016,CB.N^A16,Chubb NJ,30116690862.0799,dead-redo,149
2016,VMRK.N,Vivmark Residential,29760396675.9599,base,150
2016,TFC.N,Truist Financial Corporation,29497471500.0,base,151
2016,CAH.N,"Cardinal Health, Inc.",29368141547.2199,base,152
2016,LIN.OQ,Linde PLC,29168181043.2,base,153
2016,HAL.N,Halliburton Company,29131886365.92,base,154
2016,MRSH.N,Marsh & McLennan Companies Inc,28925392523.65,base,155
2016,CCI.N,Crown Castle Inc,28854529490.15,base,156
2016,AEP.OQ,American Electric Power Company Inc,28613633894.87,base,157
2016,STZ.N,"Constellation Brands, Inc.",28420418052.4479,base,158
2016,ATVI.OQ^J23,Activision,28304127220.6,dead-redo,159
2016,ICE.N,Intercontinental Exchange Inc,28128295359.2399,base,160
2016,ILMN.OQ,Illumina,28100748000.0,base,161
2016,APD.N,"Air Products and Chemicals, Inc.",28058268079.38,base,162
2016,LUV.N,Southwest Airlines Co,28004290950.48,base,163
2016,BBWI.N,Bath & Body,27733603058.16,base,164
2016,MPC.N,Marathon Petroleum Corporation,27629376151.68,base,165
2016,HCA.N,"HCA Healthcare, Inc.",27570566551.0,base,166
2016,STT.N,State Street Corporation,26775338392.32,base,167
2016,AAL.OQ,American Airline,26694286576.65,base,168
2016,SPGI.N,S&P Global Inc,26646174000.0,base,169
2016,PPG.N,"PPG Industries, Inc.",26609182344.0,base,170
2016,VFC.N,VF,26537740292.25,base,171
2016,BXLT.N^F16,Baxalta,26512591125.0,dead-redo,172
2016,HPE.N,Hewlett Packard Enterprise Company,26486305915.1999,base,173
2016,HUM.N,Humana Inc.,26459453208.77,base,174
2016,PCG.N,PG&E Corp,26087240600.64,base,175
2016,JCI.N^I16,Johnson Cntrl,26000000000.0,manual-fix,176
2016,K.N^L25,Kellanova,25612321417.6499,dead-redo,177
2016,AFL.N,Aflac Incorporated,25561646872.1,base,178
2016,EXC.OQ,Exelon Corp,25536302832.6,base,179
2016,INTU.OQ,Intuit Inc.,25476417845.0,base,180
2016,SYF.N,Synchrony Financial,25356644858.75,base,181
2016,CSX.OQ,CSX Corporation,25299817326.45,base,182
2016,AON.N,Aon PLC,25257870617.67,base,183
2016,NSC.N,Norfolk Southern Corp,25256016421.35,base,184
2016,AVB.N^H26,Avalonbay US,25203197915.35,dead-redo,185
2016,TEL.N,TE Connectivity PLC,24959223746.73,base,186
2016,BSX.N,Boston Scientific Corp,24805396556.04,base,187
2016,ORLY.OQ,"O'Reilly Automotive, Inc.",24768553874.82,base,188
2016,APC.N^H19,Anadarko Petrol,24685574843.5799,dead-redo,189
2016,SHW.N,Sherwin-Williams Co,24168893694.0,base,190
2016,DE.N,Deere & Co,24118408598.5799,base,191
2016,ETN.N,Eaton Corporation PLC,24084112000.0,base,192
2016,WELL.N,Welltower Inc.,24074423065.3,base,193
2016,ALL.N,Allstate Corp,24047840467.84,base,194
2016,GGP.N^H18,GCP Retail,24012683861.73,dead-redo,195
2016,APTV.N,APTIV PLC,24011958814.1,base,196
2016,ZTS.N,Zoetis Inc,23860348634.88,base,197
2016,WM.N,Waste Management Inc,23829453627.3,base,198
2016,SRE.N,Sempra,23334264310.49,base,199
2016,SYY.N,Sysco Corporation,23145120453.0,base,200
2016,PPL.N,PPL Corp,22964219781.92,base,201
2016,DFS.N^E25,Discover Fincl,22921681463.2399,dead-redo,202
2016,PLD.N,"Prologis, Inc.",22503428120.0,base,203
2016,PSKY.OQ,Paramount Skydance Corp,22411949550.93,base,204
2016,AZO.N,"AutoZone, Inc.",22411844304.46,base,205
2016,RCL.N,Royal Caribbean Cruises Ltd.,22265733523.1099,base,206
2016,BEN.N,"Franklin Templeton, Inc.",22146842469.5,base,207
2016,ADM.N,Archer-Daniels-Midland Co,21836654405.16,base,208
2016,STI.N^L19,SunTrust Banks,21831819849.0,dead-redo,209
2016,ROST.OQ,Ross Stores Inc,21793321310.02,base,210
2016,GLW.N,Corning Incorporated,21624956203.0,base,211
2016,MTB.N,M&T Bank Corporation,21544124566.38,base,212
2016,AMAT.OQ,Applied Materials Inc,21454320372.63,base,213
2016,UAL.OQ,"United Airlines Holdings, Inc.",21362028241.8,base,214
2016,EA.OQ^H26,Electronic Arts,21358714902.2399,dead-redo,215
2016,COR.N,"Cencora, Inc.",21326192518.53,base,216
2016,PRGO.N,Perrigo Company,21184378950.1999,base,217
2016,HPQ.N,HP Inc,20914175171.2,base,218
2016,DG.N,Dollar General Corp,20909463233.7,base,219
2016,ZBH.N,"Zimmer Biomet Holdings, Inc.",20905782505.75,base,220
2016,BFb.N,Brown-Forman Corporation,20905200467.44,base,221
2016,FISV.OQ,Fiserv Inc,20902149136.16,base,222
2016,HRL.N,Hormel Foods Corp,20895208759.2,base,223
2016,BAX.N,Baxter International Inc.,20868725255.0,base,224
2016,CERN.OQ^F22,Cerner,20584441423.59,dead-redo,225
2016,ISRG.OQ,Intuitive Surgical Inc,20407383093.6,base,226
2016,BKR.OQ,Baker Hughes Company,20125400051.25,base,227
2016,MCO.N,Moody's Corporation,19841281067.62,base,228
2016,BXP.N,"BXP, Inc.",19587588863.64,base,229
2016,PEG.N,Public Service Enterprise Group Incorporated,19575664208.64,base,230
2016,TSN.N,Tyson Foods Inc,19415392222.14,base,231
2016,LVLT.N^K17,Level 3 Parent,19366679556.0,dead-redo,232
2016,HSY.N,The Hershey Company,19353136462.68,base,233
2016,EIX.N,Edison International,19291281507.26,base,234
2016,WMB.N,"The Williams Companies, Inc.",19268953740.8999,base,235
2016,ROP.OQ,"Roper Technologies, Inc.",19131816820.3099,base,236
2016,PAYX.OQ,"Paychex, Inc.",19090445205.57,base,237
2016,VNO.N,Vornado Realty,18850142225.8799,base,238
2016,ED.N,"Consolidated Edison, Inc.",18843466421.66,base,239
2016,VTR.N,"Ventas, Inc.",18790217993.25,base,240
2016,PXD.N^E24,Pioneer Natl Rsc,18729003484.22,dead-redo,241
2016,EXPE.OQ,"Expedia Group, Inc.",18678235209.7,base,242
2016,PGR.N,The Progressive Corporation,18588506991.0,base,243
2016,AMP.N,Ameriprise Financial Inc,18528952428.04,base,244
2016,OMC.N,Omnicom Group Inc,18329028810.3,base,245
2016,CAG.N,Conagra Brands,18302900352.3999,base,246
2016,XEL.OQ,Xcel Energy Inc,18224216479.98,base,247
2016,DLTR.OQ,Dollar Tree Inc,18130943027.34,base,248
2016,EQIX.OQ,"Equinix, Inc.",18110685499.1999,base,249
2016,TROW.OQ,"T. Rowe Price Group, Inc.",17950807786.8299,base,250
2016,HIG.N,"The Hartford Insurance Group, Inc.",17801646514.76,base,251
2016,DOC.N,"Healthpeak Properties, Inc",17783215372.32,base,252
2016,NVDA.OQ,NVIDIA Corporation,17732480000.0,base,253
2016,KDP.OQ,Keurig Dr Pepper Inc,17506828638.8,base,254
2016,STJ.N^A17,St Jude Med,17459925433.83,dead-redo,255
2016,UAA.N,Under Armour,17396918409.24,base,256
2016,ADI.OQ,"Analog Devices, Inc.",17263196928.24,base,257
2016,MAR.OQ,"Marriott International, Inc.",17237921791.2,base,258
2016,FIS.N,Fidelity National Information Services Inc,17098510462.8,base,259
2016,EW.N,Edwards Lifesciences Corporation,17036748788.84,base,260
2016,NLSN.N^J22,Nielsen Holdings,16965100097.2,dead-redo,261
2016,BFH.N,Bread Fincl Hldg,16909021566.99,base,262
2016,APA.OQ,APA Corporation,16810290406.72,base,263
2016,PCAR.OQ,Paccar Inc,16753802644.8,base,264
2016,NTRS.OQ,Northern Trust Corporation,16668671715.36,base,265
2016,VIAB.OQ^L19,Viacom,16433803679.63,dead-redo,266
2016,CLX.N,The Clorox Company,16372622310.55,base,267
2016,CPB.OQ,Campbell's Co,16292104824.4499,base,268
2016,ES.N,Eversource Energy,16198957086.43,base,269
2016,WEC.N,"WEC Energy Group, Inc.",16197720179.76,base,270
2016,APH.N,Amphenol Corp,16100485139.73,base,271
2016,SE.N^B17,Spectra Energy,16073573187.42,dead-redo,272
2016,SWK.N,Stanley Black & Decker Inc,15980289599.95,base,273
2016,ESS.N,"Essex Property Trust, Inc.",15809472867.4,base,274
2016,FITB.N,Fifth Third Bancorp,15780114311.4,base,275
2016,CMI.N,Cummins Inc,15632448676.78,base,276
2016,IP.N,International Paper Co,15629172959.4,base,277
2016,MJN.N^F17,Mead Johnson,15563650744.75,dead-redo,278
2016,TAP.N,Molson Coors Beverage Company,15539938252.66,base,279
2016,WY.N,Weyerhaeuser Company,15304156912.34,base,280
2016,RSG.N,Republic Services Inc,15275014752.56,base,281
2016,SNDK.OQ^E16,Sandsk,15250546629.06,dead-redo,282
2016,RHT.N^G19,Red Hat,15123189002.74,dead-redo,283
2016,CMG.N,"Chipotle Mexican Grill, Inc.",14965323314.55,base,284
2016,SJM.N,The J. M. Smucker Company,14760703152.72,base,285
2016,SWKS.OQ,"Skyworks Solutions, Inc.",14686138167.8699,base,286
2016,MU.OQ,"Micron Technology, Inc.",14658997323.84,base,287
2016,DVA.N,DaVita Inc,14621968558.3699,base,288
2016,TT.N,Trane Technologies PLC,14433398933.55,base,289
2016,DTE.N,DTE Energy Company,14392150368.75,base,290
2016,IVZ.N,Invesco Ltd,14190909803.9999,base,291
2016,GEN.OQ,Gen Digital Inc.,14186048184.0,base,292
2016,NBL.OQ^J20,Noble Energy,14121816290.35,dead-redo,293
2016,MHK.N,Mohawk Inds,14000989833.96,base,294
2016,BCR.N^L17,CR Bard,13996980889.6,dead-redo,295
2016,WDC.OQ,Western Digital Corp,13914536131.9499,base,296
2016,A.N,Agilent Technologies Inc,13888064910.9,base,297
2016,HES.N^G25,Hess,13869991916.64,dead-redo,298
2016,ENDP.OQ^H22,Endo Intl,13863228962.1199,dead-redo,299
2016,LUMN.N,Lumen Tech,13812945797.8,base,300
2016,ADSK.OQ,"Autodesk, Inc.",13728940199.73,base,301
2016,L.N,Loews Corporation,13606756531.1999,base,302
2016,ROK.N,Rockwell Automation Inc,13485321828.36,base,303
2016,FE.N,FirstEnergy Corp,13423115742.86,base,304
2016,GMCR.OQ^C16,Keurig Green,13400363279.6,dead-redo,305
2016,EFX.N,Equifax Inc.,13168870029.77,base,306
2016,PFG.OQ,Principal Financial Group Inc,13167946277.1999,base,307
2016,DVN.N,Devon Energy Corporation,13152000000.0,base,308
2016,HSIC.OQ,"Henry Schein, Inc.",13118026607.16,base,309
2016,PH.N,Parker-Hannifin Corp,13102247820.48,base,310
2016,VRSK.OQ,"Verisk Analytics, Inc.",13025392539.2799,base,311
2016,GPC.N,Genuine Parts Co,12949053309.36,base,312
2016,HWM.N,Howmet Aerospace Inc.,12931280591.6699,base,313
2016,O.N,Realty Income Corporation,12929017163.91,base,314
2016,NUE.N,Nucor Corporation,12880480389.4,base,315
2016,MAC.N,Macerich,12775462839.21,base,316
2016,AME.N,AMETEK Inc,12748127569.38,base,317
2016,GWW.N,WW Grainger Inc,12720327482.34,base,318
2016,ANDV.N^J18,Andeavor US,12685539082.25,dead-redo,319
2016,VMC.N,Vulcan Materials Co,12661304575.27,base,320
2016,NOV.N,Nov,12584362951.06,base,321
2016,LRCX.OQ,Lam Research Corporation,12579531794.06,base,322
2016,RF.N,Regions Financial Corporation,12532499462.4,base,323
2016,CA.OQ^K18,CA,12530462952.0,dead-redo,324
2016,LH.N,Labcorp Holdings Inc.,12512368000.0,base,325
2016,LNC.N,LNC,12437892158.4399,base,326
2016,TRIP.OQ,Tripadvisor,12381975127.5,base,327
2016,ETR.N,Entergy Corp,12194521648.0,base,328
2016,COL.N^K18,Rockwell Collins,12119521924.9,dead-redo,329
2016,MSI.N,Motorola Solutions Inc,12085646311.5,base,330
2016,XLNX.OQ^B22,Xilinx,12070116501.52,dead-redo,331
2016,CAM.N^D16,Cameron Intl,12066247521.6,dead-redo,332
2016,DHI.N,"D.R. Horton, Inc.",11837356183.24,base,333
2016,FAST.OQ,Fastenal Company,11820724259.24,base,334
2016,NWL.OQ,Newell Brands,11773768000.0,base,335
2016,UHS.N,Universal Health Services Inc,11770987015.1099,base,336
2016,WRK.N^G24,WestRock Co,11723082028.5,dead-redo,337
2016,HOT.N^I16,Starwood Hotls,11691319034.4,dead-redo,338
2016,CTXS.OQ^J22,Citrix Systems,11636819415.55,dead-redo,339
2016,CBRE.N,"CBRE Group, Inc.",11555477708.32,base,340
2016,XL.N^I18,XL Grp,11549636806.56,dead-redo,341
2016,HBI.N^L25,Hanesbrands,11531309011.11,dead-redo,342
2016,HST.OQ,"Host Hotels & Resorts, Inc.",11529708429.46,base,343
2016,TXT.N,Textron Inc,11496893419.98,base,344
2016,TSCO.OQ,Tractor Supply Company,11485549903.5,base,345
2016,WHR.N,Whirlpool,11484416962.19,base,346
2016,WFM.OQ^H17,Whole Foods,11432488418.5,dead-redo,347
2016,SLG.N,SL Green Realty,11269818155.82,base,348
2016,CCEP.OQ,Coca-Cola UK,11175129627.08,base,349
2016,CHD.N,Church & Dwight Co Inc,11129712006.64,base,350
2016,WBD.OQ,"Warner Bros. Discovery, Inc.",11086891581.9299,base,351
2016,DISCK.OQ^D22,Warner Bros Dis,11086891581.9299,dead-redo,352
2016,AAP.N,Advance Auto,11022840214.47,base,353
2016,KEY.N,KeyCorp,11018489740.75,base,354
2016,M.N,Macy's,10996576129.4399,base,355
2016,WAT.N,Waters Corp,10990312858.2,base,356
2016,STX.OQ,Seagate Technology Holdings PLC,10962508207.56,base,357
2016,KIM.N,Kimco Realty Corp,10939377803.76,base,358
2016,MKC.N,"McCormick & Company, Incorporated",10904538272.01,base,359
2016,KLAC.OQ,KLA Corporation,10814833878.9,base,360
2016,LHX.N,"L3Harris Technologies, Inc.",10811498476.9,base,361
2016,XRX.OQ,Xerox Hlngs,10761843890.0,base,362
2016,JNPR.N^G25,Juniper Networks,10610178327.6,dead-redo,363
2016,KMX.N,Carmax,10563511562.31,base,364
2016,AEE.N,Ameren Corporation,10489102317.5399,base,365
2016,BBY.N,"Best Buy Co., Inc.",10435815717.6,base,366
2016,SRCL.OQ^K24,Stericycle,10249163865.0,dead-redo,367
2016,DGX.N,Quest Diagnostics Inc,10197898013.7,base,368
2016,LLTC.OQ^C17,Linear Tech,10156490655.73,dead-redo,369
2016,LEN.N,Lennar Corp,10067036920.31,base,370
2016,CMS.N,CMS Energy Corporation,10025897627.68,base,371
2016,EMN.N,Eastman Chemical,9978841385.39,base,372
2016,ARG.N^E16,Airgas,9966994229.92,dead-redo,373
2016,SNA.N,Snap-On Inc,9950844294.44,base,374
2016,GAP.N,Gap,9926982734.5,base,375
2016,BALL.N,Ball Corp,9914642985.17,base,376
2016,CTAS.OQ,Cintas Corporation,9845277745.65,base,377
2016,SIG.N,Signet,9837309121.92,base,378
2016,TIF.N^A21,Tiffany,9781281426.18,dead-redo,379
2016,VRSN.OQ,"VeriSign, Inc.",9741265672.32,base,380
2016,MOS.N,Mosaic Co,9725895913.03999,base,381
2016,CINF.OQ,Cincinnati Financial Corporation,9695116272.13,base,382
2016,BWA.N,Borgwarner,9689796174.63,base,383
2016,IFF.N,International Flavors & Fragrances Inc.,9601135363.68,base,384
2016,NDAQ.OQ,Nasdaq Inc,9553639182.78,base,385
2016,MAS.N,Masco Corporation,9522160854.5,base,386
2016,NEM.N,Newmont Corporation,9518823896.96,base,387
2016,CF.N,CF Industries Holdings Inc,9511804462.16,base,388
2016,DOV.N,Dover Corp,9500944921.15,base,389
2016,IPG.N^K25,Interpublic Grp,9459781835.76,dead-redo,390
2016,MCHP.OQ,Microchip Technology Inc,9453313377.82,base,391
2016,RL.N,Ralph Lauren Corporation,9441745424.04,base,392
2016,LLL.N^G19,L3 Tech,9368117731.81,dead-redo,393
2016,AKAM.OQ,Akamai Technologies Inc,9364927096.39,base,394
2016,MAT.OQ,Mattel,9220251657.76,base,395
2016,TSS.N^I19,TSYS,9162672916.8,dead-redo,396
2016,JWN.N^E25,Nordstrom,9158463187.22,dead-redo,397
2016,TPR.N,"Tapestry, Inc.",9083164663.67999,base,398
2016,WU.N,Western Union,9049582871.19,base,399
2016,KSS.N,Kohls,9041138078.83,base,400
2016,MLM.N,"Martin Marietta Materials, Inc.",9033477684.8,base,401
2016,PNR.N,Pentair PLC,8937970474.29,base,402
2016,CHRW.OQ,"C.H. Robinson Worldwide, Inc.",8907613631.14,base,403
2016,CVC.N^F16,Cablevision syst,8826674589.69999,dead-redo,404
2016,HBAN.OQ,Huntington Bancshares Inc,8811053406.4,base,405
2016,SEE.N^D26,Sealed Air,8805103888.4,dead-redo,406
2016,GT.OQ,Goodyear Tire,8785228966.47,base,407
2016,HOG.N,Harley Davidson,8708531164.53,base,408
2016,MNK.N^J20,Keenova,8653127893.72,dead-redo,409
2016,SCG.N^A19,SCANA,8645044309.33,dead-redo,410
2016,ETFC.OQ^J20,E*TRADE Financl,8635176543.24,dead-redo,411
2016,AMG.N,Affiliated Mngrs,8632948563.84,base,412
2016,MRO.N^K24,Marathn Oil,8526704860.44,dead-redo,413
2016,XRAY.OQ,Dentsply Sirona,8521153238.1,base,414
2016,XEC.N^J21,Coterra,8451739729.4,dead-redo,415
2016,TNL.N,Travel + Leisure,8435100900.0,base,416
2016,EXPD.N,Expeditors International of Washington Inc,8407242085.0,base,417
2016,JBHT.OQ,"J.B. Hunt Transport Services, Inc.",8407202720.0,base,418
2016,HAS.OQ,"Hasbro, Inc.",8394642597.44,base,419
2016,PCL.N^B16,Plum Creek Timb,8307882307.67999,dead-redo,420
2016,DRI.N,Darden Restaurants Inc,8160968187.12,base,421
2016,KSU.N^L21,KC Southern,8149218945.51,dead-redo,422
2016,UNM.N,Unum Group,8104364112.45,base,423
2016,EQT.N,EQT Corporation,7951910200.0,base,424
2016,CNP.N,"CenterPoint Energy, Inc.",7899613826.76,base,425
2016,BBBY.OQ^E23,20230930-DK,7893094607.25,dead-redo,426
2016,NWS.OQ,News Corporation,7884279951.6,base,427
2016,NWSA.OQ,News Corporation,7884279951.6,base,428
2016,HRB.N,H&R Block,7859493633.94,base,429
2016,FCX.N,Freeport-McMoRan Inc,7825241342.00999,base,430
2016,CPGX.N^G16,Columbia Inc,7782327000.0,dead-redo,431
2016,VAR.N^D21,Varian Med Syst,7756454903.2,dead-redo,432
2016,NTAP.OQ,NetApp Inc,7755890246.44,base,433
2016,GAS.N^G16,Southern Gas,7672510188.54,dead-redo,434
2016,CMA.N^B26,Comerica,7392817311.45,dead-redo,435
2016,CTRA.N^E26,Coterra Energy,7321442646.95,dead-redo,436
2016,QRVO.OQ,Qorvo,7194263008.0,base,437
2016,CPRI.N,Capri Holdings,7187035126.08,base,438
2016,PNW.N,Pinnacle West Capital Corporation,7147592008.96,base,439
2016,SNI.OQ^C18,Scripps Networks,7104924162.01,dead-redo,440
2016,GRMN.N,Garmin Ltd.,7075012140.0,base,441
2016,GL.N,Globe Life Inc.,7049557947.4,base,442
2016,WYNN.OQ,"Wynn Resorts, Limited",7027525345.28,base,443
2016,FFIV.OQ,F5 Inc,6823893154.55999,base,444
2016,URI.N,"United Rentals, Inc.",6733769306.94,base,445
2016,FSLR.OQ,"First Solar, Inc.",6715590934.03,base,446
2016,HAR.N^C17,HARMAN,6696539691.05999,dead-redo,447
2016,FLR.N,Fluor,6686941588.92,base,448
2016,FTI.N^A17,FMC Technologies,6613711839.15,dead-redo,449
2016,AN.N,AutoNation,6599878133.37999,base,450
2016,POM.N^C16,Pepco Hldg,6596583137.91,dead-redo,451
2016,XYL.N,Xylem Inc,6546865168.5,base,452
2016,AES.N,The AES Corporation,6439290880.77,base,453
2016,ALLE.N,Allegion PLC,6322514689.28,base,454
2016,JEF.N,Jefferies Fincl,6301058324.31,base,455
2016,TE.N^G16,Teco Energy,6268899754.0,dead-redo,456
2016,AIV.N,Aimco,6261634506.35,base,457
2016,RHI.N,Robert Half,6254829825.0,base,458
2016,PHM.N,"PulteGroup, Inc.",6221623888.26,base,459
2016,NI.N,NiSource Inc.,6217276672.8,base,460
2016,SPLS.OQ^I17,Staples,6095108559.96,dead-redo,461
2016,PVH.N,PVH,6035330117.7,base,462
2016,RVTY.N,"Revvity, Inc.",5996314504.73,base,463
2016,HP.N,Helmerich,5795103245.4,base,464
2016,AVY.N,Avery Dennison Corp,5708468112.88,base,465
2016,IRM.N,Iron Mountain Inc,5703240450.23,base,466
2016,TGNA.N^C26,Tegna,5657595407.2,dead-redo,467
2016,ZION.OQ,Zions Bancorp,5577240286.8,base,468
2016,FLS.N,Flowserve,5506972906.24,base,469
2016,FTR.OQ^D20,Frontier Comm,5455550040.0,dead-redo,470
2016,ADT.N^E16,ADT Security,5439625228.2,dead-redo,471
2016,NFX.N^B19,Ovintiv Exp,5320705822.96,dead-redo,472
2016,AIZ.N,Assurant Inc,5302680630.76,base,473
2016,FMC.N,FMC,5229950554.01,base,474
2016,OKE.N,"ONEOK, Inc.",5171967150.48,base,475
2016,J.N,Jacobs Solutions Inc,5162810663.2,base,476
2016,PBCT.OQ^D22,Peoples Uni,5010269603.79999,dead-redo,477
2016,CSRA.N^D18,CSRA,4917948240.0,dead-redo,478
2016,RIG.N,Transocea,4601451561.07681,base,479
2016,PDCO.OQ^D25,Patterson,4495230300.0,dead-redo,480
2016,LM.N^H20,Legg Mason,4226195724.09999,dead-redo,481
2016,RRC.N,Range Resource,4168187800.19,base,482
2016,NAVI.OQ,Navient,4148434088.29999,base,483
2016,PBI.N,Pitney Bowes,4069087187.54999,base,484
2016,FLIR.OQ^E21,FLIR System,3877426011.55,dead-redo,485
2016,MUR.N,Murphy Oil,3861955255.85,base,486
2016,DNB.N^B19,Dun & Bradstreet,3755310900.47,dead-redo,487
2016,NRG.N,NRG Energy Inc,3697855380.56,base,488
2016,VAL.N^H20,Valaris,3623961819.78,dead-redo,489
2016,TDC.N,Teradata,3513860000.0,base,490
2016,PWR.N,Quanta Services Inc,3235101342.75,base,491
2016,R.N,Ryder,3036148262.50999,base,492
2016,THC.N,Tenet Healthcare,3019977002.4,base,493
2016,CHK.N^F20,Expand Energy,2992818177.0,dead-redo,494
2016,GME.N,GameStop,2934956053.2,base,495
2016,DO.N^D20,Diamond Offshore,2894048696.6,dead-redo,496
2016,OI.N,"O-i Glass, Inc",2801794179.86,base,497
2016,SWN.N^J24,Swestn Energy,2733642625.59,dead-redo,498
2016,URBN.OQ,Urban Outfitters,2669057391.0,base,499
2016,CNX.N,CNX Resources,1809528464.4,base,500
2016,FOSL.OQ,Fossil Group,1759224753.84,base,501
2016,VTRS.OQ,Viatris Inc.,1018104048.35999,base,502
2017,AAPL.OQ,Apple Inc.,608960249120.0,base,1
2017,GOOGL.OQ,Alphabet Inc.,539067897721.81,base,2
2017,GOOG.OQ,Alphabet Inc.,539067897721.81,base,3
2017,MSFT.OQ,Microsoft Corporation,483160280132.14,base,4
2017,BRKb.N,Berkshire Hathaway Inc,400566669540.78,base,5
2017,XOM.N,Exxonmobil Holdings Corp,374280539604.76,base,6
2017,AMZN.OQ,Amazon.com Inc,356313123601.49,base,7
2017,META.OQ,"Meta Platforms, Inc.",331593368343.899,base,8
2017,JNJ.N,Johnson & Johnson,313432460382.88,base,9
2017,JPM.N,JPMorgan Chase & Co,308768424548.62,base,10
2017,GE.N,General Electric Company,279545924000.0,base,11
2017,WFC.N,Wells Fargo & Co,276779119817.97,base,12
2017,T.N,AT&T Inc,261176730000.0,base,13
2017,PG.N,The Procter & Gamble Company,224997451417.919,base,14
2017,BAC.N,Bank of America Corporation,224376709653.4,base,15
2017,CVX.N,Chevron Corporation,222190448964.0,base,16
2017,VZ.N,Verizon Communications Inc,217610720357.76,base,17
2017,WMT.OQ,Walmart Inc,212418913950.72,base,18
2017,PFE.N,Pfizer Inc.,197100174687.36,base,19
2017,V.N,Visa Inc.,181544797295.199,base,20
2017,KO.N,Coca-Cola Co,178815297387.36,base,21
2017,INTC.OQ,Intel Corp,171883530000.0,base,22
2017,C.N,Citigroup Inc,169359468638.639,base,23
2017,DIS.N,The Walt Disney Company,165862063544.04,base,24
2017,CMCSA.OQ,Comcast Corporation,165225076805.699,base,25
2017,HD.N,"The Home Depot, Inc.",163331022857.6,base,26
2017,MRK.N,Merck & Co Inc,162312685625.789,base,27
2017,IBM.N,International Business Machines Corporation,157832346920.49,base,28
2017,ORCL.N,Oracle Corporation,157735472850.0,base,29
2017,UNH.N,UnitedHealth Group Inc,152328667848.8,base,30
2017,CSCO.OQ,Cisco Systems Inc,151697114985.479,base,31
2017,PEP.OQ,"PepsiCo, Inc.",150058579845.6,base,32
2017,PM.N,Philip Morris International Inc,141933001436.1,base,33
2017,MO.N,Altria Group Inc,131877307168.32,base,34
2017,SLB.N,SLB N.V.,116800340096.05,base,35
2017,MA.N,Mastercard Incorporated,112502690723.5,base,36
2017,AMGN.OQ,Amgen Inc,108768904777.33,base,37
2017,MMM.N,3M Company,107403855226.569,base,38
2017,KHC.OQ,The Kraft Heinz Company,106292035523.079,base,39
2017,ABBV.N,AbbVie Inc.,101763700131.44,base,40
2017,MCD.N,McDonald's Corp,101081598278.44,base,41
2017,UPS.N,United Parcel Service Inc,100041223195.44,base,42
2017,MDT.N,Medtronic PLC,97802159891.3,base,43
2017,BMY.N,Bristol-Myers Squibb Company,97666678044.2399,base,44
2017,QCOM.OQ,QUALCOMM Incorporated,96293011796.8,base,45
2017,BA.N,Boeing Co,96080387623.36,base,46
2017,GS.N,Goldman Sachs Group Inc,95217105010.65,base,47
2017,GILD.OQ,"Gilead Sciences, Inc.",94343029244.31,base,48
2017,CELG.OQ^K19,Celgene,92055415387.5,dead-redo,49
2017,RTX.N,RTX Corporation,90261731408.94,base,50
2017,WBA.OQ^H25,Walgreens Hldg,89547822738.8799,dead-redo,51
2017,HON.OQ,Honeywell International Inc,88292147537.65,base,52
2017,USB.N,U.S. Bancorp,87312375383.75,base,53
2017,CHTR.OQ,"Charter Communications, Inc.",86855499376.72,base,54
2017,UNP.N,Union Pacific Corporation,85443976949.76,base,55
2017,NKE.N,"NIKE, Inc.",84654020690.98,base,56
2017,CVS.N,CVS Health Corporation,84152715220.34,base,57
2017,LLY.N,Eli Lilly and Company,81195392316.5,base,58
2017,AGN.N^E20,Allergan,81088580222.78,dead-redo,59
2017,SBUX.OQ,Starbucks Corp,80803808000.0,base,60
2017,RAI.N^G17,Reynolds Amricn,80086532630.56,dead-redo,61
2017,MS.N,Morgan Stanley,79126699460.25,base,62
2017,ACN.N,Accenture PLC,76126457854.2,base,63
2017,TWX.N^F18,Time Warner,74614496902.92,dead-redo,64
2017,LMT.N,Lockheed Martin Corp,73226759858.76,base,65
2017,TXN.OQ,Texas Instruments Inc,72932473572.16,base,66
2017,BKNG.OQ,Booking Holdings Inc.,72342742428.48,base,67
2017,COST.OQ,Costco Wholesale Corp,70326771477.84,base,68
2017,AVGO.OQ,Broadcom Inc,70235936775.62,base,69
2017,MDLZ.OQ,Mondelez International Inc,68463770971.31,base,70
2017,AXP.N,American Express Company,67802118476.32,base,71
2017,AIG.N,"American International Group, Inc.",67082194621.89,base,72
2017,DOW.N^I17,Dow Chem,64591535865.6,dead-redo,73
2017,DD.N^I17,EIDP,63992264620.0,dead-redo,74
2017,COP.N,ConocoPhillips,62124834287.26,base,75
2017,LOW.N,Lowe's Companies Inc,61863529450.24,base,76
2017,BIIB.OQ,Biogen Inc.,61699770754.82,base,77
2017,BLK.N,"BlackRock, Inc.",61673868546.3,base,78
2017,CB.N,Chubb Limited,61480608365.88,base,79
2017,MET.N,"MetLife, Inc.",59232407622.13,base,80
2017,EOG.N,"EOG Resources, Inc.",58279872762.2999,base,81
2017,CL.N,Colgate-Palmolive Company,58165860005.7599,base,82
2017,NVDA.OQ,NVIDIA Corporation,57105900000.0,base,83
2017,PNC.N,"The PNC Financial Services Group, Inc.",56901222691.52,base,84
2017,ABT.N,Abbott Laboratories,56551408778.4299,base,85
2017,SPG.N,Simon Property Group Inc,55830579645.39,base,86
2017,NEE.N,"NextEra Energy, Inc.",55819832532.42,base,87
2017,TMO.N,Thermo Fisher Scientific Inc,55738059247.5,base,88
2017,OXY.N,Occidental Petroleum Corp,54433146498.85,base,89
2017,CAT.N,Caterpillar Inc,54259631532.8999,base,90
2017,DHR.N,Danaher Corporation,53842092865.12,base,91
2017,DUK.N,Duke Energy Corp,53475629294.64,base,92
2017,NFLX.OQ,"Netflix, Inc.",53128153847.4,base,93
2017,GM.N,General Motors Co,53108144576.76,base,94
2017,GD.N,General Dynamics Corp,52578345503.0,base,95
2017,TFCFA.OQ^C19,Tfcf,52406429777.52,dead-redo,96
2017,TFCF.OQ^C19,Tfcf,52406429777.52,dead-redo,97
2017,SCHW.N,The Charles Schwab Corporation,52324279168.45,base,98
2017,ADBE.OQ,Adobe Inc,51189521709.0,base,99
2017,BNY.N,Bank of New York Mellon Corp,50096609102.98,base,100
2017,FDX.N,FedEx Corp,49624029798.0,base,101
2017,TJX.N,"The TJX Companies, Inc.",48977302521.07,base,102
2017,SO.N,Southern Co,48206174421.2,base,103
2017,F.N,Ford Motor Co,48201158376.99,base,104
2017,D.N,"Dominion Energy, Inc.",48002817654.81,base,105
2017,CRM.N,"Salesforce, Inc.",47696081999.9999,base,106
2017,PYPL.OQ,"PayPal Holdings, Inc.",47626314304.52,base,107
2017,HAL.N,Halliburton Company,46758220309.35,base,108
2017,ADP.OQ,Automatic Data Processing Inc,46371583243.26,base,109
2017,KMI.N,"Kinder Morgan, Inc.",46232264114.54,base,110
2017,MON.N^F18,Monsanto,46184208620.75,dead-redo,111
2017,AMT.N,American Tower Corporation,45116245311.36,base,112
2017,PSX.N,Phillips 66,45006666214.0499,base,113
2017,SYK.N,Stryker Corporation,44863060333.58,base,114
2017,PRU.N,Prudential Financial Inc,44745800000.0,base,115
2017,AET.N^K18,Aetna,43104556000.0,dead-redo,116
2017,ITW.N,Illinois Tool Works Inc,42984040950.24,base,117
2017,ESRX.OQ^L18,Evernorth Health,42793497400.0,dead-redo,118
2017,RTN.N^D20,Raytheon,42643417340.0,dead-redo,119
2017,COF.N,Capital One Financial Corp,42075972827.3999,base,120
2017,NOC.N,Northrop Grumman Corp,40995003633.26,base,121
2017,KMB.OQ,Kimberly-Clark Corporation,40872697671.6,base,122
2017,TGT.N,Target Corp,40571263364.72,base,123
2017,APC.N^H19,Anadarko Petrol,39262788014.25,dead-redo,124
2017,CME.OQ,CME Group Inc.,39143689484.5499,base,125
2017,PSA.N,Public Storage,38763899674.4999,base,126
2017,REGN.OQ,"Regeneron Pharmaceuticals, Inc.",38717092059.9099,base,127
2017,JCI.N,Johnson Controls International PLC,38583418744.95,base,128
2017,HPE.N,Hewlett Packard Enterprise Company,38523869938.58,base,129
2017,TFC.N,Truist Financial Corporation,38153170633.02,base,130
2017,ELV.N,Elevance Health Inc,37874106882.92,base,131
2017,AABA.OQ^J19,Altaba,37115442349.7999,dead-redo,132
2017,DAL.N,"Delta Air Lines, Inc.",36838768680.82,base,133
2017,EMR.N,Emerson Electric Co,35928089897.25,base,134
2017,GIS.N,General Mills Inc,35827296271.44,base,135
2017,BDX.N,Becton Dickinson and Co,35300564387.55,base,136
2017,LYB.N,LyondellBasell Industries N.V.,34957393536.94,base,137
2017,MRSH.N,Marsh & McLennan Companies Inc,34848989335.35,base,138
2017,TRV.N,"The Travelers Companies, Inc.",34774473888.88,base,139
2017,AMAT.OQ,Applied Materials Inc,34740918224.18,base,140
2017,CI.N,The Cigna Group,34246366922.8199,base,141
2017,ECL.N,Ecolab Inc.,34175724385.02,base,142
2017,CTSH.OQ,Cognizant Technology Solutions Corporation,33993657337.25,base,143
2017,CSX.OQ,CSX Corporation,33654233754.16,base,144
2017,ICE.N,Intercontinental Exchange Inc,33608044433.6,base,145
2017,LIN.OQ,Linde PLC,33444735855.29,base,146
2017,EBAY.OQ,eBay Inc.,33191236003.6,base,147
2017,DE.N,Deere & Co,32823441150.08,base,148
2017,EXC.OQ,Exelon Corp,32766863443.86,base,149
2017,KR.N,Kroger Co,32374681844.05,base,150
2017,MAR.OQ,"Marriott International, Inc.",32284871517.6,base,151
2017,MCK.N,McKesson Corp,31753913531.9999,base,152
2017,PXD.N^E24,Pioneer Natl Rsc,31669878328.2,dead-redo,153
2017,NSC.N,Norfolk Southern Corp,31550197336.4499,base,154
2017,WM.N,Waste Management Inc,31342438828.26,base,155
2017,CCI.N,Crown Castle Inc,31289683875.7399,base,156
2017,APD.N,"Air Products and Chemicals, Inc.",31271297331.78,base,157
2017,AEP.OQ,American Electric Power Company Inc,30958158117.68,base,158
2017,VLO.N,Valero Energy Corp,30926056334.8799,base,159
2017,STZ.N,"Constellation Brands, Inc.",30824637136.17,base,160
2017,PCG.N,PG&E Corp,30729364994.38,base,161
2017,LUV.N,Southwest Airlines Co,30681391261.92,base,162
2017,HUM.N,Humana Inc.,30421113551.37,base,163
2017,ETN.N,Eaton Corporation PLC,30304553000.0,base,164
2017,SYY.N,Sysco Corporation,30283586579.3299,base,165
2017,STT.N,State Street Corporation,29979295288.16,base,166
2017,SYF.N,Synchrony Financial,29939644239.57,base,167
2017,BSX.N,Boston Scientific Corp,29453074591.5,base,168
2017,INTU.OQ,Intuit Inc.,29416791684.3,base,169
2017,AON.N,Aon PLC,29342878950.38,base,170
2017,SE.N^B17,Spectra Energy,29118572779.2399,dead-redo,171
2017,DFS.N^E25,Discover Fincl,28684614469.07,dead-redo,172
2017,AFL.N,Aflac Incorporated,28403905324.8,base,173
2017,EL.N,Estee Lauder Companies Inc,28029025048.6499,base,174
2017,CCL.N,Carnival Corporation Ltd,27987564545.1,base,175
2017,PLD.N,"Prologis, Inc.",27905533060.0,base,176
2017,SPGI.N,S&P Global Inc,27863614000.0,base,177
2017,HCA.N,"HCA Healthcare, Inc.",27734235514.0,base,178
2017,BKR.OQ,Baker Hughes Company,27468927934.19,base,179
2017,ALXN.OQ^G21,Alexion Pharmas,27460621741.0,dead-redo,180
2017,PSKY.OQ,Paramount Skydance Corp,27382806222.2832,base,181
2017,ALL.N,Allstate Corp,27294456151.4,base,182
2017,STI.N^L19,SunTrust Banks,27234367369.46,dead-redo,183
2017,ATVI.OQ^J23,Activision,27231337913.44,dead-redo,184
2017,MPC.N,Marathon Petroleum Corporation,26575494766.15,base,185
2017,ZTS.N,Zoetis Inc,26434855919.73,base,186
2017,ORLY.OQ,"O'Reilly Automotive, Inc.",26298941578.36,base,187
2017,ADM.N,Archer-Daniels-Midland Co,26266995163.75,base,188
2017,ROST.OQ,Ross Stores Inc,25854301126.3999,base,189
2017,K.N^L25,Kellanova,25745911956.05,dead-redo,190
2017,EQIX.OQ,"Equinix, Inc.",25511674540.77,base,191
2017,MNST.OQ,Monster Beverage Corporation,25317041653.86,base,192
2017,HPQ.N,HP Inc,25308893463.28,base,193
2017,SRE.N,Sempra,25166136322.72,base,194
2017,PPG.N,"PPG Industries, Inc.",25016189321.44,base,195
2017,SHW.N,Sherwin-Williams Co,24968026316.34,base,196
2017,FIS.N,Fidelity National Information Services Inc,24827155859.88,base,197
2017,TEL.N,TE Connectivity PLC,24618164494.88,base,198
2017,ISRG.OQ,Intuitive Surgical Inc,24572191965.87,base,199
2017,WELL.N,Welltower Inc.,24264243936.87,base,200
2017,AVB.N^H26,Avalonbay US,24256708914.48,dead-redo,201
2017,MTB.N,M&T Bank Corporation,24254255313.74,base,202
2017,AAL.OQ,American Airline,24191263533.64,base,203
2017,BAX.N,Baxter International Inc.,24117409962.24,base,204
2017,APA.OQ,APA Corporation,24082379828.98,base,205
2017,DVN.N,Devon Energy Corporation,23912812000.0,base,206
2017,EA.OQ^H26,Electronic Arts,23889983647.53,dead-redo,207
2017,VMRK.N,Vivmark Residential,23534063278.6,base,208
2017,EIX.N,Edison International,23455148719.94,base,209
2017,WMB.N,"The Williams Companies, Inc.",23381075421.54,base,210
2017,YUM.N,"Yum! Brands, Inc.",23242459011.63,base,211
2017,PPL.N,PPL Corp,23141310348.1499,base,212
2017,UAL.OQ,"United Airlines Holdings, Inc.",23123773289.0399,base,213
2017,GLW.N,Corning Incorporated,23086235118.6,base,214
2017,FISV.OQ,Fiserv Inc,23068852607.28,base,215
2017,STJ.N^A17,St Jude Med,23054461318.78,dead-redo,216
2017,CAH.N,"Cardinal Health, Inc.",23034955844.94,base,217
2017,CMI.N,Cummins Inc,22998160103.7199,base,218
2017,MU.OQ,"Micron Technology, Inc.",22886592890.72,base,219
2017,AZO.N,"AutoZone, Inc.",22604279469.8,base,220
2017,WY.N,Weyerhaeuser Company,22509075119.61,base,221
2017,GGP.N^H18,GCP Retail,22471949026.82,dead-redo,222
2017,ED.N,"Consolidated Edison, Inc.",22452323894.64,base,223
2017,BEN.N,"Franklin Templeton, Inc.",22424412463.14,base,224
2017,PCAR.OQ,Paccar Inc,22399331616.8999,base,225
2017,ADI.OQ,"Analog Devices, Inc.",22379346067.2,base,226
2017,PEG.N,Public Service Enterprise Group Incorporated,22199616897.6,base,227
2017,VTR.N,"Ventas, Inc.",22138934880.36,base,228
2017,VFC.N,VF,22071495454.25,base,229
2017,TSN.N,Tyson Foods Inc,22063921461.36,base,230
2017,HSY.N,The Hershey Company,21950889531.18,base,231
2017,PAYX.OQ,"Paychex, Inc.",21846372798.4,base,232
2017,IP.N,International Paper Co,21818983640.72,base,233
2017,NWL.OQ,Newell Brands,21539160000.0,base,234
2017,LVLT.N^K17,Level 3 Parent,21214009854.1,dead-redo,235
2017,APH.N,Amphenol Corp,20729747808.0,base,236
2017,XEL.OQ,Xcel Energy Inc,20673678756.5,base,237
2017,ZBH.N,"Zimmer Biomet Holdings, Inc.",20670915211.2,base,238
2017,PGR.N,The Progressive Corporation,20617727097.5,base,239
2017,DG.N,Dollar General Corp,20462893738.1999,base,240
2017,FITB.N,Fifth Third Bancorp,20378896580.46,base,241
2017,NTRS.OQ,Northern Trust Corporation,20163689811.2,base,242
2017,OMC.N,Omnicom Group Inc,20075817866.85,base,243
2017,EW.N,Edwards Lifesciences Corporation,20034366084.3,base,244
2017,CXO.N^A21,Concho Resources,19960419796.82,dead-redo,245
2017,HES.N^G25,Hess,19883987424.0,dead-redo,246
2017,KEY.N,KeyCorp,19744607253.42,base,247
2017,VNO.N,Vornado Realty,19725328202.58,base,248
2017,WDC.OQ,Western Digital Corp,19397951912.7,base,249
2017,RSG.N,Republic Services Inc,19394824968.75,base,250
2017,TT.N,Trane Technologies PLC,19385146683.84,base,251
2017,BXP.N,"BXP, Inc.",19341625798.8,base,252
2017,TAP.N,Molson Coors Beverage Company,19131508591.03,base,253
2017,NUE.N,Nucor Corporation,18956236604.16,base,254
2017,BBWI.N,Bath & Body,18827334019.92,base,255
2017,ILMN.OQ,Illumina,18809076000.0,base,256
2017,PH.N,Parker-Hannifin Corp,18675786640.0,base,257
2017,ROP.OQ,"Roper Technologies, Inc.",18570573519.08,base,258
2017,CPB.OQ,Campbell's Co,18567427123.13,base,259
2017,FTV.N,Fortive Corporation,18533298693.14,base,260
2017,WEC.N,"WEC Energy Group, Inc.",18510954586.35,base,261
2017,HRL.N,Hormel Foods Corp,18407586863.71,base,262
2017,TROW.OQ,"T. Rowe Price Group, Inc.",18320778944.26,base,263
2017,VRTX.OQ,Vertex Pharmaceuticals Incorporated,18272619767.63,base,264
2017,APTV.N,APTIV PLC,18241051774.5,base,265
2017,CFG.N,Citizens Financial Group Inc,18238207902.39,base,266
2017,DLTR.OQ,Dollar Tree Inc,18219991964.06,base,267
2017,NEM.N,Newmont Corporation,18082655021.18,base,268
2017,MCO.N,Moody's Corporation,18021668864.98,base,269
2017,HIG.N,"The Hartford Insurance Group, Inc.",17999042587.55,base,270
2017,FCX.N,Freeport-McMoRan Inc,17960668742.95,base,271
2017,RF.N,Regions Financial Corporation,17676799248.0799,base,272
2017,DTE.N,DTE Energy Company,17676142244.04,base,273
2017,RCL.N,Royal Caribbean Cruises Ltd.,17604309248.96,base,274
2017,AMP.N,Ameriprise Financial Inc,17533817274.06,base,275
2017,BFb.N,Brown-Forman Corporation,17508790318.4899,base,276
2017,ES.N,Eversource Energy,17501603175.84,base,277
2017,ROK.N,Rockwell Automation Inc,17300516486.4,base,278
2017,SWK.N,Stanley Black & Decker Inc,17282482874.16,base,279
2017,LRCX.OQ,Lam Research Corporation,17216011565.07,base,280
2017,CAG.N,Conagra Brands,17212650815.5,base,281
2017,COR.N,"Cencora, Inc.",17209635107.14,base,282
2017,EXPE.OQ,"Expedia Group, Inc.",16995386165.76,base,283
2017,CERN.OQ^F22,Cerner,16771118553.8,dead-redo,284
2017,BCR.N^L17,CR Bard,16725032920.28,dead-redo,285
2017,WTW.OQ,Willis Towers Watson Public Limited Company,16721350892.52,base,286
2017,KDP.OQ,Keurig Dr Pepper Inc,16657452197.15,base,287
2017,PFG.OQ,Principal Financial Group Inc,16645209120.76,base,288
2017,VMC.N,Vulcan Materials Co,16558505641.1,base,289
2017,NBL.OQ^J20,Noble Energy,16545050386.2,dead-redo,290
2017,ADSK.OQ,"Autodesk, Inc.",16471395611.52,base,291
2017,ULTA.OQ,Ulta Beauty Inc,15865626972.72,base,292
2017,L.N,Loews Corporation,15779806922.46,base,293
2017,DLR.N,"Digital Realty Trust, Inc.",15616963712.08,base,294
2017,CLX.N,The Clorox Company,15451818633.96,base,295
2017,ESS.N,"Essex Property Trust, Inc.",15232802010.0,base,296
2017,LNC.N,LNC,15146694527.0399,base,297
2017,NLSN.N^J22,Nielsen Holdings,15108562211.16,dead-redo,298
2017,MRO.N^K24,Marathn Oil,15046472474.88,dead-redo,299
2017,LLTC.OQ^C17,Linear Tech,14979101835.2,dead-redo,300
2017,XLNX.OQ^B22,Xilinx,14915843731.47,dead-redo,301
2017,SJM.N,The J. M. Smucker Company,14910580683.98,base,302
2017,GEN.OQ,Gen Digital Inc.,14893485165.8,base,303
2017,O.N,Realty Income Corporation,14864282130.96,base,304
2017,MHK.N,Mohawk Inds,14809330498.56,base,305
2017,A.N,Agilent Technologies Inc,14658833458.36,base,306
2017,VIAB.OQ^L19,Viacom,14425995329.6499,dead-redo,307
2017,HBAN.OQ,Huntington Bancshares Inc,14340827650.94,base,308
2017,GPC.N,Genuine Parts Co,14210356005.14,base,309
2017,EFX.N,Equifax Inc.,14159379563.07,base,310
2017,NOV.N,Nov,14140474807.6799,base,311
2017,MLM.N,"Martin Marietta Materials, Inc.",14059660640.1,base,312
2017,CTXS.OQ^J22,Citrix Systems,14057216661.56,dead-redo,313
2017,HST.OQ,"Host Hotels & Resorts, Inc.",13939059897.0,base,314
2017,DOC.N,"Healthpeak Properties, Inc",13908103053.5199,base,315
2017,SWKS.OQ,"Skyworks Solutions, Inc.",13872867715.16,base,316
2017,MCHP.OQ,Microchip Technology Inc,13857436856.45,base,317
2017,GWW.N,WW Grainger Inc,13835028916.5,base,318
2017,MSI.N,Motorola Solutions Inc,13756711613.85,base,319
2017,COTY.N,Coty,13665173873.66,base,320
2017,WHR.N,Whirlpool,13652412606.21,base,321
2017,VRSK.OQ,"Verisk Analytics, Inc.",13591994829.05,base,322
2017,FAST.OQ,Fastenal Company,13578726836.5199,base,323
2017,CA.OQ^K18,CA,13491957246.64,dead-redo,324
2017,BBY.N,"Best Buy Co., Inc.",13390963825.99,base,325
2017,XRAY.OQ,Dentsply Sirona,13328729533.0999,base,326
2017,TDG.N,TransDigm Group Incorporated,13281451358.72,base,327
2017,LH.N,Labcorp Holdings Inc.,13223140000.0,base,328
2017,XEC.N^J21,Coterra,13202194034.75,dead-redo,329
2017,FE.N,FirstEnergy Corp,13199446146.8599,base,330
2017,BFH.N,Bread Fincl Hldg,13197976971.5,base,331
2017,MJN.N^F17,Mead Johnson,13196642625.0399,dead-redo,332
2017,ETR.N,Entergy Corp,13160526225.24,base,333
2017,BALL.N,Ball Corp,13122674483.8699,base,334
2017,TXT.N,Textron Inc,13121305918.72,base,335
2017,LUMN.N,Lumen Tech,13000293883.42,base,336
2017,AWK.N,"American Water Works Company, Inc.",12880323636.12,base,337
2017,WRK.N^G24,WestRock Co,12831687463.92,dead-redo,338
2017,DGX.N,Quest Diagnostics Inc,12741011864.5,base,339
2017,LHX.N,"L3Harris Technologies, Inc.",12734638265.09,base,340
2017,AEE.N,Ameren Corporation,12728621503.08,base,341
2017,DVA.N,DaVita Inc,12673080000.0,base,342
2017,RHT.N^G19,Red Hat,12501554069.16,dead-redo,343
2017,CINF.OQ,Cincinnati Financial Corporation,12479705238.0,base,344
2017,AAP.N,Advance Auto,12456301060.0,base,345
2017,IVZ.N,Invesco Ltd,12394966493.5399,base,346
2017,KLAC.OQ,KLA Corporation,12299157833.76,base,347
2017,HSIC.OQ,"Henry Schein, Inc.",12211282176.21,base,348
2017,COL.N^K18,Rockwell Collins,12152046888.69,dead-redo,349
2017,CTAS.OQ,Cintas Corporation,12126363829.56,base,350
2017,OKE.N,"ONEOK, Inc.",12086066355.1099,base,351
2017,KMX.N,Carmax,12048427185.26,base,352
2017,PRGO.N,Perrigo Company,11933053559.21,base,353
2017,CMA.N^B26,Comerica,11879255169.7599,dead-redo,354
2017,UA.N,Under Armour,11874876356.89,base,355
2017,UAA.N,Under Armour,11874876356.89,base,356
2017,LLL.N^G19,L3 Tech,11773368726.0399,dead-redo,357
2017,MKC.N,"McCormick & Company, Incorporated",11721902657.06,base,358
2017,CMS.N,CMS Energy Corporation,11649767255.82,base,359
2017,DOV.N,Dover Corp,11640138271.62,base,360
2017,AKAM.OQ,Akamai Technologies Inc,11555638065.48,base,361
2017,CHD.N,Church & Dwight Co Inc,11427697900.71,base,362
2017,EQT.N,EQT Corporation,11298373200.0,base,363
2017,AME.N,AMETEK Inc,11247594033.6,base,364
2017,STX.OQ,Seagate Technology Holdings PLC,11241934474.43,base,365
2017,HOLX.OQ^D26,Hologic,11170367421.4,dead-redo,366
2017,MAA.N,Mid-America Apartment Communities Inc,11118049482.24,base,367
2017,NDAQ.OQ,Nasdaq Inc,11088421131.44,base,368
2017,EMN.N,Eastman Chemical,11037133233.5399,base,369
2017,MTD.N,Mettler-Toledo International Inc.,10981155993.6,base,370
2017,DISCK.OQ^D22,Warner Bros Dis,10966979565.8,dead-redo,371
2017,M.N,Macy's,10946044669.55,base,372
2017,ALK.N,Alaska Air Group,10937870700.89,base,373
2017,CMG.N,"Chipotle Mexican Grill, Inc.",10923097805.84,base,374
2017,SLG.N,SL Green Realty,10897201426.9499,base,375
2017,JBHT.OQ,"J.B. Hunt Transport Services, Inc.",10889804939.0399,base,376
2017,JNPR.N^G25,Juniper Networks,10877242090.0,dead-redo,377
2017,WAT.N,Waters Corp,10828853632.97,base,378
2017,WBD.OQ,"Warner Bros. Discovery, Inc.",10742672824.68,base,379
2017,KIM.N,Kimco Realty Corp,10693650838.88,base,380
2017,GPN.N,Global Payments Inc,10668135562.26,base,381
2017,CBRE.N,"CBRE Group, Inc.",10620927424.2799,base,382
2017,CNP.N,"CenterPoint Energy, Inc.",10612014828.8,base,383
2017,WU.N,Western Union,10531054292.4,base,384
2017,SCG.N^A19,SCANA,10468664170.25,dead-redo,385
2017,CTRA.N^E26,Coterra Energy,10391439986.38,dead-redo,386
2017,CHRW.OQ,"C.H. Robinson Worldwide, Inc.",10382354159.76,base,387
2017,MAS.N,Masco Corporation,10381072430.82,base,388
2017,ANDV.N^J18,Andeavor US,10376318397.68,dead-redo,389
2017,UHS.N,Universal Health Services Inc,10317153630.62,base,390
2017,HOG.N,Harley Davidson,10312962197.9,base,391
2017,MOS.N,Mosaic Co,10272496642.17,base,392
2017,FRT.N,Federal Realty Investment Trust,10201579515.0,base,393
2017,DHI.N,"D.R. Horton, Inc.",10200259310.22,base,394
2017,UNM.N,Unum Group,10196992546.23,base,395
2017,PNR.N,Pentair PLC,10190152492.38,base,396
2017,MAC.N,Macerich,10181484454.68,base,397
2017,AYI.N,Acuity,10177149361.26,base,398
2017,XL.N^I18,XL Grp,10151628593.2599,dead-redo,399
2017,TSCO.OQ,Tractor Supply Company,9950038771.47,base,400
2017,SNA.N,Snap-On Inc,9937959048.27,base,401
2017,WFM.OQ^H17,Whole Foods,9838178557.03,dead-redo,402
2017,TPR.N,"Tapestry, Inc.",9818388883.76,base,403
2017,UDR.N,"UDR, Inc.",9749221559.03999,base,404
2017,EXR.N,Extra Space Storage Inc.,9717262855.03999,base,405
2017,NTAP.OQ,NetApp Inc,9712568904.29,base,406
2017,HAS.OQ,"Hasbro, Inc.",9707225148.09,base,407
2017,ALB.N,Albemarle Corp,9681928829.11999,base,408
2017,TIF.N^A21,Tiffany,9681351027.24,dead-redo,409
2017,CNC.N,Centene Corp,9657109688.99,base,410
2017,ETFC.OQ^J20,E*TRADE Financl,9643668501.6,dead-redo,411
2017,EXPD.N,Expeditors International of Washington Inc,9552641411.04,base,412
2017,LEN.N,Lennar Corp,9515526780.0,base,413
2017,FL.N^I25,Foot Locker,9494538509.07,dead-redo,414
2017,TSS.N^I19,TSYS,9455533774.32,dead-redo,415
2017,FFIV.OQ,F5 Inc,9452532533.03999,base,416
2017,LKQ.OQ,LKQ,9425199828.69999,base,417
2017,MAT.OQ,Mattel,9423347436.45,base,418
2017,IFF.N,International Flavors & Fragrances Inc.,9358507060.98,base,419
2017,SNI.OQ^C18,Scripps Networks,9343534815.02,dead-redo,420
2017,IPG.N^K25,Interpublic Grp,9333704324.17,dead-redo,421
2017,AJG.N,Arthur J. Gallagher & Co.,9254720511.84,base,422
2017,GRMN.N,Garmin Ltd.,9137766808.82,base,423
2017,DRI.N,Darden Restaurants Inc,9029283890.4,base,424
2017,SEE.N^D26,Sealed Air,8988799680.0,dead-redo,425
2017,GAP.N,Gap,8950897875.48,base,426
2017,URI.N,"United Rentals, Inc.",8892422604.42,base,427
2017,XYL.N,Xylem Inc,8873072386.32,base,428
2017,XRX.OQ,Xerox Hlngs,8850269054.52,base,429
2017,WYNN.OQ,"Wynn Resorts, Limited",8801606210.61,base,430
2017,ZION.OQ,Zions Bancorp,8768023666.88,base,431
2017,GL.N,Globe Life Inc.,8752047529.92,base,432
2017,KSS.N,Kohls,8714234567.28,base,433
2017,KSU.N^L21,KC Southern,8694539386.74,dead-redo,434
2017,PNW.N,Pinnacle West Capital Corporation,8685215529.21,base,435
2017,LNT.OQ,Alliant Energy Corp,8619991216.92,base,436
2017,IRM.N,Iron Mountain Inc,8556785843.19999,base,437
2017,COO.OQ,"The Cooper Companies, Inc.",8534239588.14,base,438
2017,RRC.N,Range Resource,8491912301.84,base,439
2017,VAR.N^D21,Varian Med Syst,8474081183.84,dead-redo,440
2017,BWA.N,Borgwarner,8400154351.51999,base,441
2017,NFX.N^B19,Ovintiv Exp,8384973934.95999,dead-redo,442
2017,HP.N,Helmerich,8372916595.8,base,443
2017,JEF.N,Jefferies Fincl,8370510453.75,base,444
2017,HBI.N^L25,Hanesbrands,8360147381.6,dead-redo,445
2017,JWN.N^E25,Nordstrom,8254552468.7,dead-redo,446
2017,FBIN.N,Fortune Brand,8249248584.72,base,447
2017,TNL.N,Travel + Leisure,8230894283.43,base,448
2017,FTI.N^A17,FMC Technologies,8213296762.53,dead-redo,449
2017,HWM.N,Howmet Aerospace Inc.,8129387366.82,base,450
2017,GT.OQ,Goodyear Tire,8058691354.14,base,451
2017,AMG.N,Affiliated Mngrs,7964973014.9,base,452
2017,VRSN.OQ,"VeriSign, Inc.",7954979552.54999,base,453
2017,HAR.N^C17,HARMAN,7731696536.54,dead-redo,454
2017,AES.N,The AES Corporation,7659624422.79999,base,455
2017,FMC.N,FMC,7569922245.2,base,456
2017,EVHC.N^J18,Envision Hlthcr,7430563648.3,dead-redo,457
2017,RL.N,Ralph Lauren Corporation,7423957080.87999,base,458
2017,CF.N,CF Industries Holdings Inc,7338434040.12,base,459
2017,FLR.N,Fluor,7313420714.08,base,460
2017,PVH.N,PVH,7152940377.59999,base,461
2017,NI.N,NiSource Inc.,7145414338.5,base,462
2017,AIV.N,Aimco,7130559463.65,base,463
2017,CPRI.N,Capri Holdings,7059351060.01999,base,464
2017,J.N,Jacobs Solutions Inc,6887315643.0,base,465
2017,TRIP.OQ,Tripadvisor,6756165061.33,base,466
2017,QRVO.OQ,Qorvo,6735081673.73,base,467
2017,NWS.OQ,News Corporation,6730087672.18,base,468
2017,NWSA.OQ,News Corporation,6730087672.18,base,469
2017,SIG.N,Signet,6558677818.86,base,470
2017,SRCL.OQ^K24,Stericycle,6452731199.04,dead-redo,471
2017,RHI.N,Robert Half,6287075274.96,base,472
2017,FLS.N,Flowserve,6268222299.84999,base,473
2017,AVY.N,Avery Dennison Corp,6248989239.14,base,474
2017,BBBY.OQ^E23,20230930-DK,6149395118.37,dead-redo,475
2017,ALLE.N,Allegion PLC,6144987392.0,base,476
2017,CHK.N^F20,Expand Energy,6140738045.72,dead-redo,477
2017,PHM.N,"PulteGroup, Inc.",6078996549.86,base,478
2017,PBCT.OQ^D22,Peoples Uni,6006727509.63,dead-redo,479
2017,SPLS.OQ^I17,Staples,5783356580.33,dead-redo,480
2017,RVTY.N,"Revvity, Inc.",5712791514.84999,base,481
2017,MNK.N^J20,Keenova,5476045875.79,dead-redo,482
2017,RIG.N,Transocea,5387333669.74,base,483
2017,MUR.N,Murphy Oil,5360588334.75,base,484
2017,AIZ.N,Assurant Inc,5294194400.42,base,485
2017,PWR.N,Quanta Services Inc,5269395485.1,base,486
2017,CSRA.N^D18,CSRA,5222138563.8,dead-redo,487
2017,NAVI.OQ,Navient,4979907862.1,base,488
2017,SWN.N^J24,Swestn Energy,4939669191.63,dead-redo,489
2017,AN.N,AutoNation,4915795367.7,base,490
2017,FLIR.OQ^E21,FLIR System,4912928812.8,dead-redo,491
2017,HRB.N,H&R Block,4761615530.87,base,492
2017,TGNA.N^C26,Tegna,4620067212.0,dead-redo,493
2017,DNB.N^B19,Dun & Bradstreet,4480253320.2,dead-redo,494
2017,FTR.OQ^D20,Frontier Comm,4199436660.0,dead-redo,495
2017,PDCO.OQ^D25,Patterson,4166027949.99999,dead-redo,496
2017,R.N,Ryder,3980188663.72,base,497
2017,ENDP.OQ^H22,Endo Intl,3893657643.58999,dead-redo,498
2017,NRG.N,NRG Energy Inc,3867331143.22,base,499
2017,TDC.N,Teradata,3529383000.0,base,500
2017,FSLR.OQ,"First Solar, Inc.",3334570287.94,base,501
2017,URBN.OQ,Urban Outfitters,3310338082.88,base,502
2017,PBI.N,Pitney Bowes,2821674242.87,base,503
2017,VTRS.OQ,Viatris Inc.,695141320.65,base,504
2018,AAPL.OQ,Apple Inc.,884436585120.0,base,1
2018,GOOG.OQ,Alphabet Inc.,742799349724.81,base,2
2018,GOOGL.OQ,Alphabet Inc.,742799349724.81,base,3
2018,MSFT.OQ,Microsoft Corporation,663069027260.25,base,4
2018,AMZN.OQ,Amazon.com Inc,572950834796.75,base,5
2018,META.OQ,"Meta Platforms, Inc.",527171823062.16,base,6
2018,BRKb.N,Berkshire Hathaway Inc,486521577228.54,base,7
2018,JPM.N,JPMorgan Chase & Co,374556876037.15,base,8
2018,JNJ.N,Johnson & Johnson,374044186561.5,base,9
2018,XOM.N,Exxonmobil Holdings Corp,360281129727.31,base,10
2018,BAC.N,Bank of America Corporation,308684862686.899,base,11
2018,WFC.N,Wells Fargo & Co,300823131919.41,base,12
2018,WMT.OQ,Walmart Inc,292061186662.55,base,13
2018,V.N,Visa Inc.,259502152054.2,base,14
2018,CVX.N,Chevron Corporation,242322125734.24,base,15
2018,T.N,AT&T Inc,236597060000.0,base,16
2018,PG.N,The Procter & Gamble Company,228528985948.9,base,17
2018,HD.N,"The Home Depot, Inc.",219571772830.57,base,18
2018,INTC.OQ,Intel Corp,219258000000.0,base,19
2018,VZ.N,Verizon Communications Inc,218372467951.08,base,20
2018,PFE.N,Pfizer Inc.,217208174631.479,base,21
2018,UNH.N,UnitedHealth Group Inc,214318957020.84,base,22
2018,C.N,Citigroup Inc,196607988645.639,base,23
2018,KO.N,Coca-Cola Co,194030789570.639,base,24
2018,ORCL.N,Oracle Corporation,193029641260.0,base,25
2018,CSCO.OQ,Cisco Systems Inc,192109155738.639,base,26
2018,CMCSA.OQ,Comcast Corporation,190749944258.19,base,27
2018,BA.N,Boeing Co,176791528767.319,base,28
2018,DIS.N,The Walt Disney Company,168852903289.199,base,29
2018,DD.N,"DuPont de Nemours, Inc.",168245299765.9,base,30
2018,PEP.OQ,"PepsiCo, Inc.",167898244727.42,base,31
2018,PM.N,Philip Morris International Inc,162138818056.93,base,32
2018,MA.N,Mastercard Incorporated,160821593096.669,base,33
2018,ABBV.N,AbbVie Inc.,157104650713.4,base,34
2018,GE.N,General Electric Company,155924088300.0,base,35
2018,MRK.N,Merck & Co Inc,153167838863.699,base,36
2018,IBM.N,International Business Machines Corporation,142246145456.25,base,37
2018,MMM.N,3M Company,140178521606.68,base,38
2018,MCD.N,McDonald's Corp,138088487553.36,base,39
2018,MO.N,Altria Group Inc,134985337821.719,base,40
2018,AMGN.OQ,Amgen Inc,128486171775.0,base,41
2018,NVDA.OQ,NVIDIA Corporation,120806100000.0,base,42
2018,HON.OQ,Honeywell International Inc,116329330887.88,base,43
2018,MDT.N,Medtronic PLC,111271070579.999,base,44
2018,AVGO.OQ,Broadcom Inc,109303874449.75,base,45
2018,UNP.N,Union Pacific Corporation,106881781700.7,base,46
2018,UPS.N,United Parcel Service Inc,106570317662.21,base,47
2018,TXN.OQ,Texas Instruments Inc,104045631591.87,base,48
2018,NKE.N,"NIKE, Inc.",103585106517.48,base,49
2018,RTX.N,RTX Corporation,102344721075.36,base,50
2018,ABT.N,Abbott Laboratories,102329914388.73,base,51
2018,BMY.N,Bristol-Myers Squibb Company,100346058361.76,base,52
2018,ACN.N,Accenture PLC,98863707755.04,base,53
2018,GILD.OQ,"Gilead Sciences, Inc.",96922800000.0,base,54
2018,GS.N,Goldman Sachs Group Inc,96439102135.93,base,55
2018,SLB.N,SLB N.V.,96211006587.5199,base,56
2018,QCOM.OQ,QUALCOMM Incorporated,96115534462.8,base,57
2018,MS.N,Morgan Stanley,94354257212.59,base,58
2018,CAT.N,Caterpillar Inc,93851151234.8799,base,59
2018,KHC.OQ,The Kraft Heinz Company,93846392728.72,base,60
2018,LLY.N,Eli Lilly and Company,93240700127.48,base,61
2018,LMT.N,Lockheed Martin Corp,91336306015.74,base,62
2018,USB.N,U.S. Bancorp,89662307698.98,base,63
2018,PYPL.OQ,"PayPal Holdings, Inc.",88749057585.76,base,64
2018,ADBE.OQ,Adobe Inc,87595973587.7999,base,65
2018,BKNG.OQ,Booking Holdings Inc.,87041447223.5,base,66
2018,NFLX.OQ,"Netflix, Inc.",87009248309.0999,base,67
2018,CELG.OQ^K19,Celgene,85927769849.34,dead-redo,68
2018,AXP.N,American Express Company,85879548975.0,base,69
2018,CHTR.OQ,"Charter Communications, Inc.",83231459409.23,base,70
2018,COST.OQ,Costco Wholesale Corp,82707262327.36,base,71
2018,SBUX.OQ,Starbucks Corp,81995964000.0,base,72
2018,BLK.N,"BlackRock, Inc.",81604259984.17,base,73
2018,TMO.N,Thermo Fisher Scientific Inc,77384083993.86,base,74
2018,LOW.N,Lowe's Companies Inc,76022665897.14,base,75
2018,CRM.N,"Salesforce, Inc.",75415343000.0,base,76
2018,WBA.OQ^H25,Walgreens Hldg,74805403881.87,dead-redo,77
2018,CVS.N,CVS Health Corporation,74475203086.0,base,78
2018,NEE.N,"NextEra Energy, Inc.",72953960837.29,base,79
2018,TWX.N^F18,Time Warner,71241257670.0,dead-redo,80
2018,BIIB.OQ,Biogen Inc.,70669247703.12,base,81
2018,FDX.N,FedEx Corp,69008366884.8,base,82
2018,SCHW.N,The Charles Schwab Corporation,68959248781.44,base,83
2018,PNC.N,"The PNC Financial Services Group, Inc.",68810352334.22,base,84
2018,TFCFA.OQ^C19,Tfcf,67204340745.27,dead-redo,85
2018,TFCF.OQ^C19,Tfcf,67204340745.27,dead-redo,86
2018,COP.N,ConocoPhillips,66135935383.68,base,87
2018,CB.N,Chubb Limited,66058788607.8,base,88
2018,CL.N,Colgate-Palmolive Company,65980826456.22,base,89
2018,DHR.N,Danaher Corporation,64301749957.08,base,90
2018,MDLZ.OQ,Mondelez International Inc,63377020441.1799,base,91
2018,EOG.N,"EOG Resources, Inc.",63199361839.0,base,92
2018,AMT.N,American Tower Corporation,60524500344.88,base,93
2018,GD.N,General Dynamics Corp,59862882212.67,base,94
2018,GM.N,General Motors Co,59373036007.9999,base,95
2018,AET.N^K18,Aetna,59284980000.0,dead-redo,96
2018,SYK.N,Stryker Corporation,59092121934.9,base,97
2018,DUK.N,Duke Energy Corp,58256870377.09,base,98
2018,ELV.N,Elevance Health Inc,58027877746.0,base,99
2018,BDX.N,Becton Dickinson and Co,57998260100.48,base,100
2018,ITW.N,Illinois Tool Works Inc,56621334250.95,base,101
2018,OXY.N,Occidental Petroleum Corp,56612850771.06,base,102
2018,AGN.N^E20,Allergan,56585688123.5799,dead-redo,103
2018,AMAT.OQ,Applied Materials Inc,56028311470.56,base,104
2018,SPG.N,Simon Property Group Inc,55231432053.0799,base,105
2018,BNY.N,Bank of New York Mellon Corp,55112883038.46,base,106
2018,RTN.N^D20,Raytheon,54435082100.0,dead-redo,107
2018,AIG.N,"American International Group, Inc.",53488082574.5,base,108
2018,NOC.N,Northrop Grumman Corp,53135728055.28,base,109
2018,MET.N,"MetLife, Inc.",52804377418.78,base,110
2018,MON.N^F18,Monsanto,52021264414.0,dead-redo,111
2018,D.N,"Dominion Energy, Inc.",51662569855.32,base,112
2018,PSX.N,Phillips 66,51560844552.25,base,113
2018,ADP.OQ,Automatic Data Processing Inc,51440373782.7,base,114
2018,DE.N,Deere & Co,51077856741.1499,base,115
2018,MU.OQ,"Micron Technology, Inc.",50496274827.24,base,116
2018,CSX.OQ,CSX Corporation,50352358496.22,base,117
2018,F.N,Ford Motor Co,50289345750.72,base,118
2018,CI.N,The Cigna Group,49941108447.36,base,119
2018,ATVI.OQ^J23,Activision,49380855406.05,dead-redo,120
2018,CME.OQ,CME Group Inc.,49270785724.82,base,121
2018,PRU.N,Prudential Financial Inc,48950800000.0,base,122
2018,MAR.OQ,"Marriott International, Inc.",48762746601.25,base,123
2018,TJX.N,"The TJX Companies, Inc.",48491279108.45,base,124
2018,COF.N,Capital One Financial Corp,48285367969.02,base,125
2018,SO.N,Southern Co,47341118184.47,base,126
2018,EL.N,Estee Lauder Companies Inc,46983374395.98,base,127
2018,EMR.N,Emerson Electric Co,45402335340.1199,base,128
2018,LIN.OQ,Linde PLC,44718031210.79,base,129
2018,LYB.N,LyondellBasell Industries N.V.,44270277448.86,base,130
2018,CCI.N,Crown Castle Inc,44255545662.63,base,131
2018,STZ.N,"Constellation Brands, Inc.",44126420010.8999,base,132
2018,HAL.N,Halliburton Company,43286754197.83,base,133
2018,SPGI.N,S&P Global Inc,42870600000.0,base,134
2018,ESRX.OQ^L18,Evernorth Health,42851781180.0,dead-redo,135
2018,ISRG.OQ,Intuitive Surgical Inc,42045950459.0,base,136
2018,KMI.N,"Kinder Morgan, Inc.",41984903991.2,base,137
2018,KMB.OQ,Kimberly-Clark Corporation,41883741115.6499,base,138
2018,CTSH.OQ,Cognizant Technology Solutions Corporation,41835357874.2,base,139
2018,NSC.N,Norfolk Southern Corp,41759740201.52,base,140
2018,REGN.OQ,"Regeneron Pharmaceuticals, Inc.",41106396316.4,base,141
2018,MRSH.N,Marsh & McLennan Companies Inc,41032688810.4,base,142
2018,ICE.N,Intercontinental Exchange Inc,40864078393.6,base,143
2018,VLO.N,Valero Energy Corp,40607549929.6,base,144
2018,INTU.OQ,Intuit Inc.,40576736256.0,base,145
2018,DAL.N,"Delta Air Lines, Inc.",40454095906.86,base,146
2018,EBAY.OQ,eBay Inc.,39756377626.46,base,147
2018,TFC.N,Truist Financial Corporation,39382938915.84,base,148
2018,LUV.N,Southwest Airlines Co,39335667981.4,base,149
2018,ECL.N,Ecolab Inc.,38858974022.5,base,150
2018,SHW.N,Sherwin-Williams Co,38686707049.2,base,151
2018,VRTX.OQ,Vertex Pharmaceuticals Incorporated,38671374487.68,base,152
2018,EXC.OQ,Exelon Corp,38040149406.07,base,153
2018,WM.N,Waste Management Inc,37386011289.8999,base,154
2018,BKR.OQ,Baker Hughes Company,36912593725.1499,base,155
2018,TGT.N,Target Corp,36761818251.8699,base,156
2018,BAX.N,Baxter International Inc.,36596360267.91,base,157
2018,ALL.N,Allstate Corp,36571539906.72,base,158
2018,APD.N,"Air Products and Chemicals, Inc.",36236644039.53,base,159
2018,TRV.N,"The Travelers Companies, Inc.",36122381714.4799,base,160
2018,HUM.N,Humana Inc.,35949314557.4399,base,161
2018,PSA.N,Public Storage,35869427298.4,base,162
2018,STT.N,State Street Corporation,35867323689.6,base,163
2018,AEP.OQ,American Electric Power Company Inc,35626125351.18,base,164
2018,CCL.N,Carnival Corporation Ltd,35620271018.25,base,165
2018,JCI.N,Johnson Controls International PLC,35405008677.3999,base,166
2018,MNST.OQ,Monster Beverage Corporation,35366138543.0,base,167
2018,HPQ.N,HP Inc,35076269210.84,base,168
2018,ZTS.N,Zoetis Inc,34972677343.65,base,169
2018,EQIX.OQ,"Equinix, Inc.",34964203863.24,base,170
2018,ETN.N,Eaton Corporation PLC,34745716000.0,base,171
2018,BSX.N,Boston Scientific Corp,34714382669.76,base,172
2018,AFL.N,Aflac Incorporated,34585372071.4,base,173
2018,PLD.N,"Prologis, Inc.",34058568820.0,base,174
2018,EA.OQ^H26,Electronic Arts,33794818466.75,dead-redo,175
2018,GIS.N,General Mills Inc,33596345302.56,base,176
2018,TEL.N,TE Connectivity PLC,33518058285.28,base,177
2018,ADI.OQ,"Analog Devices, Inc.",33280438940.64,base,178
2018,AON.N,Aon PLC,32859050150.88,base,179
2018,MPC.N,Marathon Petroleum Corporation,32811529580.6,base,180
2018,MCK.N,McKesson Corp,32807953947.0,base,181
2018,ILMN.OQ,Illumina,32708380000.0,base,182
2018,PGR.N,The Progressive Corporation,32199258738.2399,base,183
2018,HCA.N,"HCA Healthcare, Inc.",31691239275.0,base,184
2018,SYY.N,Sysco Corporation,31523907360.0,base,185
2018,FIS.N,Fidelity National Information Services Inc,31283483228.7,base,186
2018,STI.N^L19,SunTrust Banks,31265863268.88,dead-redo,187
2018,ROST.OQ,Ross Stores Inc,30762752758.5,base,188
2018,LRCX.OQ,Lam Research Corporation,30653185821.44,base,189
2018,SYF.N,Synchrony Financial,30411508371.34,base,190
2018,PPG.N,"PPG Industries, Inc.",30028159386.0,base,191
2018,PXD.N^E24,Pioneer Natl Rsc,30006942830.1,dead-redo,192
2018,APC.N^H19,Anadarko Petrol,29967819396.89,dead-redo,193
2018,TSN.N,Tyson Foods Inc,29628942239.76,base,194
2018,VFC.N,VF,29406994012.66,base,195
2018,CMI.N,Cummins Inc,29386210507.68,base,196
2018,FCX.N,Freeport-McMoRan Inc,28618867506.36,base,197
2018,GLW.N,Corning Incorporated,28348653562.3199,base,198
2018,DFS.N^E25,Discover Fincl,28154731134.92,dead-redo,199
2018,MCO.N,Moody's Corporation,27922663315.14,base,200
2018,ALXN.OQ^G21,Alexion Pharmas,27915035017.8,dead-redo,201
2018,YUM.N,"Yum! Brands, Inc.",27498683798.3999,base,202
2018,FISV.OQ,Fiserv Inc,27164861007.8999,base,203
2018,DXC.N,DXC Tech,27114794212.25,base,204
2018,APH.N,Amphenol Corp,26808772628.8,base,205
2018,ROP.OQ,"Roper Technologies, Inc.",26671490663.04,base,206
2018,WY.N,Weyerhaeuser Company,26645478420.1,base,207
2018,PH.N,Parker-Hannifin Corp,26593742974.72,base,208
2018,SRE.N,Sempra,26480573411.9499,base,209
2018,BFb.N,Brown-Forman Corporation,25980776282.21,base,210
2018,ED.N,"Consolidated Edison, Inc.",25915550053.26,base,211
2018,SWK.N,Stanley Black & Decker Inc,25841293955.94,base,212
2018,PEG.N,Public Service Enterprise Group Incorporated,25807978341.0,base,213
2018,DLTR.OQ,Dollar Tree Inc,25770020324.04,base,214
2018,MTB.N,M&T Bank Corporation,25766725676.73,base,215
2018,WMB.N,"The Williams Companies, Inc.",25744887535.86,base,216
2018,RCL.N,Royal Caribbean Cruises Ltd.,25681579445.34,base,217
2018,PCAR.OQ,Paccar Inc,25674574978.5,base,218
2018,DG.N,Dollar General Corp,25543271933.82,base,219
2018,HLT.N,Hilton Worldwide Holdings Inc,25493729464.32,base,220
2018,AAL.OQ,American Airline,25355665878.27,base,221
2018,ROK.N,Rockwell Automation Inc,25257945544.6,base,222
2018,FTV.N,Fortive Corporation,25173764000.0,base,223
2018,AMP.N,Ameriprise Financial Inc,25134788169.01,base,224
2018,ZBH.N,"Zimmer Biomet Holdings, Inc.",25118809808.56,base,225
2018,TROW.OQ,"T. Rowe Price Group, Inc.",24977318510.88,base,226
2018,KR.N,Kroger Co,24942538770.2,base,227
2018,IP.N,International Paper Co,24679935108.61,base,228
2018,AVB.N^H26,Avalonbay US,24549804838.61,dead-redo,229
2018,XEL.OQ,Xcel Energy Inc,24276143340.61,base,230
2018,PAYX.OQ,"Paychex, Inc.",24163929016.47,base,231
2018,BCR.N^L17,CR Bard,24144869301.28,dead-redo,232
2018,WDC.OQ,Western Digital Corp,24071114972.84,base,233
2018,BEN.N,"Franklin Templeton, Inc.",23913430289.75,base,234
2018,WELL.N,Welltower Inc.,23713948145.05,base,235
2018,PSKY.OQ,Paramount Skydance Corp,23689853911.07,base,236
2018,HSY.N,The Hershey Company,23621060845.56,base,237
2018,EW.N,Edwards Lifesciences Corporation,23612547437.78,base,238
2018,ADSK.OQ,"Autodesk, Inc.",23594981972.64,base,239
2018,VMRK.N,Vivmark Residential,23372828387.82,base,240
2018,K.N^L25,Kellanova,23371220578.2,dead-redo,241
2018,HPE.N,Hewlett Packard Enterprise Company,23196255083.91,base,242
2018,DLR.N,"Digital Realty Trust, Inc.",23148283998.0,base,243
2018,DISH.OQ^A24,DISH Network,23019401609.52,dead-redo,244
2018,CERN.OQ^F22,Cerner,22959896866.7199,dead-redo,245
2018,APTV.N,APTIV PLC,22891464661.34,base,246
2018,PCG.N,PG&E Corp,22886670638.94,base,247
2018,CXO.N^A21,Concho Resources,22785478708.91,dead-redo,248
2018,NTRS.OQ,Northern Trust Corporation,22619305390.8799,base,249
2018,ADM.N,Archer-Daniels-Midland Co,22420345008.08,base,250
2018,COL.N^K18,Rockwell Collins,22366031373.6,dead-redo,251
2018,GGP.N^H18,GCP Retail,22306137211.98,dead-redo,252
2018,RSG.N,Republic Services Inc,22252668408.44,base,253
2018,DVN.N,Devon Energy Corporation,22192501870.6299,base,254
2018,TT.N,Trane Technologies PLC,22175773018.75,base,255
2018,A.N,Agilent Technologies Inc,21836018625.1999,base,256
2018,RHT.N^G19,Red Hat,21782149158.0,dead-redo,257
2018,KEY.N,KeyCorp,21690811041.35,base,258
2018,FITB.N,Fifth Third Bancorp,21470837985.24,base,259
2018,INCY.OQ,Incyte Corp,21291554105.01,base,260
2018,VTR.N,"Ventas, Inc.",21284351616.2399,base,261
2018,NUE.N,Nucor Corporation,21147817154.48,base,262
2018,MCHP.OQ,Microchip Technology Inc,21147386038.67,base,263
2018,PPL.N,PPL Corp,21067008069.6,base,264
2018,ORLY.OQ,"O'Reilly Automotive, Inc.",21013163131.62,base,265
2018,CFG.N,Citizens Financial Group Inc,20998193080.04,base,266
2018,OKE.N,"ONEOK, Inc.",20954814944.55,base,267
2018,WEC.N,"WEC Energy Group, Inc.",20755404712.7399,base,268
2018,IQV.N,IQVIA Holdings Inc.,20748869911.2,base,269
2018,EIX.N,Edison International,20607558779.5,base,270
2018,COR.N,"Cencora, Inc.",20548372889.2,base,271
2018,MHK.N,Mohawk Inds,20517336852.0,base,272
2018,UAL.OQ,"United Airlines Holdings, Inc.",20423642868.8999,base,273
2018,NEM.N,Newmont Corporation,20352119695.1999,base,274
2018,PFG.OQ,Principal Financial Group Inc,20322555011.82,base,275
2018,BBY.N,"Best Buy Co., Inc.",20217300532.52,base,276
2018,RF.N,Regions Financial Corporation,20148704833.41,base,277
2018,AZO.N,"AutoZone, Inc.",20146589668.1,base,278
2018,ES.N,Eversource Energy,20011338775.2,base,279
2018,BXP.N,"BXP, Inc.",19950782548.48,base,280
2018,CAH.N,"Cardinal Health, Inc.",19892388220.43,base,281
2018,HIG.N,"The Hartford Insurance Group, Inc.",19715841609.41,base,282
2018,DTE.N,DTE Energy Company,19454876516.7,base,283
2018,WTW.OQ,Willis Towers Watson Public Limited Company,19423197011.19,base,284
2018,HRL.N,Hormel Foods Corp,19255710818.16,base,285
2018,DHI.N,"D.R. Horton, Inc.",19198708533.54,base,286
2018,MGM.N,MGM Resorts International,18975901689.39,base,287
2018,SBAC.OQ,SBA Communications Corp,18880880367.14,base,288
2018,CLX.N,The Clorox Company,18694800509.49,base,289
2018,LUMN.N,Lumen Tech,18611348027.53,base,290
2018,EXPE.OQ,"Expedia Group, Inc.",18515943142.84,base,291
2018,ANDV.N^J18,Andeavor US,18167447188.44,dead-redo,292
2018,SWKS.OQ,"Skyworks Solutions, Inc.",18031351343.7,base,293
2018,ALGN.OQ,"Align Technology, Inc.",18009515872.48,base,294
2018,INFO.N^B22,IHS Markit,17985188391.06,dead-redo,295
2018,GEN.OQ,Gen Digital Inc.,17923681383.51,base,296
2018,CNC.N,Centene Corp,17792901830.0,base,297
2018,VMC.N,Vulcan Materials Co,17443103590.65,base,298
2018,XLNX.OQ^B22,Xilinx,17375978172.84,dead-redo,299
2018,KDP.OQ,Keurig Dr Pepper Inc,17200184417.85,base,300
2018,LNC.N,LNC,17049000813.39,base,301
2018,LHX.N,"L3Harris Technologies, Inc.",16934822138.5,base,302
2018,BBWI.N,Bath & Body,16904861450.53,base,303
2018,WYNN.OQ,"Wynn Resorts, Limited",16887171814.9,base,304
2018,APA.OQ,APA Corporation,16875758464.6999,base,305
2018,AME.N,AMETEK Inc,16813776663.75,base,306
2018,OMC.N,Omnicom Group Inc,16775861740.97,base,307
2018,CTAS.OQ,Cintas Corporation,16702768123.15,base,308
2018,WRK.N^G24,WestRock Co,16660622205.0,dead-redo,309
2018,KLAC.OQ,KLA Corporation,16651487631.05,base,310
2018,LH.N,Labcorp Holdings Inc.,16624382183.4,base,311
2018,L.N,Loews Corporation,16568469000.0,base,312
2018,TAP.N,Molson Coors Beverage Company,16271898984.76,base,313
2018,O.N,Realty Income Corporation,16092178844.6999,base,314
2018,MTD.N,Mettler-Toledo International Inc.,16015089536.4,base,315
2018,AWK.N,"American Water Works Company, Inc.",15889680632.0,base,316
2018,ESS.N,"Essex Property Trust, Inc.",15854169922.32,base,317
2018,GPN.N,Global Payments Inc,15847992360.52,base,318
2018,DOV.N,Dover Corp,15842395942.1,base,319
2018,VRSK.OQ,"Verisk Analytics, Inc.",15782425926.96,base,320
2018,HBAN.OQ,Huntington Bancshares Inc,15781816199.0,base,321
2018,FAST.OQ,Fastenal Company,15674270997.96,base,322
2018,EQT.N,EQT Corporation,15577232819.0399,base,323
2018,LLL.N^G19,L3 Tech,15569041966.0,dead-redo,324
2018,WAT.N,Waters Corp,15563815901.0399,base,325
2018,HES.N^G25,Hess,15563648581.0,dead-redo,326
2018,NWL.OQ,Newell Brands,15506764000.0,base,327
2018,XRAY.OQ,Dentsply Sirona,15420910375.98,base,328
2018,NBL.OQ^J20,Noble Energy,15098859146.07,dead-redo,329
2018,TXT.N,Textron Inc,15093985940.4,base,330
2018,LEN.N,Lennar Corp,15086041180.6,base,331
2018,CMA.N^B26,Comerica,15050607388.52,dead-redo,332
2018,CAG.N,Conagra Brands,15032795016.96,base,333
2018,MRO.N^K24,Marathn Oil,15013554433.74,dead-redo,334
2018,COTY.N,Coty,14899892252.56,base,335
2018,ETR.N,Entergy Corp,14888766218.1999,base,336
2018,CBRE.N,"CBRE Group, Inc.",14875099427.16,base,337
2018,NTAP.OQ,NetApp Inc,14825619825.87,base,338
2018,FTI.N,TechnipFMC,14821560938.34,base,339
2018,IVZ.N,Invesco Ltd,14797304565.5,base,340
2018,HST.OQ,"Host Hotels & Resorts, Inc.",14757358548.48,base,341
2018,VNO.N,Vornado Realty,14689551900.56,base,342
2018,URI.N,"United Rentals, Inc.",14680457158.62,base,343
2018,MSI.N,Motorola Solutions Inc,14669082071.1,base,344
2018,ALB.N,Albemarle Corp,14533492976.03,base,345
2018,TSS.N^I19,TSYS,14483404581.36,dead-redo,346
2018,EFX.N,Equifax Inc.,14354288607.04,base,347
2018,TDG.N,TransDigm Group Incorporated,14294633617.22,base,348
2018,CPB.OQ,Campbell's Co,14245765493.05,base,349
2018,AEE.N,Ameren Corporation,14167445855.22,base,350
2018,GPC.N,Genuine Parts Co,14159931443.68,base,351
2018,MLM.N,"Martin Marietta Materials, Inc.",14143398975.0,base,352
2018,CA.OQ^K18,CA,14109097811.74,dead-redo,353
2018,BFH.N,Bread Fincl Hldg,14106642145.11,base,354
2018,SJM.N,The J. M. Smucker Company,14054289380.88,base,355
2018,ULTA.OQ,Ulta Beauty Inc,14005682056.44,base,356
2018,NOV.N,Nov,13985185364.8,base,357
2018,CBOE.Z,"Cboe Global Markets, Inc.",13926947896.0,base,358
2018,MAS.N,Masco Corporation,13781105442.52,base,359
2018,IDXX.OQ,IDEXX Laboratories Inc,13763985098.53,base,360
2018,FE.N,FirstEnergy Corp,13710523652.46,base,361
2018,BALL.N,Ball Corp,13522649566.35,base,362
2018,CTXS.OQ^J22,Citrix Systems,13508034010.9,dead-redo,363
2018,ETFC.OQ^J20,E*TRADE Financl,13506827336.22,dead-redo,364
2018,DGX.N,Quest Diagnostics Inc,13480014813.8,base,365
2018,EMN.N,Eastman Chemical,13477468829.33,base,366
2018,CTRA.N^E26,Coterra Energy,13426619258.42,dead-redo,367
2018,MKC.N,"McCormick & Company, Incorporated",13378266839.0564,base,368
2018,HWM.N,Howmet Aerospace Inc.,13361559153.52,base,369
2018,TIF.N^A21,Tiffany,13301411085.27,dead-redo,370
2018,GWW.N,WW Grainger Inc,13277276297.73,base,371
2018,CMS.N,CMS Energy Corporation,13243824315.75,base,372
2018,DVA.N,DaVita Inc,13235813646.12,base,373
2018,GAP.N,Gap,13170589062.5099,base,374
2018,RJF.N,"Raymond James Financial, Inc.",12923250400.38,base,375
2018,TPR.N,"Tapestry, Inc.",12870823226.6199,base,376
2018,FMC.N,FMC,12859464125.88,base,377
2018,ANSS.OQ^G25,Ansys Inc,12849572821.66,dead-redo,378
2018,NLSN.N^J22,Nielsen Holdings,12818486320.0,dead-redo,379
2018,SNPS.OQ,"Synopsys, Inc.",12793836341.86,base,380
2018,LKQ.OQ,LKQ,12782376061.1,base,381
2018,NDAQ.OQ,Nasdaq Inc,12756204190.0199,base,382
2018,JBHT.OQ,"J.B. Hunt Transport Services, Inc.",12741097490.55,base,383
2018,PNR.N,Pentair PLC,12662933711.91,base,384
2018,PRGO.N,Perrigo Company,12632004266.49,base,385
2018,NCLH.N,Norwegian Cruise Line Holdings Ltd.,12559929767.52,base,386
2018,CHRW.OQ,"C.H. Robinson Worldwide, Inc.",12510231442.5199,base,387
2018,ARE.N,"Alexandria Real Estate Equities, Inc",12436617132.18,base,388
2018,STX.OQ,Seagate Technology Holdings PLC,12420446639.4,base,389
2018,CHD.N,Church & Dwight Co Inc,12353809655.06,base,390
2018,UNM.N,Unum Group,12309985148.24,base,391
2018,VIAB.OQ^L19,Viacom,12250303306.3,dead-redo,392
2018,XYL.N,Xylem Inc,12225371863.8599,base,393
2018,IFF.N,International Flavors & Fragrances Inc.,12206709540.48,base,394
2018,DOC.N,"Healthpeak Properties, Inc",12154599913.59,base,395
2018,RMD.N,ResMed Inc.,12137041251.24,base,396
2018,CNP.N,"CenterPoint Energy, Inc.",12077558922.18,base,397
2018,WHR.N,Whirlpool,12072229588.13,base,398
2018,XEC.N^J21,Coterra,12021925706.2,dead-redo,399
2018,CINF.OQ,Cincinnati Financial Corporation,11990365317.0,base,400
2018,HOLX.OQ^D26,Hologic,11989477502.52,dead-redo,401
2018,DRI.N,Darden Restaurants Inc,11898777253.4399,base,402
2018,CDNS.OQ,"Cadence Design Systems, Inc.",11873238000.0,base,403
2018,TNL.N,Travel + Leisure,11838958348.96,base,404
2018,REG.OQ,Regency Centers Corp,11829481666.56,base,405
2018,KMX.N,Carmax,11711711040.16,base,406
2018,PKG.N,Packaging Corp of America,11662784959.48,base,407
2018,EXPD.N,Expeditors International of Washington Inc,11547131193.0,base,408
2018,HAS.OQ,"Hasbro, Inc.",11469078358.88,base,409
2018,IT.N,"Gartner, Inc.",11317832159.15,base,410
2018,MAA.N,Mid-America Apartment Communities Inc,11317250594.4,base,411
2018,AMG.N,Affiliated Mngrs,11285352021.6,base,412
2018,SNI.OQ^C18,Scripps Networks,11246975533.68,dead-redo,413
2018,AJG.N,Arthur J. Gallagher & Co.,11240273830.0,base,414
2018,GRMN.N,Garmin Ltd.,11163774887.72,base,415
2018,AKAM.OQ,Akamai Technologies Inc,11089587943.28,base,416
2018,KSU.N^L21,KC Southern,11088432827.89,dead-redo,417
2018,HSIC.OQ,"Henry Schein, Inc.",10984234734.6199,base,418
2018,UHS.N,Universal Health Services Inc,10975080033.9,base,419
2018,BWA.N,Borgwarner,10917217478.22,base,420
2018,JNPR.N^G25,Juniper Networks,10801684409.43,dead-redo,421
2018,EXR.N,Extra Space Storage Inc.,10796287556.88,base,422
2018,COO.OQ,"The Cooper Companies, Inc.",10779715143.72,base,423
2018,PVH.N,PVH,10690869545.98,base,424
2018,VRSN.OQ,"VeriSign, Inc.",10683286770.0,base,425
2018,AMD.OQ,"Advanced Micro Devices, Inc.",10593488660.94,base,426
2018,IRM.N,Iron Mountain Inc,10582787626.02,base,427
2018,AOS.N,A. O. Smith Corporation,10578823796.31,base,428
2018,FBIN.N,Fortune Brand,10434785136.0199,base,429
2018,GL.N,Globe Life Inc.,10414458714.72,base,430
2018,VAR.N^D21,Varian Med Syst,10197879810.44,dead-redo,431
2018,UDR.N,"UDR, Inc.",10193307946.14,base,432
2018,AVY.N,Avery Dennison Corp,10184047050.24,base,433
2018,ZION.OQ,Zions Bancorp,10127009443.2,base,434
2018,SNA.N,Snap-On Inc,10084001485.32,base,435
2018,CF.N,CF Industries Holdings Inc,10062838470.72,base,436
2018,SLG.N,SL Green Realty,9889461557.6,base,437
2018,PHM.N,"PulteGroup, Inc.",9809700413.75999,base,438
2018,CPRI.N,Capri Holdings,9743278814.09,base,439
2018,LNT.OQ,Alliant Energy Corp,9730038379.86999,base,440
2018,FRT.N,Federal Realty Investment Trust,9703143862.5,base,441
2018,NWSA.OQ,News Corporation,9646339724.26,base,442
2018,NWS.OQ,News Corporation,9646339724.26,base,443
2018,DRE.N^J22,Duke Realty,9548136188.5,dead-redo,444
2018,JEF.N,Jefferies Fincl,9540992761.04,base,445
2018,J.N,Jacobs Solutions Inc,9510819326.91,base,446
2018,TSCO.OQ,Tractor Supply Company,9502711067.52,base,447
2018,KSS.N,Kohls,9467069747.45,base,448
2018,MAC.N,Macerich,9376881003.92,base,449
2018,PNW.N,Pinnacle West Capital Corporation,9373010824.75,base,450
2018,MOS.N,Mosaic Co,9355473145.85,base,451
2018,ALK.N,Alaska Air Group,9229597723.97,base,452
2018,NRG.N,NRG Energy Inc,9150947991.1,base,453
2018,SEE.N^D26,Sealed Air,8921908772.08,dead-redo,454
2018,EG.N,"Everest Group, Ltd.",8890355794.3,base,455
2018,XL.N^I18,XL Grp,8813413297.48,dead-redo,456
2018,WU.N,Western Union,8763299316.35999,base,457
2018,HOG.N,Harley Davidson,8761446602.26,base,458
2018,QRVO.OQ,Qorvo,8757960714.72,base,459
2018,NI.N,NiSource Inc.,8541088054.48,base,460
2018,RL.N,Ralph Lauren Corporation,8524232019.12,base,461
2018,WBD.OQ,"Warner Bros. Discovery, Inc.",8492543026.01,base,462
2018,FFIV.OQ,F5 Inc,8425007299.94,base,463
2018,DISCK.OQ^D22,Warner Bros Dis,8334438473.145,dead-redo,464
2018,CMG.N,"Chipotle Mexican Grill, Inc.",8270834792.84999,base,465
2018,RVTY.N,"Revvity, Inc.",8146748301.41,base,466
2018,JWN.N^E25,Nordstrom,8104231327.5,dead-redo,467
2018,M.N,Macy's,8013141378.87,base,468
2018,GT.OQ,Goodyear Tire,7961292065.92,base,469
2018,AAP.N,Advance Auto,7839843381.87,base,470
2018,KIM.N,Kimco Realty Corp,7712712405.6,base,471
2018,IPG.N^K25,Interpublic Grp,7678905797.68,dead-redo,472
2018,HBI.N^L25,Hanesbrands,7667205326.43,dead-redo,473
2018,ALLE.N,Allegion PLC,7594857362.4,base,474
2018,AYI.N,Acuity,7579516365.39,base,475
2018,XRX.OQ,Xerox Hlngs,7477194021.33,base,476
2018,FLR.N,Fluor,7319672565.12,base,477
2018,AES.N,The AES Corporation,7185005838.08,base,478
2018,HP.N,Helmerich,7097372496.45,base,479
2018,RHI.N,Robert Half,7008307038.45,base,480
2018,BHF.OQ,Brighthouse,6907315023.02,base,481
2018,AIV.N,Aimco,6822662993.3,base,482
2018,SCG.N^A19,SCANA,6795664503.09999,dead-redo,483
2018,NFX.N^B19,Ovintiv Exp,6607380790.5,dead-redo,484
2018,FLIR.OQ^E21,FLIR System,6579504630.32,dead-redo,485
2018,PBCT.OQ^D22,Peoples Uni,6481830045.59999,dead-redo,486
2018,UA.N,Under Armour,6403274640.13999,base,487
2018,UAA.N,Under Armour,6403274640.13999,base,488
2018,PWR.N,Quanta Services Inc,6071243799.6,base,489
2018,FL.N^I25,Foot Locker,5802111545.42999,dead-redo,490
2018,SRCL.OQ^K24,Stericycle,5773767603.87999,dead-redo,491
2018,HRB.N,H&R Block,5594684165.4,base,492
2018,FLS.N,Flowserve,5551988222.5,base,493
2018,MAT.OQ,Mattel,5506547391.0,base,494
2018,AIZ.N,Assurant Inc,5339735685.61,base,495
2018,CSRA.N^D18,CSRA,4990374924.15,dead-redo,496
2018,TRIP.OQ,Tripadvisor,4828836007.83,base,497
2018,RRC.N,Range Resource,4446656739.84,base,498
2018,EVHC.N^J18,Envision Hlthcr,4234506710.0,dead-redo,499
2018,CHK.N^F20,Expand Energy,3698351429.85,dead-redo,500
2018,NAVI.OQ,Navient,3584856326.89,base,501
2018,PDCO.OQ^D25,Patterson,3530297519.99999,dead-redo,502
2018,SIG.N,Signet,3345933289.14,base,503
2018,VTRS.OQ,Viatris Inc.,822098022.75,base,504
2019,MSFT.OQ,Microsoft Corporation,776219238584.32,base,1
2019,AMZN.OQ,Amazon.com Inc,752586284413.64,base,2
2019,AAPL.OQ,Apple Inc.,749393252160.0,base,3
2019,GOOG.OQ,Alphabet Inc.,730406977923.29,base,4
2019,GOOGL.OQ,Alphabet Inc.,730406977923.29,base,5
2019,BRKb.N,Berkshire Hathaway Inc,499294399000.8,base,6
2019,META.OQ,"Meta Platforms, Inc.",389915503196.16,base,7
2019,JNJ.N,Johnson & Johnson,342622685539.75,base,8
2019,JPM.N,JPMorgan Chase & Co,330246539099.75,base,9
2019,XOM.N,Exxonmobil Holdings Corp,295054021677.3,base,10
2019,V.N,Visa Inc.,292982962494.6,base,11
2019,WMT.OQ,Walmart Inc,271176973907.06,base,12
2019,PFE.N,Pfizer Inc.,250850000000.0,base,13
2019,BAC.N,Bank of America Corporation,241345387795.2,base,14
2019,UNH.N,UnitedHealth Group Inc,234245707358.0,base,15
2019,VZ.N,Verizon Communications Inc,231475485958.02,base,16
2019,PG.N,The Procter & Gamble Company,228344195837.52,base,17
2019,WFC.N,Wells Fargo & Co,220958041245.919,base,18
2019,T.N,AT&T Inc,214992120000.0,base,19
2019,INTC.OQ,Intel Corp,214873120000.0,base,20
2019,CVX.N,Chevron Corporation,211503614904.61,base,21
2019,KO.N,Coca-Cola Co,199758197233.139,base,22
2019,MRK.N,Merck & Co Inc,196562459635.0,base,23
2019,MA.N,Mastercard Incorporated,195962405850.94,base,24
2019,HD.N,"The Home Depot, Inc.",194741880067.139,base,25
2019,CSCO.OQ,Cisco Systems Inc,193101556303.5,base,26
2019,BA.N,Boeing Co,183886961335.89,base,27
2019,ORCL.N,Oracle Corporation,162290917180.0,base,28
2019,DIS.N,The Walt Disney Company,162220474947.08,base,29
2019,CMCSA.OQ,Comcast Corporation,155557331881.139,base,30
2019,PEP.OQ,"PepsiCo, Inc.",154256151040.0,base,31
2019,MCD.N,McDonald's Corp,135726458615.0,base,32
2019,ABBV.N,AbbVie Inc.,134221222858.21,base,33
2019,C.N,Citigroup Inc,130727583599.89,base,34
2019,DD.N,"DuPont de Nemours, Inc.",123704666766.439,base,35
2019,AMGN.OQ,Amgen Inc,122282372923.6,base,36
2019,ABT.N,Abbott Laboratories,122065145724.0,base,37
2019,LLY.N,Eli Lilly and Company,121694940654.4,base,38
2019,MDT.N,Medtronic PLC,117864898666.48,base,39
2019,NKE.N,"NIKE, Inc.",117615304549.12,base,40
2019,NFLX.OQ,"Netflix, Inc.",116859980473.02,base,41
2019,MMM.N,3M Company,110097028329.599,base,42
2019,ADBE.OQ,Adobe Inc,109620146158.39,base,43
2019,PM.N,Philip Morris International Inc,104635003776.31,base,44
2019,CRM.N,"Salesforce, Inc.",103695750000.0,base,45
2019,AVGO.OQ,Broadcom Inc,103247246112.51,base,46
2019,IBM.N,International Business Machines Corporation,102822552941.31,base,47
2019,UNP.N,Union Pacific Corporation,101514942458.04,base,48
2019,PYPL.OQ,"PayPal Holdings, Inc.",101044291796.0,base,49
2019,HON.OQ,Honeywell International Inc,97592206984.49,base,50
2019,RTX.N,RTX Corporation,93504508968.3,base,51
2019,MO.N,Altria Group Inc,92409780009.45,base,52
2019,COST.OQ,Costco Wholesale Corp,90092147640.0,base,53
2019,ACN.N,Accenture PLC,89618897971.05,base,54
2019,TXN.OQ,Texas Instruments Inc,89269445173.85,base,55
2019,TMO.N,Thermo Fisher Scientific Inc,88333309738.44,base,56
2019,TFCFA.OQ^C19,Tfcf,87859274666.78,dead-redo,57
2019,TFCF.OQ^C19,Tfcf,87859274666.78,dead-redo,58
2019,LIN.OQ,Linde PLC,86625778246.7999,base,59
2019,BMY.N,Bristol-Myers Squibb Company,85576181720.8199,base,60
2019,CVS.N,CVS Health Corporation,84807995666.4,base,61
2019,UPS.N,United Parcel Service Inc,83525375791.28,base,62
2019,NVDA.OQ,NVIDIA Corporation,83094200000.0,base,63
2019,GILD.OQ,"Gilead Sciences, Inc.",82067228185.28,base,64
2019,AXP.N,American Express Company,81735769311.04,base,65
2019,NEE.N,"NextEra Energy, Inc.",81169442996.31,base,66
2019,SBUX.OQ,Starbucks Corp,79795391999.9999,base,67
2019,BKNG.OQ,Booking Holdings Inc.,79765648216.2,base,68
2019,LMT.N,Lockheed Martin Corp,75296012384.24,base,69
2019,USB.N,U.S. Bancorp,74905906378.5,base,70
2019,LOW.N,Lowe's Companies Inc,74088843035.89,base,71
2019,COP.N,ConocoPhillips,72965710861.44,base,72
2019,CAT.N,Caterpillar Inc,72737091228.44,base,73
2019,CI.N,The Cigna Group,71270178767.1299,base,74
2019,DHR.N,Danaher Corporation,70440721651.5,base,75
2019,GE.N,General Electric Company,70019825750.0,base,76
2019,QCOM.OQ,QUALCOMM Incorporated,69578132436.4,base,77
2019,MS.N,Morgan Stanley,69494252748.4,base,78
2019,AMT.N,American Tower Corporation,69042067333.14,base,79
2019,CME.OQ,CME Group Inc.,66395640091.14,base,80
2019,ELV.N,Elevance Health Inc,65958907066.9,base,81
2019,CHTR.OQ,"Charter Communications, Inc.",64899642877.93,base,82
2019,GS.N,Goldman Sachs Group Inc,63990642492.2,base,83
2019,WBA.OQ^H25,Walgreens Hldg,63522134074.88,dead-redo,84
2019,BLK.N,"BlackRock, Inc.",61730915644.74,base,85
2019,BIIB.OQ,Biogen Inc.,61389731870.55,base,86
2019,DUK.N,Duke Energy Corp,60380729162.6,base,87
2019,BDX.N,Becton Dickinson and Co,59215468450.32,base,88
2019,CB.N,Chubb Limited,58655915801.88,base,89
2019,MDLZ.OQ,Mondelez International Inc,57993494704.35,base,90
2019,SYK.N,Stryker Corporation,57811935687.0,base,91
2019,ADP.OQ,Automatic Data Processing Inc,56966507419.8599,base,92
2019,CELG.OQ^K19,Celgene,56240825491.2,dead-redo,93
2019,SCHW.N,The Charles Schwab Corporation,56151827465.5799,base,94
2019,TJX.N,"The TJX Companies, Inc.",55072266775.6799,base,95
2019,PNC.N,"The PNC Financial Services Group, Inc.",54821848171.68,base,96
2019,D.N,"Dominion Energy, Inc.",53533397416.42,base,97
2019,ISRG.OQ,Intuitive Surgical Inc,53220749031.92,base,98
2019,KHC.OQ,The Kraft Heinz Company,52850304752.08,base,99
2019,EOG.N,"EOG Resources, Inc.",52545014545.01,base,100
2019,CSX.OQ,CSX Corporation,52311841363.95,base,101
2019,SLB.N,SLB N.V.,51446272852.8,base,102
2019,CL.N,Colgate-Palmolive Company,51388705200.75,base,103
2019,SPG.N,Simon Property Group Inc,50992292474.68,base,104
2019,INTU.OQ,Intuit Inc.,50466631218.96,base,105
2019,EL.N,Estee Lauder Companies Inc,47874764391.4799,base,106
2019,BSX.N,Boston Scientific Corp,47685774913.26,base,107
2019,GM.N,General Motors Co,47479618214.12,base,108
2019,DE.N,Deere & Co,47374323376.4,base,109
2019,BNY.N,Bank of New York Mellon Corp,46966931012.5,base,110
2019,OXY.N,Occidental Petroleum Corp,46811608156.0,base,111
2019,GD.N,General Dynamics Corp,46572510471.2999,base,112
2019,AGN.N^E20,Allergan,45894499488.64,dead-redo,113
2019,SO.N,Southern Co,44983013264.4799,base,114
2019,CCI.N,Crown Castle Inc,43953404329.9,base,115
2019,ILMN.OQ,Illumina,43294440000.0,base,116
2019,ICE.N,Intercontinental Exchange Inc,42906759405.4799,base,117
2019,NOC.N,Northrop Grumman Corp,42774687952.7,base,118
2019,RTN.N^D20,Raytheon,42626788830.0,dead-redo,119
2019,EXC.OQ,Exelon Corp,42616119506.22,base,120
2019,SPGI.N,S&P Global Inc,42615365000.0,base,121
2019,FDX.N,FedEx Corp,42599709163.75,base,122
2019,ITW.N,Illinois Tool Works Inc,42006068760.6,base,123
2019,VRTX.OQ,Vertex Pharmaceuticals Incorporated,41931962382.8,base,124
2019,HCA.N,"HCA Healthcare, Inc.",41904982480.0,base,125
2019,ECL.N,Ecolab Inc.,41863482695.84,base,126
2019,MPC.N,Marathon Petroleum Corporation,41202504290.64,base,127
2019,MET.N,"MetLife, Inc.",41121549960.84,base,128
2019,PSX.N,Phillips 66,40634363286.52,base,129
2019,ZTS.N,Zoetis Inc,40588490511.36,base,130
2019,NSC.N,Norfolk Southern Corp,40091445502.88,base,131
2019,MRSH.N,Marsh & McLennan Companies Inc,39813087907.84,base,132
2019,REGN.OQ,"Regeneron Pharmaceuticals, Inc.",39599016332.4,base,133
2019,KMB.OQ,Kimberly-Clark Corporation,38712979287.85,base,134
2019,HUM.N,Humana Inc.,38174219168.4799,base,135
2019,WM.N,Waste Management Inc,37825508235.44,base,136
2019,EMR.N,Emerson Electric Co,37412976230.5,base,137
2019,SHW.N,Sherwin-Williams Co,36723050316.91,base,138
2019,MU.OQ,"Micron Technology, Inc.",36714282994.75,base,139
2019,MAR.OQ,"Marriott International, Inc.",36657862038.0,base,140
2019,COF.N,Capital One Financial Corp,36594701267.26,base,141
2019,CTSH.OQ,Cognizant Technology Solutions Corporation,36530877087.81,base,142
2019,AEP.OQ,American Electric Power Company Inc,35977354195.44,base,143
2019,PLD.N,"Prologis, Inc.",35902095900.0,base,144
2019,APD.N,"Air Products and Chemicals, Inc.",35050938579.89,base,145
2019,AIG.N,"American International Group, Inc.",35049772381.4,base,146
2019,KMI.N,"Kinder Morgan, Inc.",34870888934.6,base,147
2019,BAX.N,Baxter International Inc.,34748807169.4,base,148
2019,AON.N,Aon PLC,34691186180.56,base,149
2019,TGT.N,Target Corp,34670624583.32,base,150
2019,AFL.N,Aflac Incorporated,34653435784.4,base,151
2019,ATVI.OQ^J23,Activision,34611980568.48,dead-redo,152
2019,PGR.N,The Progressive Corporation,34539663720.1899,base,153
2019,DAL.N,"Delta Air Lines, Inc.",34342640733.09,base,154
2019,TFC.N,Truist Financial Corporation,34207810613.72,base,155
2019,PRU.N,Prudential Financial Inc,34142710000.0,base,156
2019,PSA.N,Public Storage,34011537419.4,base,157
2019,FIS.N,Fidelity National Information Services Inc,33217135023.24,base,158
2019,SYY.N,Sysco Corporation,32252821386.6499,base,159
2019,LYB.N,LyondellBasell Industries N.V.,32185043614.1,base,160
2019,AMAT.OQ,Applied Materials Inc,32094131993.6399,base,161
2019,VLO.N,Valero Energy Corp,32060730765.52,base,162
2019,HPQ.N,HP Inc,32048591679.41,base,163
2019,ADI.OQ,"Analog Devices, Inc.",31804108793.76,base,164
2019,F.N,Ford Motor Co,31425436741.5,base,165
2019,EW.N,Edwards Lifesciences Corporation,31198512905.56,base,166
2019,STZ.N,"Constellation Brands, Inc.",31163229339.76,base,167
2019,TRV.N,"The Travelers Companies, Inc.",31089294705.48,base,168
2019,ROST.OQ,Ross Stores Inc,31047931339.6,base,169
2019,RHT.N^G19,Red Hat,30749251013.28,dead-redo,170
2019,ETN.N,Eaton Corporation PLC,29735574000.0,base,171
2019,SRE.N,Sempra,29215965300.72,base,172
2019,FISV.OQ,Fiserv Inc,28773574807.17,base,173
2019,YUM.N,"Yum! Brands, Inc.",28556878786.5599,base,174
2019,DG.N,Dollar General Corp,28315271292.01,base,175
2019,VFC.N,VF,28312136283.2499,base,176
2019,ADSK.OQ,"Autodesk, Inc.",28243379490.56,base,177
2019,EQIX.OQ,"Equinix, Inc.",28136674650.0,base,178
2019,ALL.N,Allstate Corp,28120266922.8,base,179
2019,JCI.N,Johnson Controls International PLC,27824483422.5,base,180
2019,EBAY.OQ,eBay Inc.,27777564691.15,base,181
2019,ROP.OQ,"Roper Technologies, Inc.",27575699984.94,base,182
2019,WMB.N,"The Williams Companies, Inc.",27140352335.02,base,183
2019,MCO.N,Moody's Corporation,26988084409.05,base,184
2019,ORLY.OQ,"O'Reilly Automotive, Inc.",26965832966.85,base,185
2019,MNST.OQ,Monster Beverage Corporation,26962499333.5599,base,186
2019,LUV.N,Southwest Airlines Co,26507132746.88,base,187
2019,CCL.N,Carnival Corporation Ltd,26263510834.65,base,188
2019,TEL.N,TE Connectivity PLC,25809878160.0,base,189
2019,PEG.N,Public Service Enterprise Group Incorporated,25692008759.3,base,190
2019,WELL.N,Welltower Inc.,25277112685.35,base,191
2019,XEL.OQ,Xcel Energy Inc,24777786821.44,base,192
2019,PPG.N,"PPG Industries, Inc.",24393888261.01,base,193
2019,STT.N,State Street Corporation,24289994065.32,base,194
2019,APH.N,Amphenol Corp,24042892341.02,base,195
2019,HAL.N,Halliburton Company,23916063198.3,base,196
2019,GLW.N,Corning Incorporated,23915924809.2,base,197
2019,EA.OQ^H26,Electronic Arts,23780549662.16,dead-redo,198
2019,VMRK.N,Vivmark Residential,23553273065.36,base,199
2019,AVB.N^H26,Avalonbay US,23547707080.0,dead-redo,200
2019,ED.N,"Consolidated Edison, Inc.",23404337747.96,base,201
2019,PAYX.OQ,"Paychex, Inc.",23366062822.3199,base,202
2019,STI.N^L19,SunTrust Banks,23331381163.02,dead-redo,203
2019,CNC.N,Centene Corp,23298792000.0,base,204
2019,RSG.N,Republic Services Inc,23216532156.8,base,205
2019,BKR.OQ,Baker Hughes Company,23153560285.25,base,206
2019,PXD.N^E24,Pioneer Natl Rsc,22966357250.9699,dead-redo,207
2019,ADM.N,Archer-Daniels-Midland Co,22958387156.25,base,208
2019,UAL.OQ,"United Airlines Holdings, Inc.",22936054202.16,base,209
2019,GIS.N,General Mills Inc,22933060880.31,base,210
2019,IQV.N,IQVIA Holdings Inc.,22867283522.51,base,211
2019,FTV.N,Fortive Corporation,22492402190.55,base,212
2019,TT.N,Trane Technologies PLC,22477550260.5,base,213
2019,APC.N^H19,Anadarko Petrol,22420328902.92,dead-redo,214
2019,OKE.N,"ONEOK, Inc.",22382177963.57,base,215
2019,ALXN.OQ^G21,Alexion Pharmas,22356513492.7199,dead-redo,216
2019,HSY.N,The Hershey Company,22122133166.72,base,217
2019,TROW.OQ,"T. Rowe Price Group, Inc.",22101727464.32,base,218
2019,HRL.N,Hormel Foods Corp,22094839661.05,base,219
2019,BFb.N,Brown-Forman Corporation,22090153860.21,base,220
2019,KR.N,Kroger Co,21778384855.5,base,221
2019,DLTR.OQ,Dollar Tree Inc,21702860443.2,base,222
2019,MCK.N,McKesson Corp,21689683505.0399,base,223
2019,LRCX.OQ,Lam Research Corporation,21461782069.8,base,224
2019,CMI.N,Cummins Inc,21415666594.14,base,225
2019,CXO.N^A21,Concho Resources,21398735837.7,dead-redo,226
2019,WEC.N,"WEC Energy Group, Inc.",21323057315.36,base,227
2019,TWTR.N^J22,Twitter,21307395029.3099,dead-redo,228
2019,DLR.N,"Digital Realty Trust, Inc.",21301063442.64,base,229
2019,XLNX.OQ^B22,Xilinx,21149370297.3,dead-redo,230
2019,AZO.N,"AutoZone, Inc.",21133993210.0,base,231
2019,HLT.N,Hilton Worldwide Holdings Inc,21038675445.3,base,232
2019,A.N,Agilent Technologies Inc,20924436317.26,base,233
2019,ZBH.N,"Zimmer Biomet Holdings, Inc.",20862697089.08,base,234
2019,RCL.N,Royal Caribbean Cruises Ltd.,20376320019.44,base,235
2019,MTB.N,M&T Bank Corporation,20336426573.44,base,236
2019,VTR.N,"Ventas, Inc.",20290144956.12,base,237
2019,PPL.N,PPL Corp,20244819807.42,base,238
2019,PCAR.OQ,Paccar Inc,20218320440.56,base,239
2019,ES.N,Eversource Energy,20119079949.92,base,240
2019,K.N^L25,Kellanova,19689979710.56,dead-redo,241
2019,DTE.N,DTE Energy Company,19627890839.36,base,242
2019,DFS.N^E25,Discover Fincl,19623696549.93,dead-redo,243
2019,TSN.N,Tyson Foods Inc,19487015469.9,base,244
2019,PH.N,Parker-Hannifin Corp,19455255738.4499,base,245
2019,WTW.OQ,Willis Towers Watson Public Limited Company,19296974610.4,base,246
2019,CLX.N,The Clorox Company,19292061419.61,base,247
2019,HPE.N,Hewlett Packard Enterprise Company,18826211600.5,base,248
2019,AMD.OQ,"Advanced Micro Devices, Inc.",18818837877.28,base,249
2019,O.N,Realty Income Corporation,18810747633.7,base,250
2019,FE.N,FirstEnergy Corp,18780273252.0,base,251
2019,MSI.N,Motorola Solutions Inc,18765916041.78,base,252
2019,NTRS.OQ,Northern Trust Corporation,18608279839.8999,base,253
2019,INFO.N^B22,IHS Markit,18516970874.0,dead-redo,254
2019,EIX.N,Edison International,18489785940.5,base,255
2019,NEM.N,Newmont Corporation,18366124661.44,base,256
2019,SWK.N,Stanley Black & Decker Inc,18237485148.62,base,257
2019,SBAC.OQ,SBA Communications Corp,18216423087.5,base,258
2019,ROK.N,Rockwell Automation Inc,18035598150.42,base,259
2019,MKC.N,"McCormick & Company, Incorporated",17925956315.96,base,260
2019,TDG.N,TransDigm Group Incorporated,17916005947.75,base,261
2019,VRSK.OQ,"Verisk Analytics, Inc.",17885978319.65,base,262
2019,VRSN.OQ,"VeriSign, Inc.",17862472495.92,base,263
2019,CTAS.OQ,Cintas Corporation,17510056973.55,base,264
2019,SYF.N,Synchrony Financial,17443618698.78,base,265
2019,PSKY.OQ,Paramount Skydance Corp,17086945118.0399,base,266
2019,MCHP.OQ,Microchip Technology Inc,16874964526.3999,base,267
2019,BXP.N,"BXP, Inc.",16867754808.7,base,268
2019,CERN.OQ^F22,Cerner,16705055998.8,dead-redo,269
2019,LUMN.N,Lumen Tech,16685379128.8,base,270
2019,EXPE.OQ,"Expedia Group, Inc.",16682156895.36,base,271
2019,IP.N,International Paper Co,16614267839.4,base,272
2019,OMC.N,Omnicom Group Inc,16294723629.2499,base,273
2019,ALGN.OQ,"Align Technology, Inc.",16166443087.72,base,274
2019,WY.N,Weyerhaeuser Company,16130276581.31,base,275
2019,GPN.N,Global Payments Inc,16116861023.46,base,276
2019,APTV.N,APTIV PLC,16111330594.65,base,277
2019,AWK.N,"American Water Works Company, Inc.",16031754943.38,base,278
2019,NUE.N,Nucor Corporation,15954906110.0,base,279
2019,CPAY.N,"Corpay, Inc.",15928603579.2,base,280
2019,RMD.N,ResMed Inc.,15927196945.73,base,281
2019,ANET.N,Arista Networks Inc,15881218015.0,base,282
2019,FITB.N,Fifth Third Bancorp,15865897979.8,base,283
2019,CHD.N,Church & Dwight Co Inc,15864773763.02,base,284
2019,COR.N,"Cencora, Inc.",15803619801.05,base,285
2019,IDXX.OQ,IDEXX Laboratories Inc,15734191596.54,base,286
2019,AME.N,AMETEK Inc,15665506950.2799,base,287
2019,LHX.N,"L3Harris Technologies, Inc.",15665106478.5599,base,288
2019,ESS.N,"Essex Property Trust, Inc.",15630341299.23,base,289
2019,HIG.N,"The Hartford Insurance Group, Inc.",15576265840.98,base,290
2019,AEE.N,Ameren Corporation,15520111665.76,base,291
2019,GWW.N,WW Grainger Inc,15450411528.8,base,292
2019,KEY.N,KeyCorp,15312935060.0,base,293
2019,BEN.N,"Franklin Templeton, Inc.",15290945985.45,base,294
2019,DXC.N,DXC Tech,15263391208.29,base,295
2019,ETR.N,Entergy Corp,15215946060.0,base,296
2019,NTAP.OQ,NetApp Inc,15198798947.08,base,297
2019,BALL.N,Ball Corp,15151671216.69,base,298
2019,AMP.N,Ameriprise Financial Inc,15044913165.4,base,299
2019,FCX.N,Freeport-McMoRan Inc,15011988759.0399,base,300
2019,AAL.OQ,American Airline,14959685918.2399,base,301
2019,EVRG.OQ,"Evergy, Inc.",14721870038.04,base,302
2019,ULTA.OQ,Ulta Beauty Inc,14707632595.65,base,303
2019,FAST.OQ,Fastenal Company,14698217655.7899,base,304
2019,BBY.N,"Best Buy Co., Inc.",14423844098.4,base,305
2019,IFF.N,International Flavors & Fragrances Inc.,14348815165.92,base,306
2019,CFG.N,Citizens Financial Group Inc,14217903591.84,base,307
2019,TSS.N^I19,TSYS,14203068205.9499,dead-redo,308
2019,L.N,Loews Corporation,14163714456.92,base,309
2019,RF.N,Regions Financial Corporation,14133006180.8,base,310
2019,CNP.N,"CenterPoint Energy, Inc.",14033358836.0,base,311
2019,KLAC.OQ,KLA Corporation,13916076432.1,base,312
2019,GPC.N,Genuine Parts Co,13911311487.67,base,313
2019,WAT.N,Waters Corp,13892522505.1999,base,314
2019,CMS.N,CMS Energy Corporation,13687740706.96,base,315
2019,MTD.N,Mettler-Toledo International Inc.,13675587089.1199,base,316
2019,ABMD.OQ^L22,Abiomed,13620597632.21,dead-redo,317
2019,CBRE.N,"CBRE Group, Inc.",13611350458.86,base,318
2019,CTXS.OQ^J22,Citrix Systems,13575902422.38,dead-redo,319
2019,INCY.OQ,Incyte Corp,13526085886.88,base,320
2019,CAH.N,"Cardinal Health, Inc.",13428215562.82,base,321
2019,MGM.N,MGM Resorts International,13287209310.32,base,322
2019,MXIM.OQ^H21,Maxim Integrated,13285164856.25,dead-redo,323
2019,NDAQ.OQ,Nasdaq Inc,13280519106.0,base,324
2019,LLL.N^G19,L3 Tech,13220401592.49,dead-redo,325
2019,AJG.N,Arthur J. Gallagher & Co.,13202742280.0,base,326
2019,DHI.N,"D.R. Horton, Inc.",13164247456.2,base,327
2019,MSCI.N,MSCI Inc,12935547272.88,base,328
2019,VMC.N,Vulcan Materials Co,12886546363.44,base,329
2019,DOC.N,"Healthpeak Properties, Inc",12882855543.02,base,330
2019,WBD.OQ,"Warner Bros. Discovery, Inc.",12851470874.6699,base,331
2019,DISCK.OQ^D22,Warner Bros Dis,12849574139.76,dead-redo,332
2019,LH.N,Labcorp Holdings Inc.,12756787000.0,base,333
2019,HBAN.OQ,Huntington Bancshares Inc,12707754439.28,base,334
2019,LEN.N,Lennar Corp,12657529320.4,base,335
2019,SNPS.OQ,"Synopsys, Inc.",12566736758.6,base,336
2019,HES.N^G25,Hess,12558170435.04,dead-redo,337
2019,PFG.OQ,Principal Financial Group Inc,12556030617.16,base,338
2019,DISH.OQ^A24,DISH Network,12355944094.54,dead-redo,339
2019,PCG.N,PG&E Corp,12344447768.8,base,340
2019,DRI.N,Darden Restaurants Inc,12342262064.61,base,341
2019,COO.OQ,"The Cooper Companies, Inc.",12339031448.43,base,342
2019,CMG.N,"Chipotle Mexican Grill, Inc.",12319777328.0,base,343
2019,CINF.OQ,Cincinnati Financial Corporation,12306225252.1,base,344
2019,CE.N,Celanese US DE,12200064717.33,base,345
2019,CDNS.OQ,"Cadence Design Systems, Inc.",12196998660.0,base,346
2019,HST.OQ,"Host Hotels & Resorts, Inc.",12162403522.72,base,347
2019,MRO.N^K24,Marathn Oil,12153253307.1199,dead-redo,348
2019,GEN.OQ,Gen Digital Inc.,12100547034.66,base,349
2019,SWKS.OQ,"Skyworks Solutions, Inc.",12065074380.1999,base,350
2019,ARE.N,"Alexandria Real Estate Equities, Inc",11975237553.37,base,351
2019,XYL.N,Xylem Inc,11952914485.5,base,352
2019,FTNT.OQ,"Fortinet, Inc.",11871395884.4,base,353
2019,TTWO.OQ,"Take-Two Interactive Software, Inc.",11843834520.75,base,354
2019,GRMN.N,Garmin Ltd.,11804364813.36,base,355
2019,ROL.N,Rollins Inc,11708173015.56,base,356
2019,HSIC.OQ,"Henry Schein, Inc.",11644714375.2,base,357
2019,EXPD.N,Expeditors International of Washington Inc,11617038015.56,base,358
2019,WCG.N^A20,WellCare Health,11528936233.59,dead-redo,359
2019,KEYS.N,"Keysight Technologies, Inc.",11524957144.88,base,360
2019,AAP.N,Advance Auto,11511376104.48,base,361
2019,ANSS.OQ^G25,Ansys Inc,11501200877.5199,dead-redo,362
2019,VNO.N,Vornado Realty,11500722719.64,base,363
2019,IT.N,"Gartner, Inc.",11438911485.3,base,364
2019,CHRW.OQ,"C.H. Robinson Worldwide, Inc.",11410114531.14,base,365
2019,WYNN.OQ,"Wynn Resorts, Limited",11352301279.2,base,366
2019,TAP.N,Molson Coors Beverage Company,11327773657.95,base,367
2019,MOS.N,Mosaic Co,11248017080.3,base,368
2019,EFX.N,Equifax Inc.,11218305164.08,base,369
2019,CMA.N^B26,Comerica,11202459193.92,dead-redo,370
2019,TXT.N,Textron Inc,11198095166.28,base,371
2019,KSS.N,Kohls,11195771353.8,base,372
2019,STX.OQ,Seagate Technology Holdings PLC,11184752157.96,base,373
2019,DGX.N,Quest Diagnostics Inc,11181044867.85,base,374
2019,CPRT.OQ,Copart Inc,11157858086.4,base,375
2019,EXR.N,Extra Space Storage Inc.,11113951900.0,base,376
2019,BR.N,Broadridge Financial Solutions Inc,11100638776.0399,base,377
2019,WDC.OQ,Western Digital Corp,11073388562.88,base,378
2019,HOLX.OQ^D26,Hologic,11071068165.96,dead-redo,379
2019,NRG.N,NRG Energy Inc,11049233214.64,base,380
2019,LNC.N,LNC,11007051427.72,base,381
2019,MAA.N,Mid-America Apartment Communities Inc,10928583375.2,base,382
2019,DVN.N,Devon Energy Corporation,10866922000.0,base,383
2019,UHS.N,Universal Health Services Inc,10864646049.27,base,384
2019,LW.N,Lamb Weston Hldg,10790603887.38,base,385
2019,VIAB.OQ^L19,Viacom,10774342962.45,dead-redo,386
2019,CBOE.Z,"Cboe Global Markets, Inc.",10759041629.35,base,387
2019,MLM.N,"Martin Marietta Materials, Inc.",10720001758.6199,base,388
2019,KMX.N,Carmax,10710386827.98,base,389
2019,ETFC.OQ^J20,E*TRADE Financl,10697890551.6,dead-redo,390
2019,SJM.N,The J. M. Smucker Company,10679613526.0399,base,391
2019,UDR.N,"UDR, Inc.",10578207101.0,base,392
2019,RJF.N,"Raymond James Financial, Inc.",10472607938.88,base,393
2019,DOV.N,Dover Corp,10426203022.5,base,394
2019,CAG.N,Conagra Brands,10358743561.38,base,395
2019,APA.OQ,APA Corporation,10289428134.6199,base,396
2019,EMN.N,Eastman Chemical,10216325195.88,base,397
2019,JBHT.OQ,"J.B. Hunt Transport Services, Inc.",10179600543.0,base,398
2019,HAS.OQ,"Hasbro, Inc.",10118068090.44,base,399
2019,CTRA.N^E26,Coterra Energy,10080985407.3599,dead-redo,400
2019,TSCO.OQ,Tractor Supply Company,10037656080.42,base,401
2019,VAR.N^D21,Varian Med Syst,10009947195.0,dead-redo,402
2019,SIVB.OQ^C23,SVB Fincl Grp,9972503480.72,dead-redo,403
2019,TPR.N,"Tapestry, Inc.",9971880084.72,base,404
2019,FMC.N,FMC,9930380762.98,base,405
2019,NOV.N,Nov,9913858931.28,base,406
2019,GAP.N,Gap,9821928023.5,base,407
2019,FFIV.OQ,F5 Inc,9771894352.52,base,408
2019,LNT.OQ,Alliant Energy Corp,9713767194.9,base,409
2019,CPB.OQ,Campbell's Co,9711196314.24,base,410
2019,TIF.N^A21,Tiffany,9701794964.4,dead-redo,411
2019,CF.N,CF Industries Holdings Inc,9700165105.83,base,412
2019,WRK.N^G24,WestRock Co,9693290589.74,dead-redo,413
2019,FANG.OQ,"Diamondback Energy, Inc.",9641778285.42,base,414
2019,REG.OQ,Regency Centers Corp,9626063988.06,base,415
2019,AKAM.OQ,Akamai Technologies Inc,9610724194.26,base,416
2019,JKHY.OQ,Jack Henry & Associates Inc,9599678112.42,base,417
2019,M.N,Macy's,9457692302.4,base,418
2019,KSU.N^L21,KC Southern,9444641345.67,dead-redo,419
2019,AES.N,The AES Corporation,9391378252.22,base,420
2019,NI.N,NiSource Inc.,9325121911.53,base,421
2019,PNW.N,Pinnacle West Capital Corporation,9288047970.93,base,422
2019,NCLH.N,Norwegian Cruise Line Holdings Ltd.,9224034292.72,base,423
2019,IRM.N,Iron Mountain Inc,9187648967.4,base,424
2019,NBL.OQ^J20,Noble Energy,9146871588.75,dead-redo,425
2019,MAS.N,Masco Corporation,9027476153.85,base,426
2019,DRE.N^J22,Duke Realty,8983065001.42,dead-redo,427
2019,JNPR.N^G25,Juniper Networks,8974014400.0,dead-redo,428
2019,HWM.N,Howmet Aerospace Inc.,8969504507.51999,base,429
2019,FTI.N,TechnipFMC,8915012657.19999,base,430
2019,DINO.N,HF Sinclair,8888887098.9,base,431
2019,MHK.N,Mohawk Inds,8799994877.0,base,432
2019,NWL.OQ,Newell Brands,8710488000.0,base,433
2019,EG.N,"Everest Group, Ltd.",8684851252.68,base,434
2019,DVA.N,DaVita Inc,8587179999.99999,base,435
2019,URI.N,"United Rentals, Inc.",8566058935.64,base,436
2019,RVTY.N,"Revvity, Inc.",8556520340.88,base,437
2019,FRT.N,Federal Realty Investment Trust,8554090475.02,base,438
2019,GL.N,Globe Life Inc.,8518340577.11,base,439
2019,RL.N,Ralph Lauren Corporation,8481398430.55999,base,440
2019,BFH.N,Bread Fincl Hldg,8464095848.36,base,441
2019,XRAY.OQ,Dentsply Sirona,8432329511.25,base,442
2019,J.N,Jacobs Solutions Inc,8323771092.55999,base,443
2019,ALB.N,Albemarle Corp,8295741677.35,base,444
2019,NLSN.N^J22,Nielsen Holdings,8292410355.2,dead-redo,445
2019,HII.N,"HUNTINGTON INGALLS INDUSTRIES, INC.",8271278467.52,base,446
2019,SNA.N,Snap-On Inc,8210832477.06,base,447
2019,ZION.OQ,Zions Bancorp,7991056832.21999,base,448
2019,PKG.N,Packaging Corp of America,7989746545.9,base,449
2019,JWN.N^E25,Nordstrom,7864221608.0,dead-redo,450
2019,IPG.N^K25,Interpublic Grp,7840770599.99999,dead-redo,451
2019,AVY.N,Avery Dennison Corp,7803055217.51999,base,452
2019,ALLE.N,Allegion PLC,7704269591.15,base,453
2019,UAA.N,Under Armour,7677636626.17,base,454
2019,UA.N,Under Armour,7677636626.17,base,455
2019,QRVO.OQ,Qorvo,7641689918.94,base,456
2019,WU.N,Western Union,7589713933.96,base,457
2019,ALK.N,Alaska Air Group,7585409540.4,base,458
2019,LKQ.OQ,LKQ,7492662901.8,base,459
2019,TRIP.OQ,Tripadvisor,7477009624.62,base,460
2019,AOS.N,A. O. Smith Corporation,7387767666.09,base,461
2019,PHM.N,"PulteGroup, Inc.",7369801351.67999,base,462
2019,BWA.N,Borgwarner,7316620513.08,base,463
2019,BBWI.N,Bath & Body,7238538565.83,base,464
2019,PVH.N,PVH,7080485904.78,base,465
2019,IVZ.N,Invesco Ltd,6926896438.12,base,466
2019,WHR.N,Whirlpool,6886189038.0,base,467
2019,RHI.N,Robert Half,6868198309.28,base,468
2019,SCG.N^A19,SCANA,6814347430.54,dead-redo,469
2019,NWSA.OQ,News Corporation,6705303783.69,base,470
2019,NWS.OQ,News Corporation,6705303783.69,base,471
2019,SLG.N,SL Green Realty,6632357068.28,base,472
2019,AIV.N,Aimco,6591533818.1,base,473
2019,UNM.N,Unum Group,6573392214.65,base,474
2019,PNR.N,Pentair PLC,6472403738.55,base,475
2019,KIM.N,Kimco Realty Corp,6143885226.9,base,476
2019,IPGP.OQ,IPG Photonics,6075578819.32,base,477
2019,MAC.N,Macerich,6042620641.68,base,478
2019,FL.N^I25,Foot Locker,6030594590.84,dead-redo,479
2019,NKTR.OQ,Nektar,5922976604.82,base,480
2019,XEC.N^J21,Coterra,5912082284.72,dead-redo,481
2019,CPRI.N,Capri Holdings,5837619202.55999,base,482
2019,FLIR.OQ^E21,FLIR System,5799550088.32,dead-redo,483
2019,JEF.N,Jefferies Fincl,5718389533.5,base,484
2019,AIZ.N,Assurant Inc,5591059543.5,base,485
2019,HOG.N,Harley Davidson,5549340120.0,base,486
2019,PBCT.OQ^D22,Peoples Uni,5509516852.8,dead-redo,487
2019,PRGO.N,Perrigo Company,5502190032.0,base,488
2019,SEE.N^D26,Sealed Air,5450009556.51999,dead-redo,489
2019,FBIN.N,Fortune Brand,5444086994.5,base,490
2019,HRB.N,H&R Block,5257401507.7,base,491
2019,HP.N,Helmerich,5239298099.09999,base,492
2019,COTY.N,Coty,5219971931.1,base,493
2019,AMG.N,Affiliated Mngrs,5174057493.55,base,494
2019,FLS.N,Flowserve,4997427187.83,base,495
2019,GT.OQ,Goodyear Tire,4816317650.82,base,496
2019,XRX.OQ,Xerox Hlngs,4796630891.91,base,497
2019,FLR.N,Fluor,4633618446.54,base,498
2019,HBI.N^L25,Hanesbrands,4516373491.63999,dead-redo,499
2019,PWR.N,Quanta Services Inc,4383783673.28,base,500
2019,BHF.OQ,Brighthouse,3728125697.92,base,501
2019,MAT.OQ,Mattel,3368671681.12,base,502
2019,NFX.N^B19,Ovintiv Exp,3061194695.75999,dead-redo,503
2019,VTRS.OQ,Viatris Inc.,578946228.02,base,504
2020,AAPL.OQ,Apple Inc.,1316742509450.0,base,1
2020,MSFT.OQ,Microsoft Corporation,1225338758363.16,base,2
2020,GOOG.OQ,Alphabet Inc.,943511366356.3,base,3
2020,GOOGL.OQ,Alphabet Inc.,943511366356.3,base,4
2020,AMZN.OQ,Amazon.com Inc,941028081532.2,base,5
2020,META.OQ,"Meta Platforms, Inc.",598239387273.18,base,6
2020,BRKb.N,Berkshire Hathaway Inc,558195082935.929,base,7
2020,JPM.N,JPMorgan Chase & Co,442526657927.16,base,8
2020,V.N,Visa Inc.,412312376325.68,base,9
2020,JNJ.N,Johnson & Johnson,384174414082.029,base,10
2020,WMT.OQ,Walmart Inc,337453586887.839,base,11
2020,BAC.N,Bank of America Corporation,320585627771.64,base,12
2020,MA.N,Mastercard Incorporated,306079155819.269,base,13
2020,PG.N,The Procter & Gamble Company,304755180414.44,base,14
2020,XOM.N,Exxonmobil Holdings Corp,299985420079.4,base,15
2020,T.N,AT&T Inc,283872300000.0,base,16
2020,UNH.N,UnitedHealth Group Inc,277118866732.5,base,17
2020,DIS.N,The Walt Disney Company,267115426429.8,base,18
2020,INTC.OQ,Intel Corp,264654000000.0,base,19
2020,VZ.N,Verizon Communications Inc,252489625959.449,base,20
2020,HD.N,"The Home Depot, Inc.",239611941853.199,base,21
2020,KO.N,Coca-Cola Co,235604180821.23,base,22
2020,MRK.N,Merck & Co Inc,234332380429.68,base,23
2020,CVX.N,Chevron Corporation,228551672504.43,base,24
2020,WFC.N,Wells Fargo & Co,227328057161.25,base,25
2020,PFE.N,Pfizer Inc.,216605549326.96,base,26
2020,CMCSA.OQ,Comcast Corporation,206571181843.65,base,27
2020,CSCO.OQ,Cisco Systems Inc,205410353639.4,base,28
2020,PEP.OQ,"PepsiCo, Inc.",189392207607.16,base,29
2020,BA.N,Boeing Co,187589573783.56,base,30
2020,C.N,Citigroup Inc,177340843746.2,base,31
2020,ORCL.N,Oracle Corporation,173052663550.0,base,32
2020,ADBE.OQ,Adobe Inc,161890409207.87,base,33
2020,NKE.N,"NIKE, Inc.",159163496889.6,base,34
2020,ABT.N,Abbott Laboratories,153767223549.75,base,35
2020,MDT.N,Medtronic PLC,153553647660.16,base,36
2020,MCD.N,McDonald's Corp,151213608927.54,base,37
2020,BMY.N,Bristol-Myers Squibb Company,148481269685.62,base,38
2020,CRM.N,"Salesforce, Inc.",148120130000.0,base,39
2020,NVDA.OQ,NVIDIA Corporation,146824920000.0,base,40
2020,NFLX.OQ,"Netflix, Inc.",144722820906.69,base,41
2020,AMGN.OQ,Amgen Inc,142663468194.1,base,42
2020,ACN.N,Accenture PLC,138057212407.5,base,43
2020,PM.N,Philip Morris International Inc,132544958962.989,base,44
2020,ABBV.N,AbbVie Inc.,132432599400.75,base,45
2020,RTX.N,RTX Corporation,132201005471.599,base,46
2020,TMO.N,Thermo Fisher Scientific Inc,130871506755.99,base,47
2020,PYPL.OQ,"PayPal Holdings, Inc.",130041813726.75,base,48
2020,HON.OQ,Honeywell International Inc,129180511284.209,base,49
2020,COST.OQ,Costco Wholesale Corp,128767930694.23,base,50
2020,AVGO.OQ,Broadcom Inc,128244256050.709,base,51
2020,LLY.N,Eli Lilly and Company,126938889233.91,base,52
2020,UNP.N,Union Pacific Corporation,126531813038.95,base,53
2020,TXN.OQ,Texas Instruments Inc,121118853890.37,base,54
2020,IBM.N,International Business Machines Corporation,119933024020.68,base,55
2020,NEE.N,"NextEra Energy, Inc.",116631705973.86,base,56
2020,LIN.OQ,Linde PLC,113204465392.98,base,57
2020,LMT.N,Lockheed Martin Corp,112650862206.66,base,58
2020,DHR.N,Danaher Corporation,107857163960.9,base,59
2020,SBUX.OQ,Starbucks Corp,105522350000.0,base,60
2020,GE.N,General Electric Company,104191239570.0,base,61
2020,MMM.N,3M Company,103533270300.0,base,62
2020,AXP.N,American Express Company,102979382445.299,base,63
2020,CHTR.OQ,"Charter Communications, Inc.",102978511534.09,base,64
2020,QCOM.OQ,QUALCOMM Incorporated,101270220899.47,base,65
2020,AMT.N,American Tower Corporation,101211889397.5,base,66
2020,UPS.N,United Parcel Service Inc,100185111497.94,base,67
2020,CVS.N,CVS Health Corporation,96479490759.12,base,68
2020,USB.N,U.S. Bancorp,92462062508.8,base,69
2020,LOW.N,Lowe's Companies Inc,92329630297.7999,base,70
2020,MO.N,Altria Group Inc,92005230617.5,base,71
2020,FIS.N,Fidelity National Information Services Inc,85982582669.5,base,72
2020,BKNG.OQ,Booking Holdings Inc.,85923711766.58,base,73
2020,MS.N,Morgan Stanley,84231834455.8,base,74
2020,GS.N,Goldman Sachs Group Inc,82969676384.4,base,75
2020,CAT.N,Caterpillar Inc,82803935283.3,base,76
2020,GILD.OQ,"Gilead Sciences, Inc.",82525448270.76,base,77
2020,BLK.N,"BlackRock, Inc.",78993170732.64,base,78
2020,SYK.N,Stryker Corporation,78785488009.2,base,79
2020,FISV.OQ,Fiserv Inc,78541470515.52,base,80
2020,MDLZ.OQ,Mondelez International Inc,78225658076.43,base,81
2020,CI.N,The Cigna Group,76529795532.74,base,82
2020,ELV.N,Elevance Health Inc,76289709516.39,base,83
2020,TFC.N,Truist Financial Corporation,76013465840.67,base,84
2020,TJX.N,"The TJX Companies, Inc.",74236434475.1,base,85
2020,EL.N,Estee Lauder Companies Inc,74215143441.78,base,86
2020,BDX.N,Becton Dickinson and Co,73905529755.92,base,87
2020,ADP.OQ,Automatic Data Processing Inc,73697138518.48,base,88
2020,CME.OQ,CME Group Inc.,72335076613.8,base,89
2020,COP.N,ConocoPhillips,71015459280.0,base,90
2020,CB.N,Chubb Limited,70708623626.1,base,91
2020,PNC.N,"The PNC Financial Services Group, Inc.",70269388972.44,base,92
2020,INTU.OQ,Intuit Inc.,69283212906.96,base,93
2020,ISRG.OQ,Intuitive Surgical Inc,69027431596.3,base,94
2020,DUK.N,Duke Energy Corp,68458104295.12,base,95
2020,SPGI.N,S&P Global Inc,67904095999.9999,base,96
2020,D.N,"Dominion Energy, Inc.",67460733506.7599,base,97
2020,TMUS.OQ,T-Mobile US Inc,67344195386.0,base,98
2020,SO.N,Southern Co,65671722391.18,base,99
2020,ZTS.N,Zoetis Inc,63890781394.9999,base,100
2020,TGT.N,Target Corp,63884348844.4699,base,101
2020,RTN.N^D20,Raytheon,63440300990.0,dead-redo,102
2020,BSX.N,Boston Scientific Corp,63182023425.36,base,103
2020,AGN.N^E20,Allergan,62727233362.88,dead-redo,104
2020,SCHW.N,The Charles Schwab Corporation,61844742523.2,base,105
2020,MU.OQ,"Micron Technology, Inc.",61531286156.06,base,106
2020,NOC.N,Northrop Grumman Corp,59703684416.7999,base,107
2020,CCI.N,Crown Castle Inc,58906076546.24,base,108
2020,ITW.N,Illinois Tool Works Inc,58393059521.28,base,109
2020,CL.N,Colgate-Palmolive Company,58381852266.4,base,110
2020,CSX.OQ,CSX Corporation,57259211801.74,base,111
2020,AMAT.OQ,Applied Materials Inc,56931914895.6,base,112
2020,MRSH.N,Marsh & McLennan Companies Inc,56548076067.9,base,113
2020,VRTX.OQ,Vertex Pharmaceuticals Incorporated,56431477086.6,base,114
2020,PLD.N,"Prologis, Inc.",55848903370.0,base,115
2020,GPN.N,Global Payments Inc,55742885295.2999,base,116
2020,DE.N,Deere & Co,55676944294.88,base,117
2020,SLB.N,SLB N.V.,55615981408.65,base,118
2020,NOW.N,ServiceNow Inc,54927864000.0,base,119
2020,ECL.N,Ecolab Inc.,54832728217.17,base,120
2020,AMD.OQ,"Advanced Micro Devices, Inc.",54679111624.8,base,121
2020,LVS.N,Las Vegas Sands Corp.,54376986678.0,base,122
2020,GM.N,General Motors Co,53407948013.28,base,123
2020,BIIB.OQ,Biogen Inc.,53093218182.72,base,124
2020,SHW.N,Sherwin-Williams Co,52787038894.0,base,125
2020,WBA.OQ^H25,Walgreens Hldg,52336704745.92,dead-redo,126
2020,GD.N,General Dynamics Corp,51620888850.44,base,127
2020,ICE.N,Intercontinental Exchange Inc,51603244184.37,base,128
2020,NSC.N,Norfolk Southern Corp,51314943278.4,base,129
2020,APD.N,"Air Products and Chemicals, Inc.",51007624329.4799,base,130
2020,HCA.N,"HCA Healthcare, Inc.",50025407467.0,base,131
2020,PSX.N,Phillips 66,49856920027.2,base,132
2020,MAR.OQ,"Marriott International, Inc.",49527719306.31,base,133
2020,EQIX.OQ,"Equinix, Inc.",49406306961.65,base,134
2020,EOG.N,"EOG Resources, Inc.",48949630953.3,base,135
2020,EW.N,Edwards Lifesciences Corporation,48492528255.0,base,136
2020,WM.N,Waste Management Inc,48456829864.0,base,137
2020,AON.N,Aon PLC,48450033520.1599,base,138
2020,HUM.N,Humana Inc.,48102436585.8,base,139
2020,ILMN.OQ,Illumina,48069000000.0,base,140
2020,KMI.N,"Kinder Morgan, Inc.",47654872794.4799,base,141
2020,MET.N,"MetLife, Inc.",47471365486.34,base,142
2020,COF.N,Capital One Financial Corp,47308326000.0,base,143
2020,EMR.N,Emerson Electric Co,47197239135.8,base,144
2020,BNY.N,Bank of New York Mellon Corp,46958373080.0,base,145
2020,DD.N,"DuPont de Nemours, Inc.",46898860227.9999,base,146
2020,KMB.OQ,Kimberly-Clark Corporation,46563284512.17,base,147
2020,SPG.N,Simon Property Group Inc,46493112013.04,base,148
2020,AEP.OQ,American Electric Power Company Inc,46185078759.6599,base,149
2020,MCO.N,Moody's Corporation,45624851836.2,base,150
2020,ATVI.OQ^J23,Activision,45073818306.9,dead-redo,151
2020,AIG.N,"American International Group, Inc.",45028695126.56,base,152
2020,LHX.N,"L3Harris Technologies, Inc.",44944653788.19,base,153
2020,ADI.OQ,"Analog Devices, Inc.",44354654298.67,base,154
2020,EXC.OQ,Exelon Corp,44162905736.95,base,155
2020,BAX.N,Baxter International Inc.,43841432471.03,base,156
2020,PGR.N,The Progressive Corporation,43455554515.37,base,157
2020,LRCX.OQ,Lam Research Corporation,43217549946.32,base,158
2020,SYY.N,Sysco Corporation,43078607065.92,base,159
2020,ROST.OQ,Ross Stores Inc,42260964968.6,base,160
2020,SRE.N,Sempra,42036321976.32,base,161
2020,ADSK.OQ,"Autodesk, Inc.",41328798765.66,base,162
2020,FDX.N,FedEx Corp,40499568377.4,base,163
2020,REGN.OQ,"Regeneron Pharmaceuticals, Inc.",40301935539.9,base,164
2020,MPC.N,Marathon Petroleum Corporation,40199507004.1899,base,165
2020,VFC.N,VF,40029219035.13,base,166
2020,DOW.N,Dow Inc.,39855561037.5,base,167
2020,DG.N,Dollar General Corp,39855105445.9799,base,168
2020,ETN.N,Eaton Corporation PLC,39632658000.0,base,169
2020,AFL.N,Aflac Incorporated,39159860833.5,base,170
2020,VLO.N,Valero Energy Corp,39065394395.1599,base,171
2020,KHC.OQ,The Kraft Heinz Company,38600888020.06,base,172
2020,DAL.N,"Delta Air Lines, Inc.",38183698100.1599,base,173
2020,PRU.N,Prudential Financial Inc,38125680000.0,base,174
2020,OXY.N,Occidental Petroleum Corp,38037457872.6,base,175
2020,ROP.OQ,"Roper Technologies, Inc.",37998837219.46,base,176
2020,F.N,Ford Motor Co,37349329692.9,base,177
2020,PSA.N,Public Storage,36875583583.2999,base,178
2020,ALL.N,Allstate Corp,36548729007.1199,base,179
2020,STZ.N,"Constellation Brands, Inc.",36098460810.186,base,180
2020,TRV.N,"The Travelers Companies, Inc.",35493087140.21,base,181
2020,NEM.N,Newmont Corporation,35433427749.6,base,182
2020,MNST.OQ,Monster Beverage Corporation,34250323270.8,base,183
2020,CTSH.OQ,Cognizant Technology Solutions Corporation,33905275698.24,base,184
2020,XEL.OQ,Xcel Energy Inc,33450220528.48,base,185
2020,ORLY.OQ,"O'Reilly Automotive, Inc.",33102280615.44,base,186
2020,TSN.N,Tyson Foods Inc,32842480106.25,base,187
2020,WELL.N,Welltower Inc.,32476479834.24,base,188
2020,APH.N,Amphenol Corp,32385789155.61,base,189
2020,TEL.N,TE Connectivity PLC,32280146734.32,base,190
2020,TT.N,Trane Technologies PLC,32017860870.85,base,191
2020,JCI.N,Johnson Controls International PLC,31622426456.3999,base,192
2020,GIS.N,General Mills Inc,31529100461.69,base,193
2020,HLT.N,Hilton Worldwide Holdings Inc,31447063117.95,base,194
2020,BFb.N,Brown-Forman Corporation,31339456799.73,base,195
2020,EA.OQ^H26,Electronic Arts,31300139473.6,dead-redo,196
2020,LYB.N,LyondellBasell Industries N.V.,31293939940.64,base,197
2020,OKE.N,"ONEOK, Inc.",31274638851.4999,base,198
2020,PPG.N,"PPG Industries, Inc.",31118558567.6,base,199
2020,YUM.N,"Yum! Brands, Inc.",30902560113.24,base,200
2020,ZBH.N,"Zimmer Biomet Holdings, Inc.",30688106810.3999,base,201
2020,PAYX.OQ,"Paychex, Inc.",30502273312.8,base,202
2020,TDG.N,TransDigm Group Incorporated,30385475156.56,base,203
2020,IQV.N,IQVIA Holdings Inc.,30349416480.11,base,204
2020,HPQ.N,HP Inc,30211767792.36,base,205
2020,HSY.N,The Hershey Company,30076321720.84,base,206
2020,INFO.N^B22,IHS Markit,29793368311.0399,dead-redo,207
2020,PEG.N,Public Service Enterprise Group Incorporated,29691200760.15,base,208
2020,VMRK.N,Vivmark Residential,29648186416.68,base,209
2020,ED.N,"Consolidated Edison, Inc.",29539766054.88,base,210
2020,EBAY.OQ,eBay Inc.,29530959460.1999,base,211
2020,TROW.OQ,"T. Rowe Price Group, Inc.",29247055123.44,base,212
2020,AVB.N^H26,Avalonbay US,29221437367.85,dead-redo,213
2020,STT.N,State Street Corporation,28862769236.16,base,214
2020,LUV.N,Southwest Airlines Co,28860982749.84,base,215
2020,KLAC.OQ,KLA Corporation,28808540952.1499,base,216
2020,RSG.N,Republic Services Inc,28668770377.26,base,217
2020,WEC.N,"WEC Energy Group, Inc.",28600448925.77,base,218
2020,WMB.N,"The Williams Companies, Inc.",28471027157.64,base,219
2020,RCL.N,Royal Caribbean Cruises Ltd.,28230812581.75,base,220
2020,CTAS.OQ,Cintas Corporation,28094678590.42,base,221
2020,AZO.N,"AutoZone, Inc.",28069191985.14,base,222
2020,MSI.N,Motorola Solutions Inc,27693041882.38,base,223
2020,PCAR.OQ,Paccar Inc,27500411367.18,base,224
2020,CMI.N,Cummins Inc,27472469731.32,base,225
2020,CCL.N,Carnival Corporation Ltd,27043200156.98,base,226
2020,ES.N,Eversource Energy,26946660739.39,base,227
2020,PH.N,Parker-Hannifin Corp,26926726857.69,base,228
2020,SBAC.OQ,SBA Communications Corp,26897002780.96,base,229
2020,EIX.N,Edison International,26672752421.3,base,230
2020,A.N,Agilent Technologies Inc,26660264519.25,base,231
2020,BKR.OQ,Baker Hughes Company,26309067513.82,base,232
2020,DFS.N^E25,Discover Fincl,26293717061.64,dead-redo,233
2020,WTW.OQ,Willis Towers Watson Public Limited Company,26288778900.4,base,234
2020,PSKY.OQ,Paramount Skydance Corp,26064069796.8,base,235
2020,FTV.N,Fortive Corporation,26041614391.6499,base,236
2020,MCHP.OQ,Microchip Technology Inc,25713993633.6,base,237
2020,CNC.N,Centene Corp,25683170240.0,base,238
2020,FE.N,FirstEnergy Corp,25681015433.71,base,239
2020,ADM.N,Archer-Daniels-Midland Co,25668805984.65,base,240
2020,PPL.N,PPL Corp,25609830383.06,base,241
2020,SWK.N,Stanley Black & Decker Inc,25541023308.08,base,242
2020,PXD.N^E24,Pioneer Natl Rsc,25401894915.45,dead-redo,243
2020,XLNX.OQ^B22,Xilinx,24973226699.52,dead-redo,244
2020,DTE.N,DTE Energy Company,24723922380.3,base,245
2020,VRSK.OQ,"Verisk Analytics, Inc.",24656975551.68,base,246
2020,DLR.N,"Digital Realty Trust, Inc.",24629008144.0,base,247
2020,APTV.N,APTIV PLC,24586795370.04,base,248
2020,CPAY.N,"Corpay, Inc.",24556351967.44,base,249
2020,MCK.N,McKesson Corp,24538481336.7,base,250
2020,TWTR.N^J22,Twitter,24470762679.68,dead-redo,251
2020,O.N,Realty Income Corporation,24180712802.88,base,252
2020,ROK.N,Rockwell Automation Inc,23892005786.0,base,253
2020,CMG.N,"Chipotle Mexican Grill, Inc.",23853566120.76,base,254
2020,HRL.N,Hormel Foods Corp,23694185082.33,base,255
2020,ALXN.OQ^G21,Alexion Pharmas,23547542429.3099,dead-redo,256
2020,ETR.N,Entergy Corp,23485615625.4,base,257
2020,SYF.N,Synchrony Financial,23398639513.71,base,258
2020,K.N^L25,Kellanova,23194404104.0,dead-redo,259
2020,CERN.OQ^F22,Cerner,23189811780.3,dead-redo,260
2020,VRSN.OQ,"VeriSign, Inc.",23097874537.3,base,261
2020,GLW.N,Corning Incorporated,23065602212.23,base,262
2020,AME.N,AMETEK Inc,23042161497.6,base,263
2020,KR.N,Kroger Co,22944832390.58,base,264
2020,FOX.OQ,Fox Corporation,22846415864.82,base,265
2020,FOXA.OQ,Fox Corporation,22846415864.82,base,266
2020,NTRS.OQ,Northern Trust Corporation,22794224249.28,base,267
2020,IDXX.OQ,IDEXX Laboratories Inc,22734097231.44,base,268
2020,UAL.OQ,"United Airlines Holdings, Inc.",22708137151.0,base,269
2020,BBY.N,"Best Buy Co., Inc.",22593858897.57,base,270
2020,MTB.N,M&T Bank Corporation,22574411569.8799,base,271
2020,MSCI.N,MSCI Inc,22536369183.5,base,272
2020,RMD.N,ResMed Inc.,22446451661.53,base,273
2020,ALGN.OQ,"Align Technology, Inc.",22357659925.44,base,274
2020,MKC.N,"McCormick & Company, Incorporated",22261166475.37,base,275
2020,DLTR.OQ,Dollar Tree Inc,22194191056.68,base,276
2020,FITB.N,Fifth Third Bancorp,22013882654.94,base,277
2020,HIG.N,"The Hartford Insurance Group, Inc.",21967674090.4,base,278
2020,WY.N,Weyerhaeuser Company,21899735194.78,base,279
2020,AWK.N,"American Water Works Company, Inc.",21733707214.4,base,280
2020,CPRT.OQ,Copart Inc,21729819176.88,base,281
2020,HAL.N,Halliburton Company,21664212517.96,base,282
2020,ANSS.OQ^G25,Ansys Inc,21634234404.16,dead-redo,283
2020,CTVA.N,"Corteva, Inc.",21509038762.0799,base,284
2020,SNPS.OQ,"Synopsys, Inc.",21506917876.99,base,285
2020,AMP.N,Ameriprise Financial Inc,21440693680.32,base,286
2020,FAST.OQ,Fastenal Company,21374819356.53,base,287
2020,HES.N^G25,Hess,21280683452.4,dead-redo,288
2020,VTR.N,"Ventas, Inc.",21018584562.53,base,289
2020,BXP.N,"BXP, Inc.",20986468602.84,base,290
2020,HPE.N,Hewlett Packard Enterprise Company,20906611689.81,base,291
2020,BALL.N,Ball Corp,20897034120.88,base,292
2020,SWKS.OQ,"Skyworks Solutions, Inc.",20729565671.08,base,293
2020,ARE.N,"Alexandria Real Estate Equities, Inc",20685035000.0,base,294
2020,CDW.OQ,CDW Corporation,20672772353.64,base,295
2020,CBRE.N,"CBRE Group, Inc.",20580534393.0399,base,296
2020,KEYS.N,"Keysight Technologies, Inc.",20319254764.59,base,297
2020,CDNS.OQ,"Cadence Design Systems, Inc.",20045563920.0,base,298
2020,KEY.N,KeyCorp,19955249262.34,base,299
2020,FRC.N^E23,Frst Rep Bk,19829987976.12,dead-redo,300
2020,ESS.N,"Essex Property Trust, Inc.",19710835158.5599,base,301
2020,MTD.N,Mettler-Toledo International Inc.,19606593057.0599,base,302
2020,WDC.OQ,Western Digital Corp,19515685586.7,base,303
2020,DHI.N,"D.R. Horton, Inc.",19254981598.3,base,304
2020,CLX.N,The Clorox Company,19153084251.48,base,305
2020,FCX.N,Freeport-McMoRan Inc,19152060708.0,base,306
2020,VMC.N,Vulcan Materials Co,18889649225.6,base,307
2020,DISH.OQ^A24,DISH Network,18761521576.2,dead-redo,308
2020,FTNT.OQ,"Fortinet, Inc.",18758980164.48,base,309
2020,AEE.N,Ameren Corporation,18710565681.6,base,310
2020,GRMN.N,Garmin Ltd.,18694671786.12,base,311
2020,INCY.OQ,Incyte Corp,18517705021.3,base,312
2020,GWW.N,WW Grainger Inc,18506627776.8799,base,313
2020,CXO.N^A21,Concho Resources,17937504026.2,dead-redo,314
2020,IP.N,International Paper Co,17849141850.96,base,315
2020,AJG.N,Arthur J. Gallagher & Co.,17814811730.0,base,316
2020,CFG.N,Citizens Financial Group Inc,17714796845.75,base,317
2020,NDAQ.OQ,Nasdaq Inc,17673322308.2999,base,318
2020,TFX.N,Teleflex,17522540868.35,base,319
2020,COR.N,"Cencora, Inc.",17519859584.88,base,320
2020,CMS.N,CMS Energy Corporation,17515919317.38,base,321
2020,OMC.N,Omnicom Group Inc,17390257635.45,base,322
2020,CINF.OQ,Cincinnati Financial Corporation,17311112748.6,base,323
2020,MLM.N,"Martin Marietta Materials, Inc.",17288272433.13,base,324
2020,EFX.N,Equifax Inc.,17241063047.76,base,325
2020,AMCR.N,Amcor PLC,17222107621.01,base,326
2020,LEN.N,Lennar Corp,17205771429.27,base,327
2020,CHD.N,Church & Dwight Co Inc,17185500309.25,base,328
2020,DOC.N,"Healthpeak Properties, Inc",17015864936.24,base,329
2020,DOV.N,Dover Corp,16977282531.82,base,330
2020,MGM.N,MGM Resorts International,16935949293.1199,base,331
2020,NUE.N,Nucor Corporation,16713225517.0399,base,332
2020,MXIM.OQ^H21,Maxim Integrated,16601880309.6,dead-redo,333
2020,RF.N,Regions Financial Corporation,16485682065.19,base,334
2020,CAG.N,Conagra Brands,16371548531.19,base,335
2020,WCG.N^A20,WellCare Health,16343891997.0,dead-redo,336
2020,LH.N,Labcorp Holdings Inc.,16262307999.9999,base,337
2020,WBD.OQ,"Warner Bros. Discovery, Inc.",16218052641.9649,base,338
2020,GEN.OQ,Gen Digital Inc.,16216883817.6,base,339
2020,TIF.N^A21,Tiffany,16203778680.18,dead-redo,340
2020,DISCK.OQ^D22,Warner Bros Dis,16126693160.745,dead-redo,341
2020,EXPE.OQ,"Expedia Group, Inc.",16079478466.56,base,342
2020,STX.OQ,Seagate Technology Holdings PLC,15894022518.0,base,343
2020,COO.OQ,"The Cooper Companies, Inc.",15862840295.2799,base,344
2020,L.N,Loews Corporation,15752369228.16,base,345
2020,ANET.N,Arista Networks Inc,15640413925.44,base,346
2020,WAB.N,Westinghouse Air Brake Technologies Corp,15516696917.9,base,347
2020,PFG.OQ,Principal Financial Group Inc,15474656881.82,base,348
2020,WYNN.OQ,"Wynn Resorts, Limited",15416121421.5999,base,349
2020,KSU.N^L21,KC Southern,15389310338.08,dead-redo,350
2020,GPC.N,Genuine Parts Co,15382462897.98,base,351
2020,LYV.N,"Live Nation Entertainment, Inc.",15364009739.26,base,352
2020,MAA.N,Mid-America Apartment Communities Inc,15334621418.87,base,353
2020,ODFL.OQ,"Old Dominion Freight Line, Inc.",15328510737.63,base,354
2020,HBAN.OQ,Huntington Bancshares Inc,15289852195.18,base,355
2020,WAT.N,Waters Corp,15145944657.62,base,356
2020,FANG.OQ,"Diamondback Energy, Inc.",14734568105.1,base,357
2020,CE.N,Celanese US DE,14677741355.85,base,358
2020,CAH.N,"Cardinal Health, Inc.",14650741651.86,base,359
2020,CPB.OQ,Campbell's Co,14627267776.03,base,360
2020,KMX.N,Carmax,14624603791.89,base,361
2020,CTXS.OQ^J22,Citrix Systems,14561182732.4399,dead-redo,362
2020,ULTA.OQ,Ulta Beauty Inc,14550419606.1,base,363
2020,EVRG.OQ,"Evergy, Inc.",14458178500.48,base,364
2020,HAS.OQ,"Hasbro, Inc.",14412653595.6,base,365
2020,XYL.N,Xylem Inc,14379297849.3499,base,366
2020,MKTX.OQ,MarketAxess,14364733909.5,base,367
2020,NTAP.OQ,NetApp Inc,14325758950.62,base,368
2020,DGX.N,Quest Diagnostics Inc,14241522902.78,base,369
2020,BR.N,Broadridge Financial Solutions Inc,14190897847.62,base,370
2020,AKAM.OQ,Akamai Technologies Inc,14162730044.4,base,371
2020,LUMN.N,Lumen Tech,14085759972.0,base,372
2020,ZBRA.OQ,Zebra Technologies Corp,13994319798.48,base,373
2020,LDOS.N,"Leidos Holdings, Inc.",13961024520.12,base,374
2020,IT.N,"Gartner, Inc.",13958240814.64,base,375
2020,HOLX.OQ^D26,Hologic,13914065376.79,dead-redo,376
2020,TTWO.OQ,"Take-Two Interactive Software, Inc.",13837394679.36,base,377
2020,MAS.N,Masco Corporation,13808760170.07,base,378
2020,HWM.N,Howmet Aerospace Inc.,13654961127.02,base,379
2020,DRI.N,Darden Restaurants Inc,13640723376.96,base,380
2020,IFF.N,International Flavors & Fragrances Inc.,13619307116.1,base,381
2020,UDR.N,"UDR, Inc.",13586412626.5999,base,382
2020,NVR.N,"NVR, Inc.",13570219806.0,base,383
2020,EXR.N,Extra Space Storage Inc.,13566138445.11,base,384
2020,CNP.N,"CenterPoint Energy, Inc.",13535414434.85,base,385
2020,ATO.N,Atmos Energy Corporation,13494981092.48,base,386
2020,QRVO.OQ,Qorvo,13471552230.7599,base,387
2020,EXPD.N,Expeditors International of Washington Inc,13343102545.7499,base,388
2020,AES.N,The AES Corporation,13298971699.68,base,389
2020,CBOE.Z,"Cboe Global Markets, Inc.",13297200229.4399,base,390
2020,IEX.N,IDEX Corporation,13181174951.1,base,391
2020,VAR.N^D21,Varian Med Syst,13175463689.22,dead-redo,392
2020,HST.OQ,"Host Hotels & Resorts, Inc.",13074156763.0,base,393
2020,SIVB.OQ^C23,SVB Fincl Grp,12930948100.31,dead-redo,394
2020,FMC.N,FMC,12896934484.72,base,395
2020,LNT.OQ,Alliant Energy Corp,12890102805.21,base,396
2020,DRE.N^J22,Duke Realty,12864973520.0,dead-redo,397
2020,STE.N,STERIS plc,12861598545.4999,base,398
2020,BEN.N,"Franklin Templeton, Inc.",12783590833.91,base,399
2020,AAL.OQ,American Airline,12743106376.39,base,400
2020,URI.N,"United Rentals, Inc.",12675049112.35,base,401
2020,WRB.N,W. R. Berkley Corporation,12666207863.6799,base,402
2020,XRAY.OQ,Dentsply Sirona,12662010916.26,base,403
2020,RJF.N,"Raymond James Financial, Inc.",12634653551.94,base,404
2020,NCLH.N,Norwegian Cruise Line Holdings Ltd.,12535638239.13,base,405
2020,JBHT.OQ,"J.B. Hunt Transport Services, Inc.",12525035043.0399,base,406
2020,VNO.N,Vornado Realty,12509561843.5,base,407
2020,UHS.N,Universal Health Services Inc,12461198400.98,base,408
2020,LW.N,Lamb Weston Hldg,12284885698.08,base,409
2020,J.N,Jacobs Solutions Inc,12006044773.1099,base,410
2020,LNC.N,LNC,11850253529.25,base,411
2020,ALLE.N,Allegion PLC,11650806831.45,base,412
2020,SJM.N,The J. M. Smucker Company,11649719572.46,base,413
2020,GL.N,Globe Life Inc.,11430918014.88,base,414
2020,NBL.OQ^J20,Noble Energy,11345457115.28,dead-redo,415
2020,EG.N,"Everest Group, Ltd.",11343548903.1999,base,416
2020,JKHY.OQ,Jack Henry & Associates Inc,11224324924.56,base,417
2020,AAP.N,Advance Auto,11040640316.36,base,418
2020,TSCO.OQ,Tractor Supply Company,11022941502.86,base,419
2020,WRK.N^G24,WestRock Co,11021190800.84,dead-redo,420
2020,MRO.N^K24,Marathn Oil,10999017438.75,dead-redo,421
2020,RVTY.N,"Revvity, Inc.",10983426175.46,base,422
2020,LKQ.OQ,LKQ,10980981542.4,base,423
2020,WU.N,Western Union,10980313513.83,base,424
2020,ROL.N,Rollins Inc,10916907144.84,base,425
2020,AVY.N,Avery Dennison Corp,10797759223.14,base,426
2020,EMN.N,Eastman Chemical,10698572928.82,base,427
2020,TAP.N,Molson Coors Beverage Company,10674893018.86,base,428
2020,CHRW.OQ,"C.H. Robinson Worldwide, Inc.",10526540344.26,base,429
2020,PHM.N,"PulteGroup, Inc.",10482276170.68,base,430
2020,PKG.N,Packaging Corp of America,10480524791.68,base,431
2020,HII.N,"HUNTINGTON INGALLS INDUSTRIES, INC.",10464356338.4499,base,432
2020,TXT.N,Textron Inc,10381389915.48,base,433
2020,REG.OQ,Regency Centers Corp,10335341537.0399,base,434
2020,NI.N,NiSource Inc.,10152918635.76,base,435
2020,ETFC.OQ^J20,E*TRADE Financl,10107053918.1999,dead-redo,436
2020,CF.N,CF Industries Holdings Inc,10088836030.4,base,437
2020,CMA.N^B26,Comerica,10040474389.4,dead-redo,438
2020,PNW.N,Pinnacle West Capital Corporation,9971964197.03999,base,439
2020,DVN.N,Devon Energy Corporation,9905939000.0,base,440
2020,NOV.N,Nov,9746119325.94,base,441
2020,NRG.N,NRG Energy Inc,9661052133.19999,base,442
2020,MHK.N,Mohawk Inds,9653961055.65,base,443
2020,HSIC.OQ,"Henry Schein, Inc.",9621884168.08,base,444
2020,APA.OQ,APA Corporation,9536280238.32,base,445
2020,FTI.N,TechnipFMC,9535891480.10999,base,446
2020,DVA.N,DaVita Inc,9469674688.25,base,447
2020,FRT.N,Federal Realty Investment Trust,9463751925.12,base,448
2020,DXC.N,DXC Tech,9410469092.51999,base,449
2020,WHR.N,Whirlpool,9382006747.19999,base,450
2020,SNA.N,Snap-On Inc,9269032981.0,base,451
2020,UAA.N,Under Armour,9253652582.4,base,452
2020,UA.N,Under Armour,9253652582.4,base,453
2020,FBIN.N,Fortune Brand,9157541130.1,base,454
2020,BWA.N,Borgwarner,9075369855.15,base,455
2020,ZION.OQ,Zions Bancorp,8939125080.6,base,456
2020,RL.N,Ralph Lauren Corporation,8863683581.48,base,457
2020,IPG.N^K25,Interpublic Grp,8813150633.0,dead-redo,458
2020,IRM.N,Iron Mountain Inc,8732030976.46,base,459
2020,NWS.OQ,News Corporation,8567290789.87999,base,460
2020,NWSA.OQ,News Corporation,8567290789.87999,base,461
2020,FFIV.OQ,F5 Inc,8557346548.79999,base,462
2020,KIM.N,Kimco Realty Corp,8463573039.6,base,463
2020,COTY.N,Coty,8454144696.4,base,464
2020,ALK.N,Alaska Air Group,8396732450.42,base,465
2020,DINO.N,HF Sinclair,8293817762.19,base,466
2020,IVZ.N,Invesco Ltd,8165550811.24999,base,467
2020,JNPR.N^G25,Juniper Networks,8146769597.0,dead-redo,468
2020,MOS.N,Mosaic Co,8116921992.05999,base,469
2020,NWL.OQ,Newell Brands,8078471999.99999,base,470
2020,AIZ.N,Assurant Inc,8025758723.52,base,471
2020,XRX.OQ,Xerox Hlngs,7983832478.73,base,472
2020,PNR.N,Pentair PLC,7812178467.5,base,473
2020,AOS.N,A. O. Smith Corporation,7791858711.36,base,474
2020,IPGP.OQ,IPG Photonics,7765032969.99999,base,475
2020,ALB.N,Albemarle Corp,7699058526.13,base,476
2020,KSS.N,Kohls,7689049618.11,base,477
2020,PVH.N,PVH,7686158695.95,base,478
2020,AIV.N,Aimco,7530587417.88,base,479
2020,ABMD.OQ^L22,Abiomed,7525723134.7,dead-redo,480
2020,TPR.N,"Tapestry, Inc.",7430946919.85,base,481
2020,RHI.N,Robert Half,7401158441.25,base,482
2020,PBCT.OQ^D22,Peoples Uni,7371113846.1,dead-redo,483
2020,NLSN.N^J22,Nielsen Holdings,7151489650.63999,dead-redo,484
2020,SLG.N,SL Green Realty,7122604550.25,base,485
2020,FLIR.OQ^E21,FLIR System,7069866789.0,dead-redo,486
2020,CTRA.N^E26,Coterra Energy,7048938349.44,dead-redo,487
2020,PRGO.N,Perrigo Company,6981061024.97,base,488
2020,FLS.N,Flowserve,6631992300.64,base,489
2020,GAP.N,Gap,6450613441.92,base,490
2020,JWN.N^E25,Nordstrom,6191496299.96,dead-redo,491
2020,UNM.N,Unum Group,6113797569.36,base,492
2020,SEE.N^D26,Sealed Air,5911772327.17999,dead-redo,493
2020,PWR.N,Quanta Services Inc,5848330043.85,base,494
2020,HOG.N,Harley Davidson,5722704670.92,base,495
2020,CPRI.N,Capri Holdings,5704188738.6,base,496
2020,XEC.N^J21,Coterra,5436661476.0,dead-redo,497
2020,HBI.N^L25,Hanesbrands,5212055600.07,dead-redo,498
2020,BFH.N,Bread Fincl Hldg,5180401825.92,base,499
2020,M.N,Macy's,5104106706.44,base,500
2020,HP.N,Helmerich,4909377219.84,base,501
2020,BBWI.N,Bath & Body,4835542118.21999,base,502
2020,HRB.N,H&R Block,4584376690.48,base,503
2020,VTRS.OQ,Viatris Inc.,847096943.199999,base,504
2021,AAPL.OQ,Apple Inc.,2232278767470.0,base,1
2021,MSFT.OQ,Microsoft Corporation,1681605513424.98,base,2
2021,AMZN.OQ,Amazon.com Inc,1634168480448.19,base,3
2021,GOOG.OQ,Alphabet Inc.,1185281042276.96,base,4
2021,GOOGL.OQ,Alphabet Inc.,1185281042276.96,base,5
2021,META.OQ,"Meta Platforms, Inc.",778039626010.36,base,6
2021,TSLA.OQ,Tesla Inc,668905110256.11,base,7
2021,BRKb.N,Berkshire Hathaway Inc,543678513841.28,base,8
2021,V.N,Visa Inc.,511232359138.11,base,9
2021,JNJ.N,Johnson & Johnson,414309565719.36,base,10
2021,WMT.OQ,Walmart Inc,407841566232.9,base,11
2021,JPM.N,JPMorgan Chase & Co,387335163215.41,base,12
2021,MA.N,Mastercard Incorporated,355842533715.12,base,13
2021,PG.N,The Procter & Gamble Company,342628916762.16,base,14
2021,UNH.N,UnitedHealth Group Inc,332732446582.8,base,15
2021,DIS.N,The Walt Disney Company,328023679003.66,base,16
2021,NVDA.OQ,NVIDIA Corporation,323241800000.0,base,17
2021,HD.N,"The Home Depot, Inc.",285966699449.22,base,18
2021,PYPL.OQ,"PayPal Holdings, Inc.",274410221667.8,base,19
2021,BAC.N,Bank of America Corporation,262206175522.55,base,20
2021,VZ.N,Verizon Communications Inc,243113044061.25,base,21
2021,CMCSA.OQ,Comcast Corporation,240026383412.8,base,22
2021,ADBE.OQ,Adobe Inc,239917057777.96,base,23
2021,NFLX.OQ,"Netflix, Inc.",239486754480.53,base,24
2021,KO.N,Coca-Cola Co,235671314122.08,base,25
2021,NKE.N,"NIKE, Inc.",223026041856.17,base,26
2021,MRK.N,Merck & Co Inc,206956816946.6,base,27
2021,PEP.OQ,"PepsiCo, Inc.",204944146725.5,base,28
2021,T.N,AT&T Inc,204943760000.0,base,29
2021,PFE.N,Pfizer Inc.,204662234937.96,base,30
2021,CRM.N,"Salesforce, Inc.",204223457394.88,base,31
2021,INTC.OQ,Intel Corp,204162360000.0,base,32
2021,ABT.N,Abbott Laboratories,194055869503.69,base,33
2021,ORCL.N,Oracle Corporation,190449559460.0,base,34
2021,ABBV.N,AbbVie Inc.,189133981555.85,base,35
2021,CSCO.OQ,Cisco Systems Inc,189091769444.75,base,36
2021,TMO.N,Thermo Fisher Scientific Inc,184605005263.979,base,37
2021,AVGO.OQ,Broadcom Inc,178079338716.3,base,38
2021,XOM.N,Exxonmobil Holdings Corp,174287810179.08,base,39
2021,ACN.N,Accenture PLC,172695107307.3,base,40
2021,QCOM.OQ,QUALCOMM Incorporated,172296540000.0,base,41
2021,TMUS.OQ,T-Mobile US Inc,167374036743.6,base,42
2021,COST.OQ,Costco Wholesale Corp,166896671182.62,base,43
2021,CVX.N,Chevron Corporation,162570066548.85,base,44
2021,LLY.N,Eli Lilly and Company,161509237006.32,base,45
2021,MCD.N,McDonald's Corp,159885915805.04,base,46
2021,DHR.N,Danaher Corporation,157803250519.38,base,47
2021,MDT.N,Medtronic PLC,157672776825.86,base,48
2021,NEE.N,"NextEra Energy, Inc.",151142568666.6,base,49
2021,TXN.OQ,Texas Instruments Inc,150661841796.9,base,50
2021,HON.OQ,Honeywell International Inc,149248562853.6,base,51
2021,UPS.N,United Parcel Service Inc,145564620337.2,base,52
2021,UNP.N,Union Pacific Corporation,140312975070.3,base,53
2021,BMY.N,Bristol-Myers Squibb Company,140172386661.54,base,54
2021,LIN.OQ,Linde PLC,137905400871.94,base,55
2021,AMGN.OQ,Amgen Inc,133852207271.04,base,56
2021,PM.N,Philip Morris International Inc,128930186424.23,base,57
2021,C.N,Citigroup Inc,128373633745.48,base,58
2021,CHTR.OQ,"Charter Communications, Inc.",128162737757.599,base,59
2021,SBUX.OQ,Starbucks Corp,125562426000.0,base,60
2021,WFC.N,Wells Fargo & Co,124778895252.78,base,61
2021,BA.N,Boeing Co,124651448740.28,base,62
2021,MS.N,Morgan Stanley,123984355935.44,base,63
2021,LOW.N,Lowe's Companies Inc,117609346098.09,base,64
2021,IBM.N,International Business Machines Corporation,112166269762.08,base,65
2021,AMD.OQ,"Advanced Micro Devices, Inc.",110300684320.98,base,66
2021,BLK.N,"BlackRock, Inc.",110058577842.9,base,67
2021,RTX.N,RTX Corporation,108603411623.26,base,68
2021,NOW.N,ServiceNow Inc,107388892999.999,base,69
2021,MMM.N,3M Company,100822696055.62,base,70
2021,INTU.OQ,Intuit Inc.,99804000866.55,base,71
2021,AMT.N,American Tower Corporation,99708130785.6,base,72
2021,SCHW.N,The Charles Schwab Corporation,99529874208.9599,base,73
2021,LMT.N,Lockheed Martin Corp,99317634510.06,base,74
2021,CAT.N,Caterpillar Inc,99256206230.94,base,75
2021,AXP.N,American Express Company,97356967895.41,base,76
2021,EL.N,Estee Lauder Companies Inc,96255806376.36,base,77
2021,ISRG.OQ,Intuitive Surgical Inc,96172141460.4,base,78
2021,GE.N,General Electric Company,94606628400.0,base,79
2021,SYK.N,Stryker Corporation,92083742591.28,base,80
2021,BKNG.OQ,Booking Holdings Inc.,91217646850.24,base,81
2021,GS.N,Goldman Sachs Group Inc,90734116637.1899,base,82
2021,CVS.N,CVS Health Corporation,89398791913.4,base,83
2021,TGT.N,Target Corp,88401482580.73,base,84
2021,FIS.N,Fidelity National Information Services Inc,87777178243.04,base,85
2021,DE.N,Deere & Co,84595062603.2,base,86
2021,MU.OQ,"Micron Technology, Inc.",83969196141.18,base,87
2021,MDLZ.OQ,Mondelez International Inc,83621616752.61,base,88
2021,TJX.N,"The TJX Companies, Inc.",81991103691.94,base,89
2021,ELV.N,Elevance Health Inc,79856466897.9,base,90
2021,SPGI.N,S&P Global Inc,79092438000.0,base,91
2021,AMAT.OQ,Applied Materials Inc,78939580098.3,base,92
2021,ZTS.N,Zoetis Inc,78656824044.5,base,93
2021,FISV.OQ,Fiserv Inc,76336061343.48,base,94
2021,MO.N,Altria Group Inc,76195185765.0,base,95
2021,ADP.OQ,Automatic Data Processing Inc,75557026623.7999,base,96
2021,CI.N,The Cigna Group,75208622350.4,base,97
2021,PLD.N,"Prologis, Inc.",73670964180.0,base,98
2021,CL.N,Colgate-Palmolive Company,73296506738.81,base,99
2021,GILD.OQ,"Gilead Sciences, Inc.",73030549960.7399,base,100
2021,BDX.N,Becton Dickinson and Co,72703920948.02,base,101
2021,ATVI.OQ^J23,Activision,71759789627.25,dead-redo,102
2021,USB.N,U.S. Bancorp,70216145786.22,base,103
2021,CB.N,Chubb Limited,69474950130.56,base,104
2021,CSX.OQ,CSX Corporation,69403327438.5,base,105
2021,FDX.N,FedEx Corp,68817627095.04,base,106
2021,CCI.N,Crown Castle Inc,68658304104.74,base,107
2021,LRCX.OQ,Lam Research Corporation,68011234329.3999,base,108
2021,DUK.N,Duke Energy Corp,67384365753.6,base,109
2021,ADSK.OQ,"Autodesk, Inc.",67141030312.02,base,110
2021,SHW.N,Sherwin-Williams Co,66747837704.46,base,111
2021,CME.OQ,CME Group Inc.,65353666910.95,base,112
2021,SO.N,Southern Co,64898629653.93,base,113
2021,ICE.N,Intercontinental Exchange Inc,64710406073.88,base,114
2021,TFC.N,Truist Financial Corporation,64615310885.88,base,115
2021,ITW.N,Illinois Tool Works Inc,64532150812.68,base,116
2021,GPN.N,Global Payments Inc,64483233841.7199,base,117
2021,EQIX.OQ,"Equinix, Inc.",63634667103.78,base,118
2021,PNC.N,"The PNC Financial Services Group, Inc.",63131455705.0,base,119
2021,ECL.N,Ecolab Inc.,61758919793.88,base,120
2021,VRTX.OQ,Vertex Pharmaceuticals Incorporated,61457355867.96,base,121
2021,D.N,"Dominion Energy, Inc.",61349595944.0,base,122
2021,APD.N,"Air Products and Chemicals, Inc.",60457271885.8,base,123
2021,NSC.N,Norfolk Southern Corp,60349456162.18,base,124
2021,GM.N,General Motors Co,59599648464.0,base,125
2021,MRSH.N,Marsh & McLennan Companies Inc,59341296573.0,base,126
2021,PGR.N,The Progressive Corporation,57903929053.4399,base,127
2021,EW.N,Edwards Lifesciences Corporation,56858939945.79,base,128
2021,HCA.N,"HCA Healthcare, Inc.",55649103162.0,base,129
2021,ADI.OQ,"Analog Devices, Inc.",54584004129.27,base,130
2021,MCO.N,Moody's Corporation,54518156846.08,base,131
2021,HUM.N,Humana Inc.,54295727101.77,base,132
2021,ILMN.OQ,Illumina,54020000000.0,base,133
2021,DD.N,"DuPont de Nemours, Inc.",52184045411.55,base,134
2021,REGN.OQ,"Regeneron Pharmaceuticals, Inc.",51550863201.04,base,135
2021,DG.N,Dollar General Corp,51523689900.9,base,136
2021,BSX.N,Boston Scientific Corp,51477576451.05,base,137
2021,NOC.N,Northrop Grumman Corp,50802058784.88,base,138
2021,WM.N,Waste Management Inc,49837948458.42,base,139
2021,MNST.OQ,Monster Beverage Corporation,48821741687.36,base,140
2021,AON.N,Aon PLC,48128108826.0,base,141
2021,NEM.N,Newmont Corporation,48113113794.17,base,142
2021,EMR.N,Emerson Electric Co,48064431962.79,base,143
2021,ETN.N,Eaton Corporation PLC,47887804000.0,base,144
2021,KMB.OQ,Kimberly-Clark Corporation,45860633283.45,base,145
2021,LVS.N,Las Vegas Sands Corp.,45524156369.2,base,146
2021,COF.N,Capital One Financial Corp,45369402167.7,base,147
2021,ROP.OQ,"Roper Technologies, Inc.",45209426103.49,base,148
2021,CTSH.OQ,Cognizant Technology Solutions Corporation,43813832982.15,base,149
2021,ROST.OQ,Ross Stores Inc,43777233556.62,base,150
2021,TWTR.N^J22,Twitter,43068180352.65,dead-redo,151
2021,MAR.OQ,"Marriott International, Inc.",42785839974.7199,base,152
2021,COP.N,ConocoPhillips,42710704413.81,base,153
2021,GD.N,General Dynamics Corp,42707195363.0,base,154
2021,IDXX.OQ,IDEXX Laboratories Inc,42638857513.91,base,155
2021,STZ.N,"Constellation Brands, Inc.",42482221375.29,base,156
2021,KHC.OQ,The Kraft Heinz Company,42376119002.88,base,157
2021,MET.N,"MetLife, Inc.",42252582685.35,base,158
2021,ALGN.OQ,"Align Technology, Inc.",42136072476.96,base,159
2021,EA.OQ^H26,Electronic Arts,41655126271.6,dead-redo,160
2021,AEP.OQ,American Electric Power Company Inc,41352231234.38,base,161
2021,EXC.OQ,Exelon Corp,41188669387.86,base,162
2021,DOW.N,Dow Inc.,41167222791.0,base,163
2021,BAX.N,Baxter International Inc.,40988068255.52,base,164
2021,PSA.N,Public Storage,40371677252.06,base,165
2021,TEL.N,TE Connectivity PLC,40043003434.18,base,166
2021,KLAC.OQ,KLA Corporation,39991191219.47,base,167
2021,LHX.N,"L3Harris Technologies, Inc.",39715377233.74,base,168
2021,SNPS.OQ,"Synopsys, Inc.",39672144522.28,base,169
2021,APH.N,Amphenol Corp,39120466788.27,base,170
2021,DLR.N,"Digital Realty Trust, Inc.",39085844680.3299,base,171
2021,CMG.N,"Chipotle Mexican Grill, Inc.",38800629761.79,base,172
2021,CDNS.OQ,"Cadence Design Systems, Inc.",38054556330.0,base,173
2021,SYY.N,Sysco Corporation,37824973274.74,base,174
2021,FCX.N,Freeport-McMoRan Inc,37803636314.42,base,175
2021,BIIB.OQ,Biogen Inc.,37679447841.42,base,176
2021,BNY.N,Bank of New York Mellon Corp,37607603564.2,base,177
2021,CTAS.OQ,Cintas Corporation,37123890721.9799,base,178
2021,MSCI.N,MSCI Inc,37015122211.2,base,179
2021,BFb.N,Brown-Forman Corporation,37005849525.5,base,180
2021,SRE.N,Sempra,36753993788.04,base,181
2021,A.N,Agilent Technologies Inc,36358600335.74,base,182
2021,MCHP.OQ,Microchip Technology Inc,35960551181.38,base,183
2021,GIS.N,General Mills Inc,35952471962.4,base,184
2021,INFO.N^B22,IHS Markit,35625850826.15,dead-redo,185
2021,TRV.N,"The Travelers Companies, Inc.",35556950781.57,base,186
2021,DXCM.OQ,Dexcom Inc,35503325381.16,base,187
2021,APTV.N,APTIV PLC,35181605978.46,base,188
2021,PH.N,Parker-Hannifin Corp,35163000157.65,base,189
2021,XEL.OQ,Xcel Energy Inc,35032269725.91,base,190
2021,CNC.N,Centene Corp,34906184370.0,base,191
2021,TT.N,Trane Technologies PLC,34856533532.36,base,192
2021,XLNX.OQ^B22,Xilinx,34750905819.09,dead-redo,193
2021,EBAY.OQ,eBay Inc.,34639261132.5,base,194
2021,WBA.OQ^H25,Walgreens Hldg,34457980403.8,dead-redo,195
2021,IQV.N,IQVIA Holdings Inc.,34351507644.26,base,196
2021,F.N,Ford Motor Co,34347586746.3599,base,197
2021,TROW.OQ,"T. Rowe Price Group, Inc.",34279662651.7299,base,198
2021,ALXN.OQ^G21,Alexion Pharmas,34172901388.08,dead-redo,199
2021,PPG.N,"PPG Industries, Inc.",34065401019.7399,base,200
2021,VRSK.OQ,"Verisk Analytics, Inc.",33752015959.23,base,201
2021,JCI.N,Johnson Controls International PLC,33726864541.77,base,202
2021,TDG.N,TransDigm Group Incorporated,33687645575.7,base,203
2021,PAYX.OQ,"Paychex, Inc.",33603611861.52,base,204
2021,CMI.N,Cummins Inc,33533037326.3999,base,205
2021,ALL.N,Allstate Corp,33426198098.18,base,206
2021,VFC.N,VF,33310259746.92,base,207
2021,ORLY.OQ,"O'Reilly Automotive, Inc.",32787980986.8299,base,208
2021,YUM.N,"Yum! Brands, Inc.",32749092518.48,base,209
2021,CARR.N,Carrier Global Corporation,32691443786.68,base,210
2021,AIG.N,"American International Group, Inc.",32617364289.2399,base,211
2021,ZBH.N,"Zimmer Biomet Holdings, Inc.",31939524803.75,base,212
2021,HPQ.N,HP Inc,31712156912.0799,base,213
2021,HSY.N,The Hershey Company,31706500268.98,base,214
2021,SBAC.OQ,SBA Communications Corp,31348773665.3299,base,215
2021,ANSS.OQ^G25,Ansys Inc,31244645402.6,dead-redo,216
2021,AFL.N,Aflac Incorporated,31237740045.1499,base,217
2021,KMI.N,"Kinder Morgan, Inc.",30946062927.41,base,218
2021,PRU.N,Prudential Financial Inc,30915719999.9999,base,219
2021,HLT.N,Hilton Worldwide Holdings Inc,30868676339.34,base,220
2021,RMD.N,ResMed Inc.,30803164921.68,base,221
2021,RSG.N,Republic Services Inc,30693187165.5,base,222
2021,LYB.N,LyondellBasell Industries N.V.,30607021497.8999,base,223
2021,PSX.N,Phillips 66,30549804938.8999,base,224
2021,BALL.N,Ball Corp,30480265224.24,base,225
2021,SLB.N,SLB N.V.,30394475706.8,base,226
2021,CPRT.OQ,Copart Inc,30047908725.5,base,227
2021,PCAR.OQ,Paccar Inc,29890826116.56,base,228
2021,ES.N,Eversource Energy,29657741006.75,base,229
2021,PEG.N,Public Service Enterprise Group Incorporated,29490937933.6,base,230
2021,OTIS.N,Otis Worldwide Corporation,29262304281.6999,base,231
2021,ROK.N,Rockwell Automation Inc,29132855865.61,base,232
2021,EOG.N,"EOG Resources, Inc.",29093083052.1499,base,233
2021,WEC.N,"WEC Energy Group, Inc.",29029439887.93,base,234
2021,CTVA.N,"Corteva, Inc.",28847019520.0,base,235
2021,MSI.N,Motorola Solutions Inc,28829057571.6,base,236
2021,SWK.N,Stanley Black & Decker Inc,28609472269.44,base,237
2021,ADM.N,Archer-Daniels-Midland Co,28047571960.0899,base,238
2021,FAST.OQ,Fastenal Company,28036212047.25,base,239
2021,SPG.N,Simon Property Group Inc,28014600756.48,base,240
2021,AME.N,AMETEK Inc,27824043684.64,base,241
2021,AWK.N,"American Water Works Company, Inc.",27819813072.65,base,242
2021,DFS.N^E25,Discover Fincl,27747112935.96,dead-redo,243
2021,MCK.N,McKesson Corp,27682400121.28,base,244
2021,LUV.N,Southwest Airlines Co,27522008847.57,base,245
2021,GLW.N,Corning Incorporated,27504361044.0,base,246
2021,WTW.OQ,Willis Towers Watson Public Limited Company,27157794728.32,base,247
2021,MTD.N,Mettler-Toledo International Inc.,27118187559.84,base,248
2021,AZO.N,"AutoZone, Inc.",26979554616.64,base,249
2021,WELL.N,Welltower Inc.,26966240053.2,base,250
2021,MPC.N,Marathon Petroleum Corporation,26910914854.56,base,251
2021,PAYC.N,Paycom Software,26063638292.25,base,252
2021,BBY.N,"Best Buy Co., Inc.",25840106781.08,base,253
2021,STT.N,State Street Corporation,25702713985.62,base,254
2021,DAL.N,"Delta Air Lines, Inc.",25643296243.21,base,255
2021,FRC.N^E23,Frst Rep Bk,25584019043.66,dead-redo,256
2021,MKC.N,"McCormick & Company, Incorporated",25519205848.8699,base,257
2021,CLX.N,The Clorox Company,25452001663.68,base,258
2021,DLTR.OQ,Dollar Tree Inc,25410160102.08,base,259
2021,SWKS.OQ,"Skyworks Solutions, Inc.",25390573353.6,base,260
2021,HRL.N,Hormel Foods Corp,25165583433.37,base,261
2021,DHI.N,"D.R. Horton, Inc.",25062611820.68,base,262
2021,WY.N,Weyerhaeuser Company,25027563190.0,base,263
2021,ED.N,"Consolidated Edison, Inc.",24724702217.16,base,264
2021,VRSN.OQ,"VeriSign, Inc.",24693375435.2,base,265
2021,KEYS.N,"Keysight Technologies, Inc.",24581163857.04,base,266
2021,WMB.N,"The Williams Companies, Inc.",24332393625.85,base,267
2021,KR.N,Kroger Co,24180382625.6,base,268
2021,FTNT.OQ,"Fortinet, Inc.",24111183099.75,base,269
2021,CERN.OQ^F22,Cerner,24061175195.04,dead-redo,270
2021,ARE.N,"Alexandria Real Estate Equities, Inc",24049654986.14,base,271
2021,TTWO.OQ,"Take-Two Interactive Software, Inc.",23900327251.1299,base,272
2021,FTV.N,Fortive Corporation,23880207547.48,base,273
2021,AJG.N,Arthur J. Gallagher & Co.,23792154620.0,base,274
2021,EIX.N,Edison International,23778243951.84,base,275
2021,MXIM.OQ^H21,Maxim Integrated,23696250936.75,dead-redo,276
2021,TSN.N,Tyson Foods Inc,23507911377.36,base,277
2021,DTE.N,DTE Energy Company,23500070186.13,base,278
2021,EFX.N,Equifax Inc.,23457627442.2,base,279
2021,LEN.N,Lennar Corp,23270231746.62,base,280
2021,VTRS.OQ,Viatris Inc.,23076820188.7399,base,281
2021,VLO.N,Valero Energy Corp,23068636005.69,base,282
2021,PSKY.OQ,Paramount Skydance Corp,23027856398.22,base,283
2021,AMP.N,Ameriprise Financial Inc,22926632481.22,base,284
2021,ODFL.OQ,"Old Dominion Freight Line, Inc.",22900751825.46,base,285
2021,GRMN.N,Garmin Ltd.,22883472668.7,base,286
2021,CPAY.N,"Corpay, Inc.",22826639251.2899,base,287
2021,O.N,Realty Income Corporation,22462235175.65,base,288
2021,ETSY.N,ETSY,22432843761.06,base,289
2021,AVB.N^H26,Avalonbay US,22397469142.69,dead-redo,290
2021,VMRK.N,Vivmark Residential,22067172600.72,base,291
2021,ANET.N,Arista Networks Inc,21984951594.48,base,292
2021,GWW.N,WW Grainger Inc,21914811537.0,base,293
2021,NDAQ.OQ,Nasdaq Inc,21774350625.78,base,294
2021,PPL.N,PPL Corp,21680930452.2,base,295
2021,CHD.N,Church & Dwight Co Inc,21672326385.71,base,296
2021,MKTX.OQ,MarketAxess,21660444289.92,base,297
2021,BKR.OQ,Baker Hughes Company,21585102486.9,base,298
2021,K.N^L25,Kellanova,21389258496.48,dead-redo,299
2021,CBRE.N,"CBRE Group, Inc.",21039815749.12,base,300
2021,WST.N,"West Pharmaceutical Services, Inc.",20944311632.28,base,301
2021,ZBRA.OQ,Zebra Technologies Corp,20491094317.98,base,302
2021,SYF.N,Synchrony Financial,20263426810.77,base,303
2021,SIVB.OQ^C23,SVB Fincl Grp,20123902605.29,dead-redo,304
2021,COR.N,"Cencora, Inc.",20010782498.72,base,305
2021,ETR.N,Entergy Corp,19991214996.48,base,306
2021,CCL.N,Carnival Corporation Ltd,19909649530.14,base,307
2021,TER.OQ,"Teradyne, Inc.",19908433099.03,base,308
2021,LH.N,Labcorp Holdings Inc.,19825770000.0,base,309
2021,VMC.N,Vulcan Materials Co,19652759949.91,base,310
2021,FITB.N,Fifth Third Bancorp,19641417194.4,base,311
2021,IP.N,International Paper Co,19544706569.52,base,312
2021,NTRS.OQ,Northern Trust Corporation,19384411641.62,base,313
2021,AEE.N,Ameren Corporation,19296976702.68,base,314
2021,ROL.N,Rollins Inc,19207730652.91,base,315
2021,TFX.N,Teleflex,19165462892.55,base,316
2021,KSU.N^L21,KC Southern,19106884197.37,dead-redo,317
2021,INCY.OQ,Incyte Corp,19048279908.2,base,318
2021,IR.N,Ingersoll Rand Inc,19028390502.8,base,319
2021,QRVO.OQ,Qorvo,18963775539.54,base,320
2021,CDW.OQ,CDW Corporation,18844416327.69,base,321
2021,PXD.N^E24,Pioneer Natl Rsc,18736793751.76,dead-redo,322
2021,EXPE.OQ,"Expedia Group, Inc.",18729493332.0,base,323
2021,HOLX.OQ^D26,Hologic,18718015212.89,dead-redo,324
2021,AMCR.N,Amcor PLC,18461027478.63,base,325
2021,VTR.N,"Ventas, Inc.",18368950806.0,base,326
2021,XYL.N,Xylem Inc,18345814160.31,base,327
2021,DOV.N,Dover Corp,18193041498.75,base,328
2021,COO.OQ,"The Cooper Companies, Inc.",17847633583.6,base,329
2021,RCL.N,Royal Caribbean Cruises Ltd.,17731301135.2399,base,330
2021,CAG.N,Conagra Brands,17715873742.28,base,331
2021,BR.N,Broadridge Financial Solutions Inc,17712904182.8,base,332
2021,MLM.N,"Martin Marietta Materials, Inc.",17684005141.94,base,333
2021,TYL.N,"Tyler Technologies, Inc.",17603510610.5599,base,334
2021,HIG.N,"The Hartford Insurance Group, Inc.",17551024706.3,base,335
2021,CMS.N,CMS Energy Corporation,17469265770.66,base,336
2021,FOXA.OQ,Fox Corporation,17369205069.68,base,337
2021,FOX.OQ,Fox Corporation,17369205069.68,base,338
2021,BIO.N,Bio Rad,17344652875.39,base,339
2021,CTLT.N^L24,Catalent,17140079023.8599,dead-redo,340
2021,AKAM.OQ,Akamai Technologies Inc,17091740800.1199,base,341
2021,OKE.N,"ONEOK, Inc.",17055972749.32,base,342
2021,DISH.OQ^A24,DISH Network,17009739114.06,dead-redo,343
2021,WDC.OQ,Western Digital Corp,16852133042.55,base,344
2021,URI.N,"United Rentals, Inc.",16729206095.21,base,345
2021,HAL.N,Halliburton Company,16707736212.3,base,346
2021,FE.N,FirstEnergy Corp,16608686083.22,base,347
2021,TSCO.OQ,Tractor Supply Company,16377203648.52,base,348
2021,MTB.N,M&T Bank Corporation,16331650016.8,base,349
2021,DOC.N,"Healthpeak Properties, Inc",16274641119.38,base,350
2021,HES.N^G25,Hess,16210617212.96,dead-redo,351
2021,ULTA.OQ,Ulta Beauty Inc,16178203575.24,base,352
2021,STE.N,STERIS plc,16172312097.24,base,353
2021,OXY.N,Occidental Petroleum Corp,16119236358.4499,base,354
2021,EXPD.N,Expeditors International of Washington Inc,16098859966.12,base,355
2021,RVTY.N,"Revvity, Inc.",16068338597.5,base,356
2021,DGX.N,Quest Diagnostics Inc,16060062313.28,base,357
2021,NUE.N,Nucor Corporation,16059600052.65,base,358
2021,TIF.N^A21,Tiffany,16043161226.3999,dead-redo,359
2021,KEY.N,KeyCorp,16023914643.96,base,360
2021,CTXS.OQ^J22,Citrix Systems,16018376717.1999,dead-redo,361
2021,VAR.N^D21,Varian Med Syst,15988120629.6899,dead-redo,362
2021,STX.OQ,Seagate Technology Holdings PLC,15970908722.16,base,363
2021,LYV.N,"Live Nation Entertainment, Inc.",15953786772.44,base,364
2021,CAH.N,"Cardinal Health, Inc.",15715605247.16,base,365
2021,ALB.N,Albemarle Corp,15704565111.36,base,366
2021,AES.N,The AES Corporation,15630581978.0,base,367
2021,MGM.N,MGM Resorts International,15564021009.49,base,368
2021,DRI.N,Darden Restaurants Inc,15524691253.04,base,369
2021,RF.N,Regions Financial Corporation,15482355232.76,base,370
2021,ESS.N,"Essex Property Trust, Inc.",15480881830.08,base,371
2021,KMX.N,Carmax,15353665461.46,base,372
2021,WAT.N,Waters Corp,15351833521.72,base,373
2021,HPE.N,Hewlett Packard Enterprise Company,15327972748.5,base,374
2021,CFG.N,Citizens Financial Group Inc,15272133483.8399,base,375
2021,EXR.N,Extra Space Storage Inc.,15219153173.52,base,376
2021,CE.N,Celanese US DE,15189339288.6199,base,377
2021,DPZ.OQ,"Domino's Pizza, Inc.",15108287954.7599,base,378
2021,IEX.N,IDEX Corporation,15080592172.8,base,379
2021,NVR.N,"NVR, Inc.",15077436779.22,base,380
2021,LDOS.N,"Leidos Holdings, Inc.",14960781522.72,base,381
2021,POOL.OQ,Pool,14959071795.0,base,382
2021,DRE.N^J22,Duke Realty,14866888304.8699,dead-redo,383
2021,FMC.N,FMC,14866607294.19,base,384
2021,NTAP.OQ,NetApp Inc,14797011602.88,base,385
2021,BXP.N,"BXP, Inc.",14714496221.67,base,386
2021,ABMD.OQ^L22,Abiomed,14661814023.1999,dead-redo,387
2021,CPB.OQ,Campbell's Co,14647389976.4,base,388
2021,GPC.N,Genuine Parts Co,14491009850.79,base,389
2021,MAA.N,Mid-America Apartment Communities Inc,14489511482.28,base,390
2021,TDY.N,Teledyne Technologies Inc,14485017250.8,base,391
2021,JBHT.OQ,"J.B. Hunt Transport Services, Inc.",14441029200.75,base,392
2021,MAS.N,Masco Corporation,14373856692.63,base,393
2021,IT.N,"Gartner, Inc.",14302864185.8699,base,394
2021,J.N,Jacobs Solutions Inc,14162771382.72,base,395
2021,CINF.OQ,Cincinnati Financial Corporation,14057562415.11,base,396
2021,WAB.N,Westinghouse Air Brake Technologies Corp,13931895554.4,base,397
2021,PFG.OQ,Principal Financial Group Inc,13629262727.74,base,398
2021,EMN.N,Eastman Chemical,13624226719.12,base,399
2021,WBD.OQ,"Warner Bros. Discovery, Inc.",13529542531.26,base,400
2021,DISCK.OQ^D22,Warner Bros Dis,13529542531.26,dead-redo,401
2021,UAL.OQ,"United Airlines Holdings, Inc.",13487306284.0,base,402
2021,OMC.N,Omnicom Group Inc,13409810893.71,base,403
2021,SJM.N,The J. M. Smucker Company,13189116582.4,base,404
2021,RJF.N,"Raymond James Financial, Inc.",13160826807.75,base,405
2021,DVA.N,DaVita Inc,13148800000.0,base,406
2021,PKG.N,Packaging Corp of America,13078116593.3699,base,407
2021,AVY.N,Avery Dennison Corp,12938922859.42,base,408
2021,LNT.OQ,Alliant Energy Corp,12870166964.39,base,409
2021,HBAN.OQ,Huntington Bancshares Inc,12847195280.88,base,410
2021,HAS.OQ,"Hasbro, Inc.",12817844101.26,base,411
2021,CHRW.OQ,"C.H. Robinson Worldwide, Inc.",12761262941.49,base,412
2021,BEN.N,"Franklin Templeton, Inc.",12642394743.5099,base,413
2021,EVRG.OQ,"Evergy, Inc.",12591433218.0,base,414
2021,HWM.N,Howmet Aerospace Inc.,12375055848.26,base,415
2021,L.N,Loews Corporation,12374776697.44,base,416
2021,JKHY.OQ,Jack Henry & Associates Inc,12362456378.3,base,417
2021,GEN.OQ,Gen Digital Inc.,12299049685.38,base,418
2021,WYNN.OQ,"Wynn Resorts, Limited",12171040023.66,base,419
2021,ATO.N,Atmos Energy Corporation,12027675219.18,base,420
2021,IPGP.OQ,IPG Photonics,11928154701.4,base,421
2021,FBIN.N,Fortune Brand,11908969192.64,base,422
2021,WRB.N,W. R. Berkley Corporation,11837432377.26,base,423
2021,CNP.N,"CenterPoint Energy, Inc.",11789929036.8,base,424
2021,IFF.N,International Flavors & Fragrances Inc.,11639072928.72,base,425
2021,UHS.N,Universal Health Services Inc,11593383919.0,base,426
2021,PHM.N,"PulteGroup, Inc.",11560202155.0399,base,427
2021,LW.N,Lamb Weston Hldg,11523999156.6799,base,428
2021,CXO.N^A21,Concho Resources,11453791427.1,dead-redo,429
2021,WRK.N^G24,WestRock Co,11452292943.33,dead-redo,430
2021,XRAY.OQ,Dentsply Sirona,11443553361.24,base,431
2021,UDR.N,"UDR, Inc.",11316923968.14,base,432
2021,WHR.N,Whirlpool,11289085649.24,base,433
2021,TXT.N,Textron Inc,11061525415.23,base,434
2021,FFIV.OQ,F5 Inc,10838449765.88,base,435
2021,ALLE.N,Allegion PLC,10711500565.6999,base,436
2021,LKQ.OQ,LKQ,10697207720.0,base,437
2021,LUMN.N,Lumen Tech,10697029492.5,base,438
2021,AAP.N,Advance Auto,10687768437.89,base,439
2021,NWS.OQ,News Corporation,10572893985.34,base,440
2021,NWSA.OQ,News Corporation,10572893985.34,base,441
2021,BBWI.N,Bath & Body,10342857457.97,base,442
2021,HST.OQ,"Host Hotels & Resorts, Inc.",10318984234.79,base,443
2021,MHK.N,Mohawk Inds,10035445489.0,base,444
2021,PWR.N,Quanta Services Inc,10000762018.0,base,445
2021,CBOE.Z,"Cboe Global Markets, Inc.",9991769760.96,base,446
2021,GL.N,Globe Life Inc.,9938703425.03999,base,447
2021,AAL.OQ,American Airline,9800732061.94,base,448
2021,LNC.N,LNC,9723179758.5,base,449
2021,HSIC.OQ,"Henry Schein, Inc.",9546013923.88,base,450
2021,BWA.N,Borgwarner,9448201254.24,base,451
2021,EG.N,"Everest Group, Ltd.",9355564392.57,base,452
2021,SNA.N,Snap-On Inc,9278279284.98,base,453
2021,TAP.N,Molson Coors Beverage Company,9212022096.55,base,454
2021,IPG.N^K25,Interpublic Grp,9173615979.36,dead-redo,455
2021,NRG.N,NRG Energy Inc,9170492316.69999,base,456
2021,WU.N,Western Union,9019989276.94,base,457
2021,NWL.OQ,Newell Brands,9007889000.0,base,458
2021,PNW.N,Pinnacle West Capital Corporation,9002112880.8,base,459
2021,AOS.N,A. O. Smith Corporation,8851662932.12,base,460
2021,PNR.N,Pentair PLC,8816313922.59,base,461
2021,NI.N,NiSource Inc.,8790887707.42,base,462
2021,MOS.N,Mosaic Co,8722896427.44,base,463
2021,TPR.N,"Tapestry, Inc.",8621761417.08,base,464
2021,IRM.N,Iron Mountain Inc,8495291250.6,base,465
2021,CF.N,CF Industries Holdings Inc,8280695908.45,base,466
2021,NCLH.N,Norwegian Cruise Line Holdings Ltd.,8026202664.36,base,467
2021,IVZ.N,Invesco Ltd,8006211019.59,base,468
2021,AIZ.N,Assurant Inc,8004176998.01999,base,469
2021,CMA.N^B26,Comerica,7773890628.84,dead-redo,470
2021,REG.OQ,Regency Centers Corp,7735717217.88,base,471
2021,FANG.OQ,"Diamondback Energy, Inc.",7645954522.8,base,472
2021,RL.N,Ralph Lauren Corporation,7583792361.59999,base,473
2021,GAP.N,Gap,7551647488.62,base,474
2021,NLSN.N^J22,Nielsen Holdings,7464049793.45,dead-redo,475
2021,JNPR.N^G25,Juniper Networks,7422365778.74,dead-redo,476
2021,UAA.N,Under Armour,7276096002.37,base,477
2021,UA.N,Under Armour,7276096002.37,base,478
2021,VNO.N,Vornado Realty,7145183713.86,base,479
2021,ZION.OQ,Zions Bancorp,7124663686.79999,base,480
2021,RHI.N,Robert Half,7121472586.79999,base,481
2021,SEE.N^D26,Sealed Air,7104466768.01999,dead-redo,482
2021,HII.N,"HUNTINGTON INGALLS INDUSTRIES, INC.",6903181516.63999,base,483
2021,PVH.N,PVH,6675602472.5,base,484
2021,DXC.N,DXC Tech,6551113068.5,base,485
2021,CTRA.N^E26,Coterra Energy,6493627938.6,dead-redo,486
2021,KIM.N,Kimco Realty Corp,6491804916.62,base,487
2021,FRT.N,Federal Realty Investment Trust,6439084727.04,base,488
2021,ALK.N,Alaska Air Group,6430516456.0,base,489
2021,PRGO.N,Perrigo Company,6103891249.04,base,490
2021,DVN.N,Devon Energy Corporation,6047767379.61,base,491
2021,FLIR.OQ^E21,FLIR System,5748442170.03,dead-redo,492
2021,VNT.N,Vontier,5627803073.2,base,493
2021,PBCT.OQ^D22,Peoples Uni,5493524685.45,dead-redo,494
2021,APA.OQ,APA Corporation,5356415402.58,base,495
2021,NOV.N,Nov,5330865433.96,base,496
2021,MRO.N^K24,Marathn Oil,5265241438.4,dead-redo,497
2021,HBI.N^L25,Hanesbrands,5078565261.36,dead-redo,498
2021,FLS.N,Flowserve,4800207469.2,base,499
2021,UNM.N,Unum Group,4672007289.36,base,500
2021,XRX.OQ,Xerox Hlngs,4600546573.08,base,501
2021,SLG.N,SL Green Realty,4323694444.38,base,502
2021,FTI.N,TechnipFMC,4224982590.2,base,503
2021,DINO.N,HF Sinclair,4188146145.15,base,504
2022,AAPL.OQ,Apple Inc.,2901644912070.0,base,1
2022,MSFT.OQ,Microsoft Corporation,2525083982926.08,base,2
2022,GOOG.OQ,Alphabet Inc.,1921854645843.66,base,3
2022,GOOGL.OQ,Alphabet Inc.,1921854645843.66,base,4
2022,AMZN.OQ,Amazon.com Inc,1691002595270.8,base,5
2022,TSLA.OQ,Tesla Inc,1061287010296.55,base,6
2022,META.OQ,"Meta Platforms, Inc.",935644813206.6,base,7
2022,NVDA.OQ,NVIDIA Corporation,735275000000.0,base,8
2022,BRKb.N,Berkshire Hathaway Inc,669122034349.0,base,9
2022,UNH.N,UnitedHealth Group Inc,472941186675.0,base,10
2022,JPM.N,JPMorgan Chase & Co,467966380759.35,base,11
2022,V.N,Visa Inc.,456442159327.83,base,12
2022,JNJ.N,Johnson & Johnson,450358363486.829,base,13
2022,HD.N,"The Home Depot, Inc.",433369700846.77,base,14
2022,WMT.OQ,Walmart Inc,401352474088.02,base,15
2022,PG.N,The Procter & Gamble Company,392112008187.48,base,16
2022,BAC.N,Bank of America Corporation,364109898583.68,base,17
2022,MA.N,Mastercard Incorporated,352133600000.0,base,18
2022,PFE.N,Pfizer Inc.,331439772611.899,base,19
2022,DIS.N,The Walt Disney Company,281536729785.72,base,20
2022,AVGO.OQ,Broadcom Inc,274730467046.879,base,21
2022,ACN.N,Accenture PLC,272911853534.45,base,22
2022,ADBE.OQ,Adobe Inc,269807147999.999,base,23
2022,NFLX.OQ,"Netflix, Inc.",267461134181.08,base,24
2022,CSCO.OQ,Cisco Systems Inc,267269727390.349,base,25
2022,LLY.N,Eli Lilly and Company,264229950794.46,base,26
2022,NKE.N,"NIKE, Inc.",263554483150.909,base,27
2022,TMO.N,Thermo Fisher Scientific Inc,262924645569.88,base,28
2022,XOM.N,Exxonmobil Holdings Corp,259051954878.41,base,29
2022,KO.N,Coca-Cola Co,255752872173.56,base,30
2022,COST.OQ,Costco Wholesale Corp,251736622302.2,base,31
2022,CRM.N,"Salesforce, Inc.",250318050000.0,base,32
2022,ABT.N,Abbott Laboratories,248868708017.06,base,33
2022,PEP.OQ,"PepsiCo, Inc.",240180642728.53,base,34
2022,ABBV.N,AbbVie Inc.,239371014961.0,base,35
2022,ORCL.N,Oracle Corporation,238404759373.979,base,36
2022,DHR.N,Danaher Corporation,235102935340.68,base,37
2022,CMCSA.OQ,Comcast Corporation,228157482257.25,base,38
2022,CVX.N,Chevron Corporation,226213942594.65,base,39
2022,PYPL.OQ,"PayPal Holdings, Inc.",221568331835.76,base,40
2022,VZ.N,Verizon Communications Inc,215122916036.16,base,41
2022,INTC.OQ,Intel Corp,209450500000.0,base,42
2022,QCOM.OQ,QUALCOMM Incorporated,204814400000.0,base,43
2022,MCD.N,McDonald's Corp,200314081615.889,base,44
2022,MRK.N,Merck & Co Inc,193588343255.04,base,45
2022,WFC.N,Wells Fargo & Co,191307418564.659,base,46
2022,UPS.N,United Parcel Service Inc,186291928431.0,base,47
2022,NEE.N,"NextEra Energy, Inc.",183185119095.84,base,48
2022,INTU.OQ,Intuit Inc.,182138613418.0,base,49
2022,LIN.OQ,Linde PLC,177564335460.33,base,50
2022,MS.N,Morgan Stanley,176139477404.639,base,51
2022,T.N,AT&T Inc,175668600000.0,base,52
2022,LOW.N,Lowe's Companies Inc,174150173412.72,base,53
2022,TXN.OQ,Texas Instruments Inc,174056954078.09,base,54
2022,AMD.OQ,"Advanced Micro Devices, Inc.",173775144474.5,base,55
2022,UNP.N,Union Pacific Corporation,161959675101.0,base,56
2022,SCHW.N,The Charles Schwab Corporation,158999455795.0,base,57
2022,PM.N,Philip Morris International Inc,147898629600.0,base,58
2022,TMUS.OQ,T-Mobile US Inc,144865228293.42,base,59
2022,HON.OQ,Honeywell International Inc,143543074517.25,base,60
2022,AMAT.OQ,Applied Materials Inc,139816444705.28,base,61
2022,MDT.N,Medtronic PLC,139094502754.8,base,62
2022,BLK.N,"BlackRock, Inc.",139089290574.12,base,63
2022,BMY.N,Bristol-Myers Squibb Company,138394861697.25,base,64
2022,SBUX.OQ,Starbucks Corp,137229204000.0,base,65
2022,CVS.N,CVS Health Corporation,136177251056.12,base,66
2022,AMT.N,American Tower Corporation,133313419980.0,base,67
2022,EL.N,Estee Lauder Companies Inc,133252525258.8,base,68
2022,RTX.N,RTX Corporation,128812692476.52,base,69
2022,NOW.N,ServiceNow Inc,128588691000.0,base,70
2022,ISRG.OQ,Intuitive Surgical Inc,128355204157.3,base,71
2022,GS.N,Goldman Sachs Group Inc,128075054499.0,base,72
2022,AMGN.OQ,Amgen Inc,126717929972.94,base,73
2022,AXP.N,American Express Company,126717322499.599,base,74
2022,PLD.N,"Prologis, Inc.",124473093720.0,base,75
2022,IBM.N,International Business Machines Corporation,119866334781.0,base,76
2022,C.N,Citigroup Inc,119829898563.21,base,77
2022,BA.N,Boeing Co,118315607775.68,base,78
2022,ZTS.N,Zoetis Inc,115456894342.66,base,79
2022,SPGI.N,S&P Global Inc,113735130000.0,base,80
2022,CHTR.OQ,"Charter Communications, Inc.",112622103634.92,base,81
2022,ELV.N,Elevance Health Inc,112507960913.04,base,82
2022,TGT.N,Target Corp,110888439581.92,base,83
2022,CAT.N,Caterpillar Inc,110789495663.74,base,84
2022,DE.N,Deere & Co,105677529087.989,base,85
2022,MU.OQ,"Micron Technology, Inc.",104343812119.35,base,86
2022,ADP.OQ,Automatic Data Processing Inc,103904877076.36,base,87
2022,GE.N,General Electric Company,103741014482.16,base,88
2022,MRNA.OQ,Moderna Inc,102976070867.459,base,89
2022,MMM.N,3M Company,101576912257.14,base,90
2022,LRCX.OQ,Lam Research Corporation,101255382947.55,base,91
2022,SYK.N,Stryker Corporation,100881509568.36,base,92
2022,BKNG.OQ,Booking Holdings Inc.,98520745116.55,base,93
2022,LMT.N,Lockheed Martin Corp,98017258640.4,base,94
2022,COP.N,ConocoPhillips,95201584860.06,base,95
2022,MDLZ.OQ,Mondelez International Inc,92500602072.92,base,96
2022,ADI.OQ,"Analog Devices, Inc.",92337372217.44,base,97
2022,SHW.N,Sherwin-Williams Co,92335012383.36,base,98
2022,GILD.OQ,"Gilead Sciences, Inc.",91080787532.42,base,99
2022,TJX.N,"The TJX Companies, Inc.",90563327672.48,base,100
2022,CCI.N,Crown Castle Inc,90218105987.52,base,101
2022,MRSH.N,Marsh & McLennan Companies Inc,87760912691.94,base,102
2022,MO.N,Altria Group Inc,87054900274.58,base,103
2022,GM.N,General Motors Co,85122569037.22,base,104
2022,PNC.N,"The PNC Financial Services Group, Inc.",84747934619.64,base,105
2022,CSX.OQ,CSX Corporation,83396176253.6,base,106
2022,USB.N,U.S. Bancorp,83288745629.43,base,107
2022,CB.N,Chubb Limited,83266596836.8,base,108
2022,F.N,Ford Motor Co,83001936017.31,base,109
2022,CME.OQ,CME Group Inc.,82107648769.74,base,110
2022,EW.N,Edwards Lifesciences Corporation,80882533956.8,base,111
2022,DUK.N,Duke Energy Corp,80704119722.8,base,112
2022,HCA.N,"HCA Healthcare, Inc.",79907977776.0,base,113
2022,TFC.N,Truist Financial Corporation,78157898847.3,base,114
2022,ITW.N,Illinois Tool Works Inc,77225030508.0,base,115
2022,ICE.N,Intercontinental Exchange Inc,77056811034.72,base,116
2022,EQIX.OQ,"Equinix, Inc.",76608918051.04,base,117
2022,CI.N,The Cigna Group,76105759973.25,base,118
2022,SO.N,Southern Co,72681353587.98,base,119
2022,MCO.N,Moody's Corporation,72608732166.5999,base,120
2022,NSC.N,Norfolk Southern Corp,72446093774.39,base,121
2022,CL.N,Colgate-Palmolive Company,71928707289.94,base,122
2022,BDX.N,Becton Dickinson and Co,71614230443.96,base,123
2022,WM.N,Waste Management Inc,69816999983.3,base,124
2022,ETN.N,Eaton Corporation PLC,68886052000.0,base,125
2022,FDX.N,FedEx Corp,68531670614.88,base,126
2022,FISV.OQ,Fiserv Inc,68525471807.12,base,127
2022,REGN.OQ,"Regeneron Pharmaceuticals, Inc.",67915566727.36,base,128
2022,APD.N,"Air Products and Chemicals, Inc.",67459732168.6199,base,129
2022,ECL.N,Ecolab Inc.,67225824549.13,base,130
2022,FIS.N,Fidelity National Information Services Inc,66465491123.15,base,131
2022,AON.N,Aon PLC,66223107947.36,base,132
2022,PSA.N,Public Storage,65680803993.6,base,133
2022,KLAC.OQ,KLA Corporation,65214209388.15,base,134
2022,D.N,"Dominion Energy, Inc.",63633600000.0,base,135
2022,ADSK.OQ,"Autodesk, Inc.",61854325126.2299,base,136
2022,COF.N,Capital One Financial Corp,61753504395.22,base,137
2022,NOC.N,Northrop Grumman Corp,61365165476.01,base,138
2022,FCX.N,Freeport-McMoRan Inc,61279399822.6799,base,139
2022,NXPI.OQ,NXP Semiconductors NV,60574275457.22,base,140
2022,BSX.N,Boston Scientific Corp,60533680422.96,base,141
2022,PGR.N,The Progressive Corporation,60056782543.35,base,142
2022,HUM.N,Humana Inc.,59621916223.26,base,143
2022,ILMN.OQ,Illumina,59462772000.0,base,144
2022,FTNT.OQ,"Fortinet, Inc.",58761824526.0,base,145
2022,GD.N,General Dynamics Corp,58209583370.1,base,146
2022,JCI.N,Johnson Controls International PLC,57144648322.98,base,147
2022,EXC.OQ,Exelon Corp,56507635377.1199,base,148
2022,SNPS.OQ,"Synopsys, Inc.",56474836000.0,base,149
2022,VRTX.OQ,Vertex Pharmaceuticals Incorporated,55833725584.7999,base,150
2022,IDXX.OQ,IDEXX Laboratories Inc,55833199123.68,base,151
2022,EMR.N,Emerson Electric Co,55224180000.0,base,152
2022,XLNX.OQ^B22,Xilinx,54848499427.05,dead-redo,153
2022,DG.N,Dollar General Corp,54643344838.32,base,154
2022,MAR.OQ,"Marriott International, Inc.",53815875444.0,base,155
2022,IQV.N,IQVIA Holdings Inc.,53775884000.0,base,156
2022,TEL.N,TE Connectivity PLC,52647396695.7,base,157
2022,MET.N,"MetLife, Inc.",52564100460.57,base,158
2022,ATVI.OQ^J23,Activision,52512668333.28,dead-redo,159
2022,SPG.N,Simon Property Group Inc,52502205512.51,base,160
2022,APH.N,Amphenol Corp,52303509813.7199,base,161
2022,DXCM.OQ,Dexcom Inc,52042286156.3,base,162
2022,EOG.N,"EOG Resources, Inc.",51973543012.2299,base,163
2022,ROP.OQ,"Roper Technologies, Inc.",51883802914.0,base,164
2022,INFO.N^B22,IHS Markit,51844530866.7,dead-redo,165
2022,ALGN.OQ,"Align Technology, Inc.",51820659885.42,base,166
2022,CDNS.OQ,"Cadence Design Systems, Inc.",51645225350.0,base,167
2022,MNST.OQ,Monster Beverage Corporation,50836180920.0,base,168
2022,MSCI.N,MSCI Inc,50514277200.66,base,169
2022,DLR.N,"Digital Realty Trust, Inc.",50304483349.31,base,170
2022,NEM.N,Newmont Corporation,49456937554.08,base,171
2022,PAYX.OQ,"Paychex, Inc.",49243329135.0,base,172
2022,CMG.N,"Chipotle Mexican Grill, Inc.",49187723539.5,base,173
2022,MCHP.OQ,Microchip Technology Inc,48307044186.72,base,174
2022,A.N,Agilent Technologies Inc,48214427241.05,base,175
2022,KMB.OQ,Kimberly-Clark Corporation,48123553908.24,base,176
2022,CNC.N,Centene Corp,47996269600.0,base,177
2022,TT.N,Trane Technologies PLC,47990242161.34,base,178
2022,BNY.N,Bank of New York Mellon Corp,47963687339.04,base,179
2022,STZ.N,"Constellation Brands, Inc.",47602677254.04,base,180
2022,ORLY.OQ,"O'Reilly Automotive, Inc.",47584644607.08,base,181
2022,AIG.N,"American International Group, Inc.",47210721990.88,base,182
2022,CARR.N,Carrier Global Corporation,46811240621.28,base,183
2022,CTSH.OQ,Cognizant Technology Solutions Corporation,46600333840.4799,base,184
2022,CTAS.OQ,Cintas Corporation,45971165705.92,base,185
2022,MSI.N,Motorola Solutions Inc,45889447489.6,base,186
2022,WBA.OQ^H25,Walgreens Hldg,45805213752.62,dead-redo,187
2022,PXD.N^E24,Pioneer Natl Rsc,45626147379.89,dead-redo,188
2022,AEP.OQ,American Electric Power Company Inc,44859742974.55,base,189
2022,APTV.N,APTIV PLC,44621307393.0,base,190
2022,RSG.N,Republic Services Inc,44218869162.75,base,191
2022,TROW.OQ,"T. Rowe Price Group, Inc.",44195104284.1599,base,192
2022,ANET.N,Arista Networks Inc,44172014625.0,base,193
2022,KHC.OQ,The Kraft Heinz Company,43943124349.9,base,194
2022,HLT.N,Hilton Worldwide Holdings Inc,43477795175.18,base,195
2022,AZO.N,"AutoZone, Inc.",43257741430.4399,base,196
2022,BAX.N,Baxter International Inc.,42979524975.44,base,197
2022,SBAC.OQ,SBA Communications Corp,42386063120.0,base,198
2022,SRE.N,Sempra,42241959473.36,base,199
2022,SLB.N,SLB N.V.,42031281465.75,base,200
2022,DOW.N,Dow Inc.,41950929448.64,base,201
2022,DD.N,"DuPont de Nemours, Inc.",41852428356.76,base,202
2022,LHX.N,"L3Harris Technologies, Inc.",41843119009.56,base,203
2022,EBAY.OQ,eBay Inc.,41629251436.5,base,204
2022,ODFL.OQ,"Old Dominion Freight Line, Inc.",41217703821.36,base,205
2022,PPG.N,"PPG Industries, Inc.",40937403091.32,base,206
2022,PRU.N,Prudential Financial Inc,40914720000.0,base,207
2022,PH.N,Parker-Hannifin Corp,40871304928.08,base,208
2022,HPQ.N,HP Inc,40786158797.53,base,209
2022,YUM.N,"Yum! Brands, Inc.",40704462682.58,base,210
2022,GIS.N,General Mills Inc,40644067446.0,base,211
2022,ROK.N,Rockwell Automation Inc,40535017857.4,base,212
2022,O.N,Realty Income Corporation,40506544365.56,base,213
2022,SIVB.OQ^C23,SVB Fincl Grp,40386902552.64,dead-redo,214
2022,ROST.OQ,Ross Stores Inc,40378522115.8,base,215
2022,SYY.N,Sysco Corporation,40269155742.65,base,216
2022,HSY.N,The Hershey Company,39855541256.1599,base,217
2022,MPC.N,Marathon Petroleum Corporation,39391455707.19,base,218
2022,MTD.N,Mettler-Toledo International Inc.,39011483522.55,base,219
2022,DHI.N,"D.R. Horton, Inc.",38665625034.15,base,220
2022,AFL.N,Aflac Incorporated,38626632707.41,base,221
2022,GPN.N,Global Payments Inc,38492566101.36,base,222
2022,TRV.N,"The Travelers Companies, Inc.",38483138907.41,base,223
2022,IFF.N,International Flavors & Fragrances Inc.,38347504646.1,base,224
2022,EA.OQ^H26,Electronic Arts,38164958897.85,dead-redo,225
2022,EPAM.N,EPAM,38000714050.0,base,226
2022,RMD.N,ResMed Inc.,37957964028.16,base,227
2022,ADM.N,Archer-Daniels-Midland Co,37812634763.4,base,228
2022,KEYS.N,"Keysight Technologies, Inc.",37800102131.78,base,229
2022,MTCH.OQ,Match Grp,37438032512.0,base,230
2022,WELL.N,Welltower Inc.,37333496266.56,base,231
2022,MCK.N,McKesson Corp,37235382819.46,base,232
2022,OTIS.N,Otis Worldwide Corporation,36984633782.5499,base,233
2022,VRSK.OQ,"Verisk Analytics, Inc.",36862441303.75,base,234
2022,FAST.OQ,Fastenal Company,36844964457.24,base,235
2022,XEL.OQ,Xcel Energy Inc,36468336089.0,base,236
2022,CBRE.N,"CBRE Group, Inc.",36314593119.66,base,237
2022,CPRT.OQ,Copart Inc,35962514456.82,base,238
2022,KMI.N,"Kinder Morgan, Inc.",35961368541.02,base,239
2022,EFX.N,Equifax Inc.,35749659000.0,base,240
2022,FRC.N^E23,Frst Rep Bk,35327440000.0,dead-redo,241
2022,AVB.N^H26,Avalonbay US,35301351715.64,dead-redo,242
2022,BIIB.OQ,Biogen Inc.,35242499463.04,base,243
2022,AJG.N,Arthur J. Gallagher & Co.,35168858260.0,base,244
2022,TDG.N,TransDigm Group Incorporated,35153770728.28,base,245
2022,NDAQ.OQ,Nasdaq Inc,35118293270.0499,base,246
2022,DFS.N^E25,Discover Fincl,34770507454.56,dead-redo,247
2022,WST.N,"West Pharmaceutical Services, Inc.",34744127132.15,base,248
2022,ARE.N,"Alexandria Real Estate Equities, Inc",34550850807.12,base,249
2022,ANSS.OQ^G25,Ansys Inc,34507669195.5,dead-redo,250
2022,CTVA.N,"Corteva, Inc.",34462817520.0,base,251
2022,AWK.N,"American Water Works Company, Inc.",34285219087.28,base,252
2022,TWTR.N^J22,Twitter,34111357011.5399,dead-redo,253
2022,STT.N,State Street Corporation,34036402260.0,base,254
2022,BFb.N,Brown-Forman Corporation,34031685334.66,base,255
2022,AME.N,AMETEK Inc,34014052408.64,base,256
2022,VMRK.N,Vivmark Residential,33985211147.5,base,257
2022,LEN.N,Lennar Corp,33958537697.28,base,258
2022,AMP.N,Ameriprise Financial Inc,33752682196.22,base,259
2022,PEG.N,Public Service Enterprise Group Incorporated,33742936832.56,base,260
2022,ALL.N,Allstate Corp,33727436223.65,base,261
2022,KR.N,Kroger Co,33277666826.64,base,262
2022,NUE.N,Nucor Corporation,32623941467.1,base,263
2022,ZBRA.OQ,Zebra Technologies Corp,31792801440.0,base,264
2022,GLW.N,Corning Incorporated,31772396928.5699,base,265
2022,PSX.N,Phillips 66,31749819140.94,base,266
2022,TSN.N,Tyson Foods Inc,31646164103.32,base,267
2022,WMB.N,"The Williams Companies, Inc.",31639375965.96,base,268
2022,DLTR.OQ,Dollar Tree Inc,31610825410.68,base,269
2022,ES.N,Eversource Energy,31279452775.76,base,270
2022,CMI.N,Cummins Inc,31200967322.7199,base,271
2022,BALL.N,Ball Corp,31181292901.14,base,272
2022,WY.N,Weyerhaeuser Company,30845673100.0,base,273
2022,SWK.N,Stanley Black & Decker Inc,30751324258.82,base,274
2022,VLO.N,Valero Energy Corp,30707643042.65,base,275
2022,LYB.N,LyondellBasell Industries N.V.,30692663155.12,base,276
2022,PCAR.OQ,Paccar Inc,30641870527.98,base,277
2022,WEC.N,"WEC Energy Group, Inc.",30619229924.17,base,278
2022,EXR.N,Extra Space Storage Inc.,30357288720.92,base,279
2022,ED.N,"Consolidated Edison, Inc.",30181842155.5199,base,280
2022,LH.N,Labcorp Holdings Inc.,30069896999.9999,base,281
2022,DVN.N,Devon Energy Corporation,29821849999.9999,base,282
2022,FITB.N,Fifth Third Bancorp,29777629805.3,base,283
2022,WTW.OQ,Willis Towers Watson Public Limited Company,29592701976.53,base,284
2022,VFC.N,VF,28759518102.28,base,285
2022,LVS.N,Las Vegas Sands Corp.,28756574265.28,base,286
2022,VRSN.OQ,"VeriSign, Inc.",28051932580.0,base,287
2022,CDW.OQ,CDW Corporation,27793361673.84,base,288
2022,ETSY.N,ETSY,27757376310.3,base,289
2022,COR.N,"Cencora, Inc.",27658842343.2899,base,290
2022,VMC.N,Vulcan Materials Co,27546909712.24,base,291
2022,IT.N,"Gartner, Inc.",27494145823.2,base,292
2022,MLM.N,"Martin Marietta Materials, Inc.",27480470623.32,base,293
2022,EXPE.OQ,"Expedia Group, Inc.",27384074739.36,base,294
2022,FTV.N,Fortive Corporation,27355889071.08,base,295
2022,ALB.N,Albemarle Corp,27345553858.86,base,296
2022,MAA.N,Mid-America Apartment Communities Inc,27198504543.36,base,297
2022,TSCO.OQ,Tractor Supply Company,27156240866.3999,base,298
2022,CERN.OQ^F22,Cerner,27128853178.68,dead-redo,299
2022,OXY.N,Occidental Petroleum Corp,27076108639.19,base,300
2022,LYV.N,"Live Nation Entertainment, Inc.",26891300360.51,base,301
2022,GWW.N,WW Grainger Inc,26699749157.28,base,302
2022,TER.OQ,"Teradyne, Inc.",26656099720.2,base,303
2022,ZBH.N,"Zimmer Biomet Holdings, Inc.",26539673336.32,base,304
2022,HRL.N,Hormel Foods Corp,26482839210.69,base,305
2022,GRMN.N,Garmin Ltd.,26227431359.9999,base,306
2022,OKE.N,"ONEOK, Inc.",26203240668.28,base,307
2022,DOV.N,Dover Corp,26147612984.8,base,308
2022,EIX.N,Edison International,25928738472.0,base,309
2022,MKC.N,"McCormick & Company, Incorporated",25824589098.2516,base,310
2022,SWKS.OQ,"Skyworks Solutions, Inc.",25658178430.42,base,311
2022,RVTY.N,"Revvity, Inc.",25373810603.52,base,312
2022,LUV.N,Southwest Airlines Co,25357848815.88,base,313
2022,IR.N,Ingersoll Rand Inc,25217260748.75,base,314
2022,STX.OQ,Seagate Technology Holdings PLC,25153409066.1,base,315
2022,CHD.N,Church & Dwight Co Inc,25025207515.0,base,316
2022,DAL.N,"Delta Air Lines, Inc.",25011740007.44,base,317
2022,BKR.OQ,Baker Hughes Company,24940932094.14,base,318
2022,NTRS.OQ,Northern Trust Corporation,24838361753.67,base,319
2022,ENPH.OQ,Enphase Energy,24680883237.12,base,320
2022,DRE.N^J22,Duke Realty,24587695368.0,dead-redo,321
2022,BBY.N,"Best Buy Co., Inc.",24440987236.8,base,322
2022,SYF.N,Synchrony Financial,24438252000.0,base,323
2022,STE.N,STERIS plc,24346598916.82,base,324
2022,PAYC.N,Paycom Software,24079614581.85,base,325
2022,URI.N,"United Rentals, Inc.",24055946806.15,base,326
2022,RJF.N,"Raymond James Financial, Inc.",24011630767.6,base,327
2022,HES.N^G25,Hess,23783928190.26,dead-redo,328
2022,HIG.N,"The Hartford Insurance Group, Inc.",23497995491.12,base,329
2022,DTE.N,DTE Energy Company,23158158812.12,base,330
2022,AEE.N,Ameren Corporation,22929527060.91,base,331
2022,ESS.N,"Essex Property Trust, Inc.",22925886713.13,base,332
2022,MPWR.OQ,Monolithic Power Systems Inc,22819472480.0,base,333
2022,EXPD.N,Expeditors International of Washington Inc,22749239256.3799,base,334
2022,WAT.N,Waters Corp,22742113829.4,base,335
2022,POOL.OQ,Pool,22689791586.0,base,336
2022,FE.N,FirstEnergy Corp,22642411954.21,base,337
2022,ETR.N,Entergy Corp,22640543219.7,base,338
2022,PPL.N,PPL Corp,22566520014.12,base,339
2022,BIO.N,Bio Rad,22439336945.9822,base,340
2022,GNRC.N,Generac Holdings Inc.,22423985553.12,base,341
2022,ULTA.OQ,Ulta Beauty Inc,22315912134.82,base,342
2022,HBAN.OQ,Huntington Bancshares Inc,22304432459.5799,base,343
2022,K.N^L25,Kellanova,22063822898.04,dead-redo,344
2022,TYL.N,"Tyler Technologies, Inc.",22043216185.55,base,345
2022,TRMB.OQ,Trimble Inc,21885421436.91,base,346
2022,RCL.N,Royal Caribbean Cruises Ltd.,21739879617.4,base,347
2022,XYL.N,Xylem Inc,21624606618.24,base,348
2022,KEY.N,KeyCorp,21535378132.05,base,349
2022,JBHT.OQ,"J.B. Hunt Transport Services, Inc.",21464839729.2,base,350
2022,CLX.N,The Clorox Company,21422351879.76,base,351
2022,BR.N,Broadridge Financial Solutions Inc,21312802391.76,base,352
2022,CTLT.N^L24,Catalent,21311199348.5799,dead-redo,353
2022,DGX.N,Quest Diagnostics Inc,21223962130.71,base,354
2022,KMX.N,Carmax,21055568949.1799,base,355
2022,MGM.N,MGM Resorts International,21046917753.84,base,356
2022,RF.N,Regions Financial Corporation,20781561181.4,base,357
2022,COO.OQ,"The Cooper Companies, Inc.",20698995898.8,base,358
2022,NVR.N,"NVR, Inc.",20579099265.89,base,359
2022,DPZ.OQ,"Domino's Pizza, Inc.",20534149864.41,base,360
2022,TTWO.OQ,"Take-Two Interactive Software, Inc.",20495736720.0,base,361
2022,HAL.N,Halliburton Company,20471306030.32,base,362
2022,NTAP.OQ,NetApp Inc,20447329394.59,base,363
2022,FOX.OQ,Fox Corporation,20435627030.91,base,364
2022,FOXA.OQ,Fox Corporation,20435627030.91,base,365
2022,VTR.N,"Ventas, Inc.",20405871599.0399,base,366
2022,HPE.N,Hewlett Packard Enterprise Company,20397547333.39,base,367
2022,TDY.N,Teledyne Technologies Inc,20383179842.64,base,368
2022,TECH.OQ,Bio-Techne Corporation,20329024811.26,base,369
2022,WDC.OQ,Western Digital Corp,20320930678.41,base,370
2022,CFG.N,Citizens Financial Group Inc,20137929966.0,base,371
2022,CZR.OQ,Caesars Entertai,19994287083.56,base,372
2022,GPC.N,Genuine Parts Co,19933731756.6,base,373
2022,BRO.N,Brown & Brown Inc,19848958244.92,base,374
2022,SBNY.OQ^C23,Signature Bank,19847411780.0399,dead-redo,375
2022,MTB.N,M&T Bank Corporation,19763375799.86,base,376
2022,CCL.N,Carnival Corporation Ltd,19738694874.36,base,377
2022,PSKY.OQ,Paramount Skydance Corp,19668806851.51,base,378
2022,DOC.N,"Healthpeak Properties, Inc",19455116528.07,base,379
2022,DRI.N,Darden Restaurants Inc,19240294703.28,base,380
2022,PFG.OQ,Principal Financial Group Inc,19172471293.26,base,381
2022,FANG.OQ,"Diamondback Energy, Inc.",19148912773.95,base,382
2022,UDR.N,"UDR, Inc.",19085796603.65,base,383
2022,CRL.N,"Charles River Laboratories International, Inc.",19019854400.0,base,384
2022,AKAM.OQ,Akamai Technologies Inc,19016649368.64,base,385
2022,CMS.N,CMS Energy Corporation,18844815154.45,base,386
2022,AMCR.N,Amcor PLC,18413358464.98,base,387
2022,HOLX.OQ^D26,Hologic,18378840669.8999,dead-redo,388
2022,FDS.N,FactSet Research Systems Inc.,18369797245.59,base,389
2022,CINF.OQ,Cincinnati Financial Corporation,18358793902.14,base,390
2022,CE.N,Celanese US DE,18296834714.88,base,391
2022,CPAY.N,"Corpay, Inc.",18175493952.48,base,392
2022,BXP.N,"BXP, Inc.",17991915809.92,base,393
2022,BBWI.N,Bath & Body,17986483284.7,base,394
2022,J.N,Jacobs Solutions Inc,17981997808.32,base,395
2022,IEX.N,IDEX Corporation,17967762898.3999,base,396
2022,AVY.N,Avery Dennison Corp,17931039410.3099,base,397
2022,IP.N,International Paper Co,17681601109.32,base,398
2022,DISH.OQ^A24,DISH Network,17603494901.3299,dead-redo,399
2022,CNP.N,"CenterPoint Energy, Inc.",17551642635.94,base,400
2022,QRVO.OQ,Qorvo,17237810470.53,base,401
2022,LKQ.OQ,LKQ,17229510450.0,base,402
2022,WAB.N,Westinghouse Air Brake Technologies Corp,17208083507.43,base,403
2022,MAS.N,Masco Corporation,17139823758.46,base,404
2022,TXT.N,Textron Inc,17016826752.4,base,405
2022,ROL.N,Rollins Inc,16832985513.85,base,406
2022,BEN.N,"Franklin Templeton, Inc.",16829410607.28,base,407
2022,ABMD.OQ^L22,Abiomed,16665275612.1,dead-redo,408
2022,CAG.N,Conagra Brands,16381677513.65,base,409
2022,VTRS.OQ,Viatris Inc.,16363092918.48,base,410
2022,PWR.N,Quanta Services Inc,16338967444.8,base,411
2022,INCY.OQ,Incyte Corp,16213371361.2,base,412
2022,AES.N,The AES Corporation,16203085087.5,base,413
2022,CTRA.N^E26,Coterra Energy,15921714395.23,dead-redo,414
2022,DAY.N^B26,Dayforce,15880704628.14,dead-redo,415
2022,EVRG.OQ,"Evergy, Inc.",15732458247.0,base,416
2022,MKTX.OQ,MarketAxess,15639151663.41,base,417
2022,EMN.N,Eastman Chemical,15593506128.98,base,418
2022,OMC.N,Omnicom Group Inc,15574162906.9399,base,419
2022,LNT.OQ,Alliant Energy Corp,15389677576.89,base,420
2022,TFX.N,Teleflex,15387629176.0,base,421
2022,KIM.N,Kimco Realty Corp,15200634317.4499,base,422
2022,CF.N,CF Industries Holdings Inc,15180571643.2,base,423
2022,IRM.N,Iron Mountain Inc,15152125230.34,base,424
2022,GEN.OQ,Gen Digital Inc.,15116735556.18,base,425
2022,FFIV.OQ,F5 Inc,14983443537.48,base,426
2022,AAP.N,Advance Auto,14957759858.76,base,427
2022,MOS.N,Mosaic Co,14888652396.6,base,428
2022,IPG.N^K25,Interpublic Grp,14824885539.0,dead-redo,429
2022,SEDG.OQ,Solaredge Tech,14818415375.15,base,430
2022,SJM.N,The J. M. Smucker Company,14717891997.1199,base,431
2022,L.N,Loews Corporation,14652811637.1199,base,432
2022,WRB.N,W. R. Berkley Corporation,14553405769.21,base,433
2022,FBIN.N,Fortune Brand,14510001587.4,base,434
2022,CAH.N,"Cardinal Health, Inc.",14509264222.98,base,435
2022,PHM.N,"PulteGroup, Inc.",14472092725.72,base,436
2022,PTC.OQ,PTC Inc.,14280181048.45,base,437
2022,WHR.N,Whirlpool,14253972091.44,base,438
2022,UAL.OQ,"United Airlines Holdings, Inc.",14176249314.26,base,439
2022,HAS.OQ,"Hasbro, Inc.",14040236092.68,base,440
2022,CHRW.OQ,"C.H. Robinson Worldwide, Inc.",13990550535.06,base,441
2022,CBOE.Z,"Cboe Global Markets, Inc.",13906703339.2,base,442
2022,ATO.N,Atmos Energy Corporation,13903527680.49,base,443
2022,FMC.N,FMC,13813115747.31,base,444
2022,AOS.N,A. O. Smith Corporation,13664066456.6999,base,445
2022,HWM.N,Howmet Aerospace Inc.,13422453558.96,base,446
2022,NWS.OQ,News Corporation,13260353316.42,base,447
2022,NWSA.OQ,News Corporation,13260353316.42,base,448
2022,MRO.N^K24,Marathn Oil,13133917452.39,dead-redo,449
2022,CPB.OQ,Campbell's Co,13113528177.88,base,450
2022,PKG.N,Packaging Corp of America,12932992790.9,base,451
2022,REG.OQ,Regency Centers Corp,12900899776.05,base,452
2022,LUMN.N,Lumen Tech,12849871783.3,base,453
2022,DISCK.OQ^D22,Warner Bros Dis,12606199942.34,dead-redo,454
2022,LDOS.N,"Leidos Holdings, Inc.",12476168748.4,base,455
2022,HST.OQ,"Host Hotels & Resorts, Inc.",12417074180.02,base,456
2022,RHI.N,Robert Half,12415544350.08,base,457
2022,JKHY.OQ,Jack Henry & Associates Inc,12364111933.68,base,458
2022,MHK.N,Mohawk Inds,12339483713.14,base,459
2022,LNC.N,LNC,12335174974.62,base,460
2022,CTXS.OQ^J22,Citrix Systems,12255269402.72,dead-redo,461
2022,XRAY.OQ,Dentsply Sirona,12196085980.5399,base,462
2022,PNR.N,Pentair PLC,12057168796.41,base,463
2022,ALLE.N,Allegion PLC,11879319963.28,base,464
2022,WBD.OQ,"Warner Bros. Discovery, Inc.",11737231309.66,base,465
2022,WRK.N^G24,WestRock Co,11642555955.6899,dead-redo,466
2022,AAL.OQ,American Airline,11629360815.12,base,467
2022,CMA.N^B26,Comerica,11621083117.0399,dead-redo,468
2022,SNA.N,Snap-On Inc,11530363346.26,base,469
2022,JNPR.N^G25,Juniper Networks,11498404155.68,dead-redo,470
2022,TPR.N,"Tapestry, Inc.",11170791874.2,base,471
2022,DVA.N,DaVita Inc,11067596640.0,base,472
2022,NI.N,NiSource Inc.,10842576187.19,base,473
2022,BWA.N,Borgwarner,10806491364.25,base,474
2022,EG.N,"Everest Group, Ltd.",10783963601.92,base,475
2022,HSIC.OQ,"Henry Schein, Inc.",10751427162.36,base,476
2022,FRT.N,Federal Realty Investment Trust,10715202537.6,base,477
2022,IVZ.N,Invesco Ltd,10616974021.34,base,478
2022,NRG.N,NRG Energy Inc,10500917968.92,base,479
2022,UHS.N,Universal Health Services Inc,10423539260.18,base,480
2022,ZION.OQ,Zions Bancorp,9882232323.08,base,481
2022,SEE.N^D26,Sealed Air,9862792850.4,dead-redo,482
2022,WYNN.OQ,"Wynn Resorts, Limited",9835547475.84,base,483
2022,APA.OQ,APA Corporation,9768444824.51,base,484
2022,GL.N,Globe Life Inc.,9463772967.0,base,485
2022,TAP.N,Molson Coors Beverage Company,9445758591.65,base,486
2022,NWL.OQ,Newell Brands,9290736000.0,base,487
2022,LW.N,Lamb Weston Hldg,9203004168.0,base,488
2022,UA.N,Under Armour,9149792579.61999,base,489
2022,UAA.N,Under Armour,9149792579.61999,base,490
2022,IPGP.OQ,IPG Photonics,9125187017.09999,base,491
2022,AIZ.N,Assurant Inc,8880389864.74,base,492
2022,PENN.OQ,Penn Ent,8789322054.8,base,493
2022,RL.N,Ralph Lauren Corporation,8750121017.82,base,494
2022,NCLH.N,Norwegian Cruise Line Holdings Ltd.,8646338317.09999,base,495
2022,DXC.N,DXC Tech,8119567487.03999,base,496
2022,VNO.N,Vornado Realty,8025550230.88,base,497
2022,PNW.N,Pinnacle West Capital Corporation,7963880715.57,base,498
2022,PBCT.OQ^D22,Peoples Uni,7828576756.17,dead-redo,499
2022,OGN.N,Organon,7720598383.05,base,500
2022,NLSN.N^J22,Nielsen Holdings,7584137663.84999,dead-redo,501
2022,HII.N,"HUNTINGTON INGALLS INDUSTRIES, INC.",7480990766.52,base,502
2022,PVH.N,PVH,7463114772.75,base,503
2022,GAP.N,Gap,6590567256.59999,base,504
2022,ALK.N,Alaska Air Group,6528685802.8,base,505
2023,AAPL.OQ,Apple Inc.,2066941771740.0,base,1
2023,MSFT.OQ,Microsoft Corporation,1787731749394.07,base,2
2023,GOOGL.OQ,Alphabet Inc.,1145003890000.0,base,3
2023,GOOG.OQ,Alphabet Inc.,1145003890000.0,base,4
2023,AMZN.OQ,Amazon.com Inc,856938950784.0,base,5
2023,BRKb.N,Berkshire Hathaway Inc,681920932605.96,base,6
2023,UNH.N,UnitedHealth Group Inc,495373191523.139,base,7
2023,JNJ.N,Johnson & Johnson,461848529176.55,base,8
2023,XOM.N,Exxonmobil Holdings Corp,454215400000.0,base,9
2023,V.N,Visa Inc.,428336204556.959,base,10
2023,JPM.N,JPMorgan Chase & Co,393342775480.8,base,11
2023,TSLA.OQ,Tesla Inc,388971946667.82,base,12
2023,WMT.OQ,Walmart Inc,382379279656.66,base,13
2023,NVDA.OQ,NVIDIA Corporation,359504399999.999,base,14
2023,PG.N,The Procter & Gamble Company,359151732000.0,base,15
2023,LLY.N,Eli Lilly and Company,347613082936.0,base,16
2023,CVX.N,Chevron Corporation,347068782621.54,base,17
2023,MA.N,Mastercard Incorporated,334328407560.75,base,18
2023,HD.N,"The Home Depot, Inc.",321920096908.92,base,19
2023,META.OQ,"Meta Platforms, Inc.",315555188424.08,base,20
2023,PFE.N,Pfizer Inc.,287626236875.88,base,21
2023,ABBV.N,AbbVie Inc.,285804134897.88,base,22
2023,MRK.N,Merck & Co Inc,281302183315.3,base,23
2023,KO.N,Coca-Cola Co,275082288723.04,base,24
2023,BAC.N,Bank of America Corporation,265702955755.68,base,25
2023,PEP.OQ,"PepsiCo, Inc.",248896945697.94,base,26
2023,AVGO.OQ,Broadcom Inc,233652677458.2,base,27
2023,ORCL.N,Oracle Corporation,220391720220.0,base,28
2023,TMO.N,Thermo Fisher Scientific Inc,215978171284.33,base,29
2023,COST.OQ,Costco Wholesale Corp,202562304934.0,base,30
2023,CSCO.OQ,Cisco Systems Inc,195710029921.32,base,31
2023,DHR.N,Danaher Corporation,193215860364.84,base,32
2023,MCD.N,McDonald's Corp,193015668258.759,base,33
2023,ABT.N,Abbott Laboratories,191426964976.83,base,34
2023,NKE.N,"NIKE, Inc.",181431374640.83,base,35
2023,ACN.N,Accenture PLC,175684390808.919,base,36
2023,TMUS.OQ,T-Mobile US Inc,174181578760.0,base,37
2023,NEE.N,"NextEra Energy, Inc.",166126881307.199,base,38
2023,VZ.N,Verizon Communications Inc,165472807411.8,base,39
2023,LIN.OQ,Linde PLC,160663461847.02,base,40
2023,DIS.N,The Walt Disney Company,158433671917.44,base,41
2023,WFC.N,Wells Fargo & Co,157335169178.419,base,42
2023,PM.N,Philip Morris International Inc,156895975289.05,base,43
2023,ADBE.OQ,Adobe Inc,156452797000.0,base,44
2023,SCHW.N,The Charles Schwab Corporation,155424720112.72,base,45
2023,BMY.N,Bristol-Myers Squibb Company,152977236966.65,base,46
2023,CMCSA.OQ,Comcast Corporation,151189602029.18,base,47
2023,UPS.N,United Parcel Service Inc,150357372586.72,base,48
2023,TXN.OQ,Texas Instruments Inc,149948998256.639,base,49
2023,RTX.N,RTX Corporation,148358533413.0,base,50
2023,COP.N,ConocoPhillips,147036385788.0,base,51
2023,HON.OQ,Honeywell International Inc,144078654317.6,base,52
2023,MS.N,Morgan Stanley,143693102803.38,base,53
2023,AMGN.OQ,Amgen Inc,140139242663.84,base,54
2023,CRM.N,"Salesforce, Inc.",132590000000.0,base,55
2023,NFLX.OQ,"Netflix, Inc.",131227643270.72,base,56
2023,T.N,AT&T Inc,131208070000.0,base,57
2023,LMT.N,Lockheed Martin Corp,127496362259.87,base,58
2023,DE.N,Deere & Co,127409058473.04,base,59
2023,IBM.N,International Business Machines Corporation,127382363283.069,base,60
2023,UNP.N,Union Pacific Corporation,127306801656.0,base,61
2023,CAT.N,Caterpillar Inc,124669265083.8,base,62
2023,QCOM.OQ,QUALCOMM Incorporated,123022860000.0,base,63
2023,ELV.N,Elevance Health Inc,122511384738.54,base,64
2023,CVS.N,CVS Health Corporation,122448576529.28,base,65
2023,LOW.N,Lowe's Companies Inc,120480941043.0,base,66
2023,GS.N,Goldman Sachs Group Inc,116280344827.44,base,67
2023,SBUX.OQ,Starbucks Corp,113861760000.0,base,68
2023,BA.N,Boeing Co,113528838244.08,base,69
2023,AXP.N,American Express Company,110403630834.0,base,70
2023,INTU.OQ,Intuit Inc.,109341764727.0,base,71
2023,SPGI.N,S&P Global Inc,109123452000.0,base,72
2023,INTC.OQ,Intel Corp,109076610000.0,base,73
2023,GILD.OQ,"Gilead Sciences, Inc.",107676834093.25,base,74
2023,BLK.N,"BlackRock, Inc.",106433091729.51,base,75
2023,AMD.OQ,"Advanced Micro Devices, Inc.",104432308612.739,base,76
2023,PLD.N,"Prologis, Inc.",104058647985.21,base,77
2023,MDT.N,Medtronic PLC,103381587890.16,base,78
2023,CI.N,The Cigna Group,101303561585.359,base,79
2023,ADP.OQ,Automatic Data Processing Inc,99085760903.34,base,80
2023,AMT.N,American Tower Corporation,98643203051.58,base,81
2023,ISRG.OQ,Intuitive Surgical Inc,93770595649.5,base,82
2023,SYK.N,Stryker Corporation,92515016000.0,base,83
2023,TJX.N,"The TJX Companies, Inc.",91978130260.4,base,84
2023,CB.N,Chubb Limited,91560090444.4,base,85
2023,GE.N,General Electric Company,91554663450.6,base,86
2023,MDLZ.OQ,Mondelez International Inc,91018473558.2,base,87
2023,EL.N,Estee Lauder Companies Inc,88528706451.97,base,88
2023,C.N,Citigroup Inc,87603855038.72,base,89
2023,NOC.N,Northrop Grumman Corp,83976011435.16,base,90
2023,ADI.OQ,"Analog Devices, Inc.",83539813202.23,base,91
2023,AMAT.OQ,Applied Materials Inc,82202326128.36,base,92
2023,MRSH.N,Marsh & McLennan Companies Inc,82079653052.8799,base,93
2023,MO.N,Altria Group Inc,81920210368.78,base,94
2023,PYPL.OQ,"PayPal Holdings, Inc.",81192775073.04,base,95
2023,DUK.N,Duke Energy Corp,79308764888.28,base,96
2023,REGN.OQ,"Regeneron Pharmaceuticals, Inc.",78571657083.15,base,97
2023,NOW.N,ServiceNow Inc,78430540000.0,base,98
2023,BKNG.OQ,Booking Holdings Inc.,78171477848.64,base,99
2023,SO.N,Southern Co,77742126647.48,base,100
2023,EOG.N,"EOG Resources, Inc.",76078687521.92,base,101
2023,PGR.N,The Progressive Corporation,75880350000.0,base,102
2023,SLB.N,SLB N.V.,75806280000.0,base,103
2023,VRTX.OQ,Vertex Pharmaceuticals Incorporated,74127357508.56,base,104
2023,BDX.N,Becton Dickinson and Co,72062464159.9,base,105
2023,MRNA.OQ,Moderna Inc,69006495841.78,base,106
2023,TGT.N,Target Corp,68604615515.52,base,107
2023,APD.N,"Air Products and Chemicals, Inc.",68429930559.82,base,108
2023,ZTS.N,Zoetis Inc,68302850867.25,base,109
2023,GD.N,General Dynamics Corp,68118342713.71,base,110
2023,HCA.N,"HCA Healthcare, Inc.",67840699332.0,base,111
2023,ITW.N,Illinois Tool Works Inc,67673159293.7,base,112
2023,USB.N,U.S. Bancorp,66733851701.1599,base,113
2023,MMM.N,3M Company,66284930366.8,base,114
2023,BSX.N,Boston Scientific Corp,66273043018.14,base,115
2023,CL.N,Colgate-Palmolive Company,65806527605.9,base,116
2023,CSX.OQ,CSX Corporation,65132622424.42,base,117
2023,HUM.N,Humana Inc.,64843416876.42,base,118
2023,WM.N,Waste Management Inc,64395646820.4799,base,119
2023,FISV.OQ,Fiserv Inc,64182287641.3199,base,120
2023,PNC.N,"The PNC Financial Services Group, Inc.",63700208072.02,base,121
2023,ETN.N,Eaton Corporation PLC,62419014999.9999,base,122
2023,AON.N,Aon PLC,62084840211.04,base,123
2023,SHW.N,Sherwin-Williams Co,61502506919.28,base,124
2023,EQIX.OQ,"Equinix, Inc.",60615241468.45,base,125
2023,CME.OQ,CME Group Inc.,60491352468.64,base,126
2023,ATVI.OQ^J23,Activision,60168234524.7199,dead-redo,127
2023,CCI.N,Crown Castle Inc,58738630855.6399,base,128
2023,ICE.N,Intercontinental Exchange Inc,57301811208.75,base,129
2023,OXY.N,Occidental Petroleum Corp,57252502245.51,base,130
2023,TFC.N,Truist Financial Corporation,57090740980.0,base,131
2023,NSC.N,Norfolk Southern Corp,57049732367.46,base,132
2023,LRCX.OQ,Lam Research Corporation,56909880900.0,base,133
2023,EMR.N,Emerson Electric Co,56809884000.0,base,134
2023,MET.N,"MetLife, Inc.",56781951055.85,base,135
2023,DG.N,Dollar General Corp,55055294253.75,base,136
2023,MPC.N,Marathon Petroleum Corporation,54547434352.87,base,137
2023,MU.OQ,"Micron Technology, Inc.",54537004068.96,base,138
2023,FCX.N,Freeport-McMoRan Inc,54314433258.0,base,139
2023,KLAC.OQ,KLA Corporation,53432060828.81,base,140
2023,MCK.N,McKesson Corp,53267040000.0,base,141
2023,MNST.OQ,Monster Beverage Corporation,52972628926.36,base,142
2023,ORLY.OQ,"O'Reilly Automotive, Inc.",52815946161.33,base,143
2023,CHTR.OQ,"Charter Communications, Inc.",52788470487.1,base,144
2023,PXD.N^E24,Pioneer Natl Rsc,52331120943.25,dead-redo,145
2023,D.N,"Dominion Energy, Inc.",51096435570.6,base,146
2023,MCO.N,Moody's Corporation,51032703430.08,base,147
2023,ADM.N,Archer-Daniels-Midland Co,51005682976.95,base,148
2023,KDP.OQ,Keurig Dr Pepper Inc,50503521607.6199,base,149
2023,KHC.OQ,The Kraft Heinz Company,49866906976.44,base,150
2023,GIS.N,General Mills Inc,49438858620.45,base,151
2023,PSA.N,Public Storage,49212119933.72,base,152
2023,PSX.N,Phillips 66,49191560729.04,base,153
2023,VLO.N,Valero Energy Corp,48907483047.08,base,154
2023,AEP.OQ,American Electric Power Company Inc,48791356226.1,base,155
2023,SNPS.OQ,"Synopsys, Inc.",48665285872.26,base,156
2023,SRE.N,Sempra,48577077918.02,base,157
2023,GM.N,General Motors Co,47792239914.68,base,158
2023,HSY.N,The Hershey Company,47490972124.32,base,159
2023,MAR.OQ,"Marriott International, Inc.",47129582979.5699,base,160
2023,AIG.N,"American International Group, Inc.",46986055832.4,base,161
2023,F.N,Ford Motor Co,46758346371.37,base,162
2023,CNC.N,Centene Corp,46438957422.93,base,163
2023,AZO.N,"AutoZone, Inc.",46279522506.78,base,164
2023,EW.N,Edwards Lifesciences Corporation,46128415830.39,base,165
2023,CTAS.OQ,Cintas Corporation,45934818918.3,base,166
2023,ROP.OQ,"Roper Technologies, Inc.",45824032012.86,base,167
2023,KMB.OQ,Kimberly-Clark Corporation,45814551760.5,base,168
2023,APH.N,Amphenol Corp,45310498275.6,base,169
2023,AFL.N,Aflac Incorporated,44731469006.4,base,170
2023,A.N,Agilent Technologies Inc,44307180786.0,base,171
2023,CDNS.OQ,"Cadence Design Systems, Inc.",44066122240.0,base,172
2023,JCI.N,Johnson Controls International PLC,43949048896.0,base,173
2023,TRV.N,"The Travelers Companies, Inc.",43937817462.25,base,174
2023,DXCM.OQ,Dexcom Inc,43739870075.0,base,175
2023,FDX.N,FedEx Corp,43715184648.0,base,176
2023,MSI.N,Motorola Solutions Inc,43089938991.39,base,177
2023,EXC.OQ,Exelon Corp,42959467956.8999,base,178
2023,STZ.N,"Constellation Brands, Inc.",42769672002.0,base,179
2023,CTVA.N,"Corteva, Inc.",41997839760.0,base,180
2023,PAYX.OQ,"Paychex, Inc.",41655514286.88,base,181
2023,HES.N^G25,Hess,41473654846.32,dead-redo,182
2023,ECL.N,Ecolab Inc.,41459572413.6,base,183
2023,NXPI.OQ,NXP Semiconductors NV,40951082241.86,base,184
2023,RSG.N,Republic Services Inc,40760960734.64,base,185
2023,KMI.N,"Kinder Morgan, Inc.",40639176643.6799,base,186
2023,ADSK.OQ,"Autodesk, Inc.",40320471603.78,base,187
2023,SPG.N,Simon Property Group Inc,40285468464.12,base,188
2023,FIS.N,Fidelity National Information Services Inc,40260796089.6,base,189
2023,DVN.N,Devon Energy Corporation,40209087000.0,base,190
2023,WMB.N,"The Williams Companies, Inc.",40072200000.0,base,191
2023,ROST.OQ,Ross Stores Inc,39971143014.63,base,192
2023,BIIB.OQ,Biogen Inc.,39876868795.68,base,193
2023,O.N,Realty Income Corporation,39780369403.23,base,194
2023,AJG.N,Arthur J. Gallagher & Co.,39751773600.0,base,195
2023,LHX.N,"L3Harris Technologies, Inc.",39643765946.95,base,196
2023,SYY.N,Sysco Corporation,38742377362.7,base,197
2023,TT.N,Trane Technologies PLC,38712353384.64,base,198
2023,MCHP.OQ,Microchip Technology Inc,38638111877.5,base,199
2023,CMG.N,"Chipotle Mexican Grill, Inc.",38462765688.88,base,200
2023,XEL.OQ,Xcel Energy Inc,38367592054.56,base,201
2023,FTNT.OQ,"Fortinet, Inc.",38194628577.79,base,202
2023,IQV.N,IQVIA Holdings Inc.,38056273312.47,base,203
2023,NEM.N,Newmont Corporation,37464468103.2,base,204
2023,PH.N,Parker-Hannifin Corp,37366067721.0,base,205
2023,MSCI.N,MSCI Inc,37194140078.22,base,206
2023,ANET.N,Arista Networks Inc,37081236951.6,base,207
2023,BNY.N,Bank of New York Mellon Corp,36792905600.0,base,208
2023,LVS.N,Las Vegas Sands Corp.,36733472118.2,base,209
2023,PRU.N,Prudential Financial Inc,36601280000.0,base,210
2023,TEL.N,TE Connectivity PLC,36418068632.4,base,211
2023,YUM.N,"Yum! Brands, Inc.",36078581877.28,base,212
2023,ENPH.OQ,Enphase Energy,36014309637.1199,base,213
2023,ALL.N,Allstate Corp,35962418234.4,base,214
2023,HAL.N,Halliburton Company,35731640674.95,base,215
2023,COF.N,Capital One Financial Corp,35482699253.1199,base,216
2023,DOW.N,Dow Inc.,35462429564.91,base,217
2023,CARR.N,Carrier Global Corporation,34495787493.75,base,218
2023,PCAR.OQ,Paccar Inc,34418556897.75,base,219
2023,TDG.N,TransDigm Group Incorporated,34236964371.3999,base,220
2023,HLT.N,Hilton Worldwide Holdings Inc,34174822308.12,base,221
2023,CMI.N,Cummins Inc,34162890000.0,base,222
2023,DD.N,"DuPont de Nemours, Inc.",34094625501.2399,base,223
2023,EA.OQ^H26,Electronic Arts,33902652735.2,dead-redo,224
2023,ED.N,"Consolidated Edison, Inc.",33821978042.88,base,225
2023,NUE.N,Nucor Corporation,33815026415.1,base,226
2023,IDXX.OQ,IDEXX Laboratories Inc,33786005777.7199,base,227
2023,COR.N,"Cencora, Inc.",33546567045.36,base,228
2023,AMP.N,Ameriprise Financial Inc,33135123252.63,base,229
2023,OTIS.N,Otis Worldwide Corporation,32622855689.87,base,230
2023,PCG.N,PG&E Corp,32320003382.1,base,231
2023,VICI.N,VICI Properties Inc,32314873374.0,base,232
2023,MTD.N,Mettler-Toledo International Inc.,32225135490.05,base,233
2023,AME.N,AMETEK Inc,32087312348.84,base,234
2023,WBA.OQ^H25,Walgreens Hldg,32076507173.26,dead-redo,235
2023,KR.N,Kroger Co,31911339187.5,base,236
2023,ILMN.OQ,Illumina,31806060000.0,base,237
2023,BFb.N,Brown-Forman Corporation,31484117578.0,base,238
2023,CSGP.OQ,"CoStar Group, Inc.",31429007836.8,base,239
2023,ODFL.OQ,"Old Dominion Freight Line, Inc.",31352474691.1599,base,240
2023,DLTR.OQ,Dollar Tree Inc,31284332709.76,base,241
2023,WELL.N,Welltower Inc.,30973780785.3,base,242
2023,DHI.N,"D.R. Horton, Inc.",30713003639.02,base,243
2023,KEYS.N,"Keysight Technologies, Inc.",30586539342.1999,base,244
2023,PEG.N,Public Service Enterprise Group Incorporated,30570650814.88,base,245
2023,RMD.N,ResMed Inc.,30487642074.5,base,246
2023,SBAC.OQ,SBA Communications Corp,30263819956.78,base,247
2023,NDAQ.OQ,Nasdaq Inc,30139998920.1,base,248
2023,BKR.OQ,Baker Hughes Company,29780046721.97,base,249
2023,WEC.N,"WEC Energy Group, Inc.",29575141626.56,base,250
2023,ROK.N,Rockwell Automation Inc,29555144219.62,base,251
2023,PPG.N,"PPG Industries, Inc.",29552344521.5599,base,252
2023,CTSH.OQ,Cognizant Technology Solutions Corporation,29391166696.0799,base,253
2023,OKE.N,"ONEOK, Inc.",29364867419.4,base,254
2023,ES.N,Eversource Energy,29202093757.44,base,255
2023,CPRT.OQ,Copart Inc,29001907669.79,base,256
2023,DLR.N,"Digital Realty Trust, Inc.",28829858514.25,base,257
2023,STT.N,State Street Corporation,28463547202.7899,base,258
2023,CEG.OQ,Constellation Energy Corp,28192212727.9499,base,259
2023,GWW.N,WW Grainger Inc,28106902543.75,base,260
2023,AWK.N,"American Water Works Company, Inc.",27714204555.0799,base,261
2023,VRSK.OQ,"Verisk Analytics, Inc.",27589962138.9999,base,262
2023,FAST.OQ,Fastenal Company,27102997521.6,base,263
2023,LYB.N,LyondellBasell Industries N.V.,27036596671.99,base,264
2023,GLW.N,Corning Incorporated,27015215349.44,base,265
2023,ON.OQ,ON Semiconductor Corp,26970258248.01,base,266
2023,GPN.N,Global Payments Inc,26856241820.7199,base,267
2023,ZBH.N,"Zimmer Biomet Holdings, Inc.",26756179980.0,base,268
2023,IFF.N,International Flavors & Fragrances Inc.,26730242604.52,base,269
2023,IT.N,"Gartner, Inc.",26563255093.2,base,270
2023,WTW.OQ,Willis Towers Watson Public Limited Company,26472757344.18,base,271
2023,HPQ.N,HP Inc,26390257538.52,base,272
2023,DFS.N^E25,Discover Fincl,25896330000.0,dead-redo,273
2023,LEN.N,Lennar Corp,25778381363.56,base,274
2023,BAX.N,Baxter International Inc.,25695035086.23,base,275
2023,ALB.N,Albemarle Corp,25405754906.84,base,276
2023,APTV.N,APTIV PLC,25233534292.27,base,277
2023,MTB.N,M&T Bank Corporation,25039291535.58,base,278
2023,HRL.N,Hormel Foods Corp,24889622036.6999,base,279
2023,FANG.OQ,"Diamondback Energy, Inc.",24882934848.1,base,280
2023,TSCO.OQ,Tractor Supply Company,24850916227.65,base,281
2023,URI.N,"United Rentals, Inc.",24633620317.02,base,282
2023,GPC.N,Genuine Parts Co,24458318181.59,base,283
2023,TROW.OQ,"T. Rowe Price Group, Inc.",24371072396.72,base,284
2023,K.N^L25,Kellanova,24323107204.1499,dead-redo,285
2023,CBRE.N,"CBRE Group, Inc.",24315399484.48,base,286
2023,EIX.N,Edison International,24294866759.8799,base,287
2023,CDW.OQ,CDW Corporation,24178121565.56,base,288
2023,HIG.N,"The Hartford Insurance Group, Inc.",24121441786.07,base,289
2023,FE.N,FirstEnergy Corp,23979328998.3,base,290
2023,ARE.N,"Alexandria Real Estate Equities, Inc",23902593494.92,base,291
2023,ULTA.OQ,Ulta Beauty Inc,23866643252.97,base,292
2023,EFX.N,Equifax Inc.,23798104860.44,base,293
2023,VMC.N,Vulcan Materials Co,23273321305.26,base,294
2023,ACGL.OQ,Arch Capital Group Ltd.,23220628635.06,base,295
2023,RJF.N,"Raymond James Financial, Inc.",23094690959.75,base,296
2023,WBD.OQ,"Warner Bros. Discovery, Inc.",23021194222.2,base,297
2023,AEE.N,Ameren Corporation,22987791267.48,base,298
2023,ETR.N,Entergy Corp,22891911750.0,base,299
2023,WY.N,Weyerhaeuser Company,22813427000.0,base,300
2023,DTE.N,DTE Energy Company,22770496202.23,base,301
2023,FTV.N,Fortive Corporation,22732180255.25,base,302
2023,AVB.N^H26,Avalonbay US,22593422186.5,dead-redo,303
2023,FITB.N,Fifth Third Bancorp,22520658206.46,base,304
2023,EBAY.OQ,eBay Inc.,22504072337.89,base,305
2023,TSN.N,Tyson Foods Inc,22384434609.75,base,306
2023,VMRK.N,Vivmark Residential,22297216280.0,base,307
2023,FRC.N^E23,Frst Rep Bk,22272152980.88,dead-redo,308
2023,MKC.N,"McCormick & Company, Incorporated",22210424109.72,base,309
2023,VRSN.OQ,"VeriSign, Inc.",21780020720.64,base,310
2023,PPL.N,PPL Corp,21515220258.48,base,311
2023,IR.N,Ingersoll Rand Inc,21157370071.75,base,312
2023,DAL.N,"Delta Air Lines, Inc.",21069449575.32,base,313
2023,MLM.N,"Martin Marietta Materials, Inc.",20984791851.18,base,314
2023,LH.N,Labcorp Holdings Inc.,20863528000.0,base,315
2023,ANSS.OQ^G25,Ansys Inc,20788463760.3999,dead-redo,316
2023,PFG.OQ,Principal Financial Group Inc,20533779736.8,base,317
2023,HPE.N,Hewlett Packard Enterprise Company,20457796941.96,base,318
2023,PWR.N,Quanta Services Inc,20363414730.0,base,319
2023,WAT.N,Waters Corp,20351847043.5,base,320
2023,HBAN.OQ,Huntington Bancshares Inc,20342552995.5,base,321
2023,CAH.N,"Cardinal Health, Inc.",20150244654.11,base,322
2023,RF.N,Regions Financial Corporation,20146647265.36,base,323
2023,LUV.N,Southwest Airlines Co,19991629974.68,base,324
2023,XYL.N,Xylem Inc,19927094793.2399,base,325
2023,EXR.N,Extra Space Storage Inc.,19710570491.04,base,326
2023,CHD.N,Church & Dwight Co Inc,19658227451.67,base,327
2023,DOV.N,Dover Corp,19438012337.92,base,328
2023,CFG.N,Citizens Financial Group Inc,19389369331.42,base,329
2023,MOH.N,Molina Health,19284848000.0,base,330
2023,WRB.N,W. R. Berkley Corporation,19265602100.9699,base,331
2023,AES.N,The AES Corporation,19210235615.28,base,332
2023,CNP.N,"CenterPoint Energy, Inc.",18879773573.69,base,333
2023,EPAM.N,EPAM,18849470557.12,base,334
2023,TDY.N,Teledyne Technologies Inc,18744218801.63,base,335
2023,HOLX.OQ^D26,Hologic,18572740492.45,dead-redo,336
2023,CAG.N,Conagra Brands,18445290788.7,base,337
2023,NTRS.OQ,Northern Trust Corporation,18442702903.77,base,338
2023,STE.N,STERIS plc,18436301189.57,base,339
2023,CMS.N,CMS Energy Corporation,18381633954.66,base,340
2023,CTRA.N^E26,Coterra Energy,18300327216.71,dead-redo,341
2023,WAB.N,Westinghouse Air Brake Technologies Corp,18152231505.84,base,342
2023,MAA.N,Mid-America Apartment Communities Inc,18128737055.82,base,343
2023,INVH.N,Invitation Homes Inc.,18122189702.76,base,344
2023,JBHT.OQ,"J.B. Hunt Transport Services, Inc.",18052785074.28,base,345
2023,VTR.N,"Ventas, Inc.",18007295224.25,base,346
2023,ROL.N,Rollins Inc,17994942811.44,base,347
2023,PAYC.N,Paycom Software,17956542754.15,base,348
2023,INCY.OQ,Incyte Corp,17869229589.76,base,349
2023,DGX.N,Quest Diagnostics Inc,17816555181.04,base,350
2023,BBY.N,"Best Buy Co., Inc.",17747621855.34,base,351
2023,AMCR.N,Amcor PLC,17734222911.96,base,352
2023,RVTY.N,"Revvity, Inc.",17712018302.4,base,353
2023,GRMN.N,Garmin Ltd.,17688664376.57,base,354
2023,TTWO.OQ,"Take-Two Interactive Software, Inc.",17475005590.38,base,355
2023,WST.N,"West Pharmaceutical Services, Inc.",17423663490.45,base,356
2023,CLX.N,The Clorox Company,17314588563.01,base,357
2023,IEX.N,IDEX Corporation,17220901817.97,base,358
2023,STLD.OQ,Steel Dynamics Inc,17153326659.3,base,359
2023,CPB.OQ,Campbell's Co,16994784257.0,base,360
2023,SJM.N,The J. M. Smucker Company,16898017683.06,base,361
2023,DRI.N,Darden Restaurants Inc,16835493595.68,base,362
2023,CF.N,CF Industries Holdings Inc,16715342247.6,base,363
2023,TRGP.N,Targa Resources Corp.,16638590944.5,base,364
2023,OMC.N,Omnicom Group Inc,16633438560.96,base,365
2023,MPWR.OQ,Monolithic Power Systems Inc,16599160620.0,base,366
2023,EXPD.N,Expeditors International of Washington Inc,16537453025.28,base,367
2023,ALGN.OQ,"Align Technology, Inc.",16473894825.9,base,368
2023,COO.OQ,"The Cooper Companies, Inc.",16320014157.28,base,369
2023,HWM.N,Howmet Aerospace Inc.,16304391378.1699,base,370
2023,CINF.OQ,Cincinnati Financial Corporation,16300431992.67,base,371
2023,MRO.N^K24,Marathn Oil,16283139417.6,dead-redo,372
2023,KEY.N,KeyCorp,16252330310.06,base,373
2023,BRO.N,Brown & Brown Inc,16135178247.99,base,374
2023,LYV.N,"Live Nation Entertainment, Inc.",16101562761.46,base,375
2023,BALL.N,Ball Corp,16053876471.0,base,376
2023,FOX.OQ,Fox Corporation,16020383676.38,base,377
2023,FOXA.OQ,Fox Corporation,16020383676.38,base,378
2023,FSLR.OQ,"First Solar, Inc.",15968454321.9,base,379
2023,SEDG.OQ,Solaredge Tech,15833341241.2499,base,380
2023,ATO.N,Atmos Energy Corporation,15803660206.1799,base,381
2023,BR.N,Broadridge Financial Solutions Inc,15781108473.99,base,382
2023,FMC.N,FMC,15720547190.4,base,383
2023,FDS.N,FactSet Research Systems Inc.,15347015911.88,base,384
2023,J.N,Jacobs Solutions Inc,15202214108.2699,base,385
2023,ETSY.N,ETSY,15054946490.48,base,386
2023,APA.OQ,APA Corporation,15008170870.68,base,387
2023,MOS.N,Mosaic Co,14936902961.58,base,388
2023,SYF.N,Synchrony Financial,14804791324.08,base,389
2023,TXT.N,Textron Inc,14781020217.5999,base,390
2023,NVR.N,"NVR, Inc.",14741284458.46,base,391
2023,AVY.N,Avery Dennison Corp,14655391534.0,base,392
2023,SWKS.OQ,"Skyworks Solutions, Inc.",14595477762.32,base,393
2023,IRM.N,Iron Mountain Inc,14492094744.45,base,394
2023,EVRG.OQ,"Evergy, Inc.",14444724708.05,base,395
2023,LDOS.N,"Leidos Holdings, Inc.",14378374500.83,base,396
2023,LKQ.OQ,LKQ,14269815948.8499,base,397
2023,GEN.OQ,Gen Digital Inc.,14263165271.44,base,398
2023,LNT.OQ,Alliant Energy Corp,13858915234.3,base,399
2023,L.N,Loews Corporation,13849119943.16,base,400
2023,ESS.N,"Essex Property Trust, Inc.",13722627839.0399,base,401
2023,EXPE.OQ,"Expedia Group, Inc.",13673560737.5999,base,402
2023,TER.OQ,"Teradyne, Inc.",13605299353.0999,base,403
2023,NDSN.OQ,Nordson Corporation,13592516522.76,base,404
2023,CPAY.N,"Corpay, Inc.",13546833852.16,base,405
2023,VTRS.OQ,Viatris Inc.,13497179575.74,base,406
2023,DOC.N,"Healthpeak Properties, Inc",13476131410.08,base,407
2023,TYL.N,"Tyler Technologies, Inc.",13425119514.18,base,408
2023,PTC.OQ,PTC Inc.,13367232459.4,base,409
2023,SIVB.OQ^C23,SVB Fincl Grp,13326691489.26,dead-redo,410
2023,CBOE.Z,"Cboe Global Markets, Inc.",13310130497.25,base,411
2023,AKAM.OQ,Akamai Technologies Inc,13255525215.6,base,412
2023,ZBRA.OQ,Zebra Technologies Corp,13238396505.18,base,413
2023,BEN.N,"Franklin Templeton, Inc.",13196807411.76,base,414
2023,IPG.N^K25,Interpublic Grp,13128250221.22,dead-redo,415
2023,KIM.N,Kimco Realty Corp,13099000358.22,base,416
2023,TECH.OQ,Bio-Techne Corporation,13009635143.6799,base,417
2023,EG.N,"Everest Group, Ltd.",12974200813.1799,base,418
2023,NTAP.OQ,NetApp Inc,12947335821.42,base,419
2023,MGM.N,MGM Resorts International,12876200524.88,base,420
2023,LW.N,Lamb Weston Hldg,12856275922.4,base,421
2023,JKHY.OQ,Jack Henry & Associates Inc,12807002457.48,base,422
2023,RCL.N,Royal Caribbean Cruises Ltd.,12613647001.45,base,423
2023,UDR.N,"UDR, Inc.",12608233139.4,base,424
2023,TRMB.OQ,Trimble Inc,12469344376.96,base,425
2023,BIO.N,Bio Rad,12460413991.44,base,426
2023,EQT.N,EQT Corporation,12417166349.15,base,427
2023,UAL.OQ,"United Airlines Holdings, Inc.",12325179228.7,base,428
2023,IP.N,International Paper Co,12316852411.67,base,429
2023,DPZ.OQ,"Domino's Pizza, Inc.",12262344885.5999,base,430
2023,SNA.N,Snap-On Inc,12145303465.11,base,431
2023,CPT.N,Camden Property Trust,11918356555.8,base,432
2023,PKG.N,Packaging Corp of America,11836085336.8,base,433
2023,POOL.OQ,Pool,11806173339.9399,base,434
2023,GL.N,Globe Life Inc.,11725926105.9499,base,435
2023,TFX.N,Teleflex,11709253369.05,base,436
2023,MTCH.OQ,Match Grp,11588410337.94,base,437
2023,HST.OQ,"Host Hotels & Resorts, Inc.",11476195564.05,base,438
2023,NI.N,NiSource Inc.,11136203657.64,base,439
2023,SWK.N,Stanley Black & Decker Inc,11113386964.32,base,440
2023,CRL.N,"Charles River Laboratories International, Inc.",11086459142.4,base,441
2023,CE.N,Celanese US DE,11085685979.0399,base,442
2023,PSKY.OQ,Paramount Skydance Corp,11069187790.3999,base,443
2023,STX.OQ,Seagate Technology Holdings PLC,10861564037.43,base,444
2023,HSIC.OQ,"Henry Schein, Inc.",10826184815.25,base,445
2023,CHRW.OQ,"C.H. Robinson Worldwide, Inc.",10777478890.08,base,446
2023,VFC.N,VF,10728309606.85,base,447
2023,REG.OQ,Regency Centers Corp,10695170000.0,base,448
2023,BXP.N,"BXP, Inc.",10593483436.96,base,449
2023,JNPR.N^G25,Juniper Networks,10557791163.19,dead-redo,450
2023,MAS.N,Masco Corporation,10525444170.41,base,451
2023,NWS.OQ,News Corporation,10522812219.56,base,452
2023,NWSA.OQ,News Corporation,10522812219.56,base,453
2023,TAP.N,Molson Coors Beverage Company,10511671842.56,base,454
2023,MKTX.OQ,MarketAxess,10496533566.47,base,455
2023,PHM.N,"PulteGroup, Inc.",10372632033.72,base,456
2023,UHS.N,Universal Health Services Inc,10060436353.1799,base,457
2023,WDC.OQ,Western Digital Corp,10021866807.25,base,458
2023,EMN.N,Eastman Chemical,9772015244.16,base,459
2023,BBWI.N,Bath & Body,9625391876.1,base,460
2023,KMX.N,Carmax,9621801144.22,base,461
2023,DAY.N^B26,Dayforce,9472953632.65,dead-redo,462
2023,BWA.N,Borgwarner,9424695682.5,base,463
2023,WYNN.OQ,"Wynn Resorts, Limited",9344971849.77,base,464
2023,ALLE.N,Allegion PLC,9246545963.72,base,465
2023,HII.N,"HUNTINGTON INGALLS INDUSTRIES, INC.",9204947684.48,base,466
2023,QRVO.OQ,Qorvo,9189941832.72,base,467
2023,TPR.N,"Tapestry, Inc.",9175806342.08,base,468
2023,WRK.N^G24,WestRock Co,9030300591.4,dead-redo,469
2023,CCL.N,Carnival Corporation Ltd,8978840000.0,base,470
2023,CZR.OQ,Caesars Entertai,8925949968.0,base,471
2023,AOS.N,A. O. Smith Corporation,8744871165.48,base,472
2023,AAP.N,Advance Auto,8712073863.48,base,473
2023,FFIV.OQ,F5 Inc,8663499221.1,base,474
2023,CMA.N^B26,Comerica,8650361235.1,dead-redo,475
2023,PNW.N,Pinnacle West Capital Corporation,8603181036.12,base,476
2023,HAS.OQ,"Hasbro, Inc.",8426318179.21999,base,477
2023,AAL.OQ,American Airline,8266739282.64,base,478
2023,FRT.N,Federal Realty Investment Trust,8205405758.16,base,479
2023,IVZ.N,Invesco Ltd,8181851999.99999,base,480
2023,CTLT.N^L24,Catalent,8179345120.05,dead-redo,481
2023,RHI.N,Robert Half,8010446912.88,base,482
2023,WHR.N,Whirlpool,7706507956.84,base,483
2023,DISH.OQ^A24,DISH Network,7482957377.7,dead-redo,484
2023,PNR.N,Pentair PLC,7399135962.91999,base,485
2023,ZION.OQ,Zions Bancorp,7355208786.63999,base,486
2023,NRG.N,NRG Energy Inc,7330825403.1,base,487
2023,SEE.N^D26,Sealed Air,7271933630.94,dead-redo,488
2023,SBNY.OQ^C23,Signature Bank,7121654446.23,dead-redo,489
2023,OGN.N,Organon,7104397943.37,base,490
2023,RL.N,Ralph Lauren Corporation,6971313123.97,base,491
2023,XRAY.OQ,Dentsply Sirona,6842794450.24,base,492
2023,DVA.N,DaVita Inc,6727767000.0,base,493
2023,AIZ.N,Assurant Inc,6607098510.74,base,494
2023,MHK.N,Mohawk Inds,6494448751.04,base,495
2023,GNRC.N,Generac Holdings Inc.,6377455425.32,base,496
2023,DXC.N,DXC Tech,6096728409.5,base,497
2023,ALK.N,Alaska Air Group,5446416463.13999,base,498
2023,NWL.OQ,Newell Brands,5409888000.0,base,499
2023,LUMN.N,Lumen Tech,5400522440.46,base,500
2023,LNC.N,LNC,5198299054.08,base,501
2023,NCLH.N,Norwegian Cruise Line Holdings Ltd.,5157888264.0,base,502
2023,VNO.N,Vornado Realty,3991705194.04,base,503
2024,AAPL.OQ,Apple Inc.,2870346373440.0,base,1
2024,MSFT.OQ,Microsoft Corporation,2756305840000.0,base,2
2024,GOOG.OQ,Alphabet Inc.,1729508690000.0,base,3
2024,GOOGL.OQ,Alphabet Inc.,1729508690000.0,base,4
2024,AMZN.OQ,Amazon.com Inc,1556723190000.0,base,5
2024,NVDA.OQ,NVIDIA Corporation,1189749600000.0,base,6
2024,META.OQ,"Meta Platforms, Inc.",889917765464.28,base,7
2024,TSLA.OQ,Tesla Inc,789707651952.22,base,8
2024,BRKb.N,Berkshire Hathaway Inc,788575294510.78,base,9
2024,LLY.N,Eli Lilly and Company,562179745751.4,base,10
2024,V.N,Visa Inc.,520329218775.48,base,11
2024,AVGO.OQ,Broadcom Inc,508110410781.22,base,12
2024,UNH.N,UnitedHealth Group Inc,498849207526.62,base,13
2024,JPM.N,JPMorgan Chase & Co,497484715319.28,base,14
2024,WMT.OQ,Walmart Inc,428845906550.87,base,15
2024,XOM.N,Exxonmobil Holdings Corp,406471560000.0,base,16
2024,MA.N,Mastercard Incorporated,394045260000.0,base,17
2024,JNJ.N,Johnson & Johnson,385092360841.4,base,18
2024,PG.N,The Procter & Gamble Company,349988351571.96,base,19
2024,HD.N,"The Home Depot, Inc.",343444957127.519,base,20
2024,COST.OQ,Costco Wholesale Corp,288711893870.399,base,21
2024,MRK.N,Merck & Co Inc,286952774032.16,base,22
2024,ORCL.N,Oracle Corporation,286052823320.0,base,23
2024,ABBV.N,AbbVie Inc.,282168190624.22,base,24
2024,CVX.N,Chevron Corporation,276687480000.0,base,25
2024,BAC.N,Bank of America Corporation,268275515274.599,base,26
2024,ADBE.OQ,Adobe Inc,264105871000.0,base,27
2024,KO.N,Coca-Cola Co,257704560000.0,base,28
2024,CRM.N,"Salesforce, Inc.",247933840000.0,base,29
2024,PEP.OQ,"PepsiCo, Inc.",237727727496.51,base,30
2024,ACN.N,Accenture PLC,231226187272.92,base,31
2024,AMD.OQ,"Advanced Micro Devices, Inc.",223875836314.78,base,32
2024,MCD.N,McDonald's Corp,215455596591.2,base,33
2024,TMO.N,Thermo Fisher Scientific Inc,210244498472.15,base,34
2024,CSCO.OQ,Cisco Systems Inc,205246156394.759,base,35
2024,NFLX.OQ,"Netflix, Inc.",202747865104.0,base,36
2024,INTC.OQ,Intel Corp,202098400000.0,base,37
2024,LIN.OQ,Linde PLC,198601445255.88,base,38
2024,ABT.N,Abbott Laboratories,190706030179.599,base,39
2024,TMUS.OQ,T-Mobile US Inc,187244876964.6,base,40
2024,WFC.N,Wells Fargo & Co,179148787091.62,base,41
2024,CMCSA.OQ,Comcast Corporation,175775232638.83,base,42
2024,DHR.N,Danaher Corporation,173492695452.53,base,43
2024,DIS.N,The Walt Disney Company,170625510000.0,base,44
2024,INTU.OQ,Intuit Inc.,169014159360.0,base,45
2024,PFE.N,Pfizer Inc.,167867867171.16,base,46
2024,VZ.N,Verizon Communications Inc,163451520000.0,base,47
2024,NKE.N,"NIKE, Inc.",161436256345.4,base,48
2024,AMGN.OQ,Amgen Inc,159103650000.0,base,49
2024,QCOM.OQ,QUALCOMM Incorporated,156777140000.0,base,50
2024,BX.N,Blackstone Inc.,156051160670.74,base,51
2024,MS.N,Morgan Stanley,154119157362.0,base,52
2024,TXN.OQ,Texas Instruments Inc,153857340000.0,base,53
2024,BA.N,Boeing Co,153451502190.479,base,54
2024,UNP.N,Union Pacific Corporation,148394318207.85,base,55
2024,PM.N,Philip Morris International Inc,148347916499.96,base,56
2024,IBM.N,International Business Machines Corporation,147468650831.5,base,57
2024,CAT.N,Caterpillar Inc,146172720408.99,base,58
2024,NOW.N,ServiceNow Inc,140979413600.0,base,59
2024,COP.N,ConocoPhillips,138533014180.0,base,60
2024,HON.OQ,Honeywell International Inc,137783384596.0,base,61
2024,GE.N,General Electric Company,137082222115.85,base,62
2024,SPGI.N,S&P Global Inc,137070099000.0,base,63
2024,AXP.N,American Express Company,136148130000.0,base,64
2024,UPS.N,United Parcel Service Inc,134893897762.26,base,65
2024,AMAT.OQ,Applied Materials Inc,128200675211.92,base,66
2024,GS.N,Goldman Sachs Group Inc,126629469771.2,base,67
2024,NEE.N,"NextEra Energy, Inc.",126323645613.37,base,68
2024,SCHW.N,The Charles Schwab Corporation,125939956961.4,base,69
2024,LOW.N,Lowe's Companies Inc,125748369990.0,base,70
2024,PLD.N,"Prologis, Inc.",124384976020.0,base,71
2024,T.N,AT&T Inc,123337500000.0,base,72
2024,RTX.N,RTX Corporation,122537947422.48,base,73
2024,UBER.N,"Uber Technologies, Inc.",120137763467.4,base,74
2024,BKNG.OQ,Booking Holdings Inc.,119723081203.44,base,75
2024,BLK.N,"BlackRock, Inc.",118844609222.2,base,76
2024,ISRG.OQ,Intuitive Surgical Inc,116528655520.16,base,77
2024,LMT.N,Lockheed Martin Corp,113162785885.8,base,78
2024,SYK.N,Stryker Corporation,112549081729.26,base,79
2024,ELV.N,Elevance Health Inc,112505482612.05,base,80
2024,DE.N,Deere & Co,112250734371.69,base,81
2024,MDT.N,Medtronic PLC,110148563123.24,base,82
2024,BMY.N,Bristol-Myers Squibb Company,107353818467.92,base,83
2024,SBUX.OQ,Starbucks Corp,106474689000.0,base,84
2024,TJX.N,"The TJX Companies, Inc.",106309053396.48,base,85
2024,VRTX.OQ,Vertex Pharmaceuticals Incorporated,105891507000.0,base,86
2024,CVS.N,CVS Health Corporation,104045588654.7,base,87
2024,GILD.OQ,"Gilead Sciences, Inc.",103717040000.0,base,88
2024,AMT.N,American Tower Corporation,102030221414.51,base,89
2024,C.N,Citigroup Inc,100940424000.0,base,90
2024,MDLZ.OQ,Mondelez International Inc,100488529996.4,base,91
2024,REGN.OQ,"Regeneron Pharmaceuticals, Inc.",98597020520.0,base,92
2024,LRCX.OQ,Lam Research Corporation,98366605400.0,base,93
2024,ADI.OQ,"Analog Devices, Inc.",96066335627.24,base,94
2024,ADP.OQ,Automatic Data Processing Inc,95865594000.0,base,95
2024,ETN.N,Eaton Corporation PLC,95392770000.0,base,96
2024,PGR.N,The Progressive Corporation,94602039000.0,base,97
2024,MRSH.N,Marsh & McLennan Companies Inc,93563640000.0,base,98
2024,CB.N,Chubb Limited,92138051971.95,base,99
2024,PANW.OQ,"Palo Alto Networks, Inc.",91096476000.0,base,100
2024,MU.OQ,"Micron Technology, Inc.",90895857179.2,base,101
2024,CI.N,The Cigna Group,90705490400.0,base,102
2024,ZTS.N,Zoetis Inc,90247978239.87,base,103
2024,ABNB.OQ,"Airbnb, Inc.",86073797454.3199,base,104
2024,BSX.N,Boston Scientific Corp,84734603821.68,base,105
2024,FISV.OQ,Fiserv Inc,79049520000.0,base,106
2024,ITW.N,Illinois Tool Works Inc,78407851469.2,base,107
2024,SHW.N,Sherwin-Williams Co,78046620501.9,base,108
2024,SO.N,Southern Co,77297350000.0,base,109
2024,EQIX.OQ,"Equinix, Inc.",76573564422.96,base,110
2024,SNPS.OQ,"Synopsys, Inc.",75836892515.66,base,111
2024,KLAC.OQ,KLA Corporation,75798351400.0,base,112
2024,DUK.N,Duke Energy Corp,75411510000.0,base,113
2024,CME.OQ,CME Group Inc.,75320673804.7399,base,114
2024,SLB.N,SLB N.V.,74195983939.14,base,115
2024,HCA.N,"HCA Healthcare, Inc.",73692371456.0,base,116
2024,MO.N,Altria Group Inc,73324740604.5,base,117
2024,ICE.N,Intercontinental Exchange Inc,72375415913.7,base,118
2024,WM.N,Waste Management Inc,72342494443.47,base,119
2024,ANET.N,Arista Networks Inc,72038348881.52,base,120
2024,CDNS.OQ,"Cadence Design Systems, Inc.",71525099800.0,base,121
2024,EOG.N,"EOG Resources, Inc.",70910991603.2,base,122
2024,BDX.N,Becton Dickinson and Co,70902385777.44,base,123
2024,GD.N,General Dynamics Corp,70571127996.0,base,124
2024,NOC.N,Northrop Grumman Corp,70564867204.39,base,125
2024,MCO.N,Moody's Corporation,69669450287.58,base,126
2024,CSX.OQ,CSX Corporation,68413656431.7,base,127
2024,USB.N,U.S. Bancorp,68368414747.4599,base,128
2024,CL.N,Colgate-Palmolive Company,66462608746.4799,base,129
2024,PYPL.OQ,"PayPal Holdings, Inc.",66262498167.04,base,130
2024,TGT.N,Target Corp,66063803580.0,base,131
2024,MAR.OQ,"Marriott International, Inc.",65152488640.32,base,132
2024,LULU.OQ,lululemon athletica inc.,63774279718.86,base,133
2024,FDX.N,FedEx Corp,63032896307.52,base,134
2024,PNC.N,"The PNC Financial Services Group, Inc.",62291572460.5,base,135
2024,MCK.N,McKesson Corp,62211310758.12,base,136
2024,CMG.N,"Chipotle Mexican Grill, Inc.",61564513500.0,base,137
2024,MNST.OQ,Monster Beverage Corporation,61025644890.0,base,138
2024,APD.N,"Air Products and Chemicals, Inc.",60792668416.97,base,139
2024,MMM.N,3M Company,60783924960.0,base,140
2024,FCX.N,Freeport-McMoRan Inc,60356102199.96,base,141
2024,CTAS.OQ,Cintas Corporation,60002766090.85,base,142
2024,PSX.N,Phillips 66,59081634166.75,base,143
2024,PH.N,Parker-Hannifin Corp,58890501752.94,base,144
2024,APH.N,Amphenol Corp,57934379667.7299,base,145
2024,HUM.N,Humana Inc.,57457605822.0,base,146
2024,AON.N,Aon PLC,57197069502.8999,base,147
2024,ROP.OQ,"Roper Technologies, Inc.",57095353315.33,base,148
2024,NXPI.OQ,NXP Semiconductors NV,57012086915.18,base,149
2024,CHTR.OQ,"Charter Communications, Inc.",56857219061.58,base,150
2024,ECL.N,Ecolab Inc.,56514712324.0,base,151
2024,MPC.N,Marathon Petroleum Corporation,56068480000.0,base,152
2024,ORLY.OQ,"O'Reilly Automotive, Inc.",55822606984.16,base,153
2024,TDG.N,TransDigm Group Incorporated,54882653988.8,base,154
2024,PSA.N,Public Storage,54830990396.46,base,155
2024,EMR.N,Emerson Electric Co,54814596000.0,base,156
2024,TT.N,Trane Technologies PLC,54757037541.18,base,157
2024,PXD.N^E24,Pioneer Natl Rsc,54213985375.08,dead-redo,158
2024,NSC.N,Norfolk Southern Corp,53184044317.64,base,159
2024,OXY.N,Occidental Petroleum Corp,52698742532.8999,base,160
2024,EL.N,Estee Lauder Companies Inc,52048786951.85,base,161
2024,RSG.N,Republic Services Inc,51890124000.0,base,162
2024,MSI.N,Motorola Solutions Inc,51794568000.0,base,163
2024,CARR.N,Carrier Global Corporation,50672655120.1,base,164
2024,PCAR.OQ,Paccar Inc,50623279988.76,base,165
2024,CCI.N,Crown Castle Inc,50613080000.0,base,166
2024,COF.N,Capital One Financial Corp,50253271244.99,base,167
2024,ADSK.OQ,"Autodesk, Inc.",50081855889.0,base,168
2024,TFC.N,Truist Financial Corporation,50028699930.0,base,169
2024,WELL.N,Welltower Inc.,49945053479.04,base,170
2024,DHI.N,"D.R. Horton, Inc.",49788687259.92,base,171
2024,GM.N,General Motors Co,49369797476.2999,base,172
2024,MET.N,"MetLife, Inc.",49219379999.9999,base,173
2024,AJG.N,Arthur J. Gallagher & Co.,48754350000.0,base,174
2024,F.N,Ford Motor Co,48675925953.92,base,175
2024,AIG.N,"American International Group, Inc.",48328457212.12,base,176
2024,AFL.N,Aflac Incorporated,48175731120.0,base,177
2024,SRE.N,Sempra,47715653357.56,base,178
2024,DXCM.OQ,Dexcom Inc,47438886000.0,base,179
2024,NEM.N,Newmont Corporation,47128319999.9999,base,180
2024,MCHP.OQ,Microchip Technology Inc,46832880994.88,base,181
2024,KHC.OQ,The Kraft Heinz Company,46755655015.28,base,182
2024,SPG.N,Simon Property Group Inc,46616412261.66,base,183
2024,KDP.OQ,Keurig Dr Pepper Inc,46399184454.9099,base,184
2024,ROST.OQ,Ross Stores Inc,46352211502.88,base,185
2024,HLT.N,Hilton Worldwide Holdings Inc,46177205721.35,base,186
2024,EW.N,Edwards Lifesciences Corporation,45833204999.9999,base,187
2024,CPRT.OQ,Copart Inc,45620595809.42,base,188
2024,IDXX.OQ,IDEXX Laboratories Inc,45486586668.38,base,189
2024,HES.N^G25,Hess,45401144445.15,dead-redo,190
2024,STZ.N,"Constellation Brands, Inc.",44587986628.4099,base,191
2024,VLO.N,Valero Energy Corp,44483581401.72,base,192
2024,AZO.N,"AutoZone, Inc.",44414255424.0,base,193
2024,FTNT.OQ,"Fortinet, Inc.",44369816861.34,base,194
2024,MSCI.N,MSCI Inc,43958883402.0,base,195
2024,AEP.OQ,American Electric Power Company Inc,43768033780.3,base,196
2024,TRV.N,"The Travelers Companies, Inc.",43682044000.0,base,197
2024,ODFL.OQ,"Old Dominion Freight Line, Inc.",43398864741.96,base,198
2024,WMB.N,"The Williams Companies, Inc.",43210032829.44,base,199
2024,NUE.N,Nucor Corporation,43127535594.57,base,200
2024,TEL.N,TE Connectivity PLC,42984556106.4799,base,201
2024,MRNA.OQ,Moderna Inc,42894449550.0,base,202
2024,PAYX.OQ,"Paychex, Inc.",42412198630.62,base,203
2024,O.N,Realty Income Corporation,42401718935.08,base,204
2024,DLR.N,"Digital Realty Trust, Inc.",42138749840.0,base,205
2024,IQV.N,IQVIA Holdings Inc.,41815785000.0,base,206
2024,COR.N,"Cencora, Inc.",41595777118.56,base,207
2024,OKE.N,"ONEOK, Inc.",41372753128.68,base,208
2024,KMB.OQ,Kimberly-Clark Corporation,41350463329.56,base,209
2024,KVUE.N,Kenvue Inc.,41306443983.45,base,210
2024,CNC.N,Centene Corp,41064405720.0,base,211
2024,LEN.N,Lennar Corp,40920085470.5,base,212
2024,A.N,Agilent Technologies Inc,40654319152.5,base,213
2024,D.N,"Dominion Energy, Inc.",40593011361.21,base,214
2024,GWW.N,WW Grainger Inc,40364476146.0,base,215
2024,BNY.N,Bank of New York Mellon Corp,39774438720.0,base,216
2024,LHX.N,"L3Harris Technologies, Inc.",39761753435.22,base,217
2024,KMI.N,"Kinder Morgan, Inc.",39632059225.39,base,218
2024,HSY.N,The Hershey Company,39269786273.52,base,219
2024,JCI.N,Johnson Controls International PLC,38898709785.68,base,220
2024,DOW.N,Dow Inc.,38857895647.89,base,221
2024,ADM.N,Archer-Daniels-Midland Co,38808820113.8,base,222
2024,BIIB.OQ,Biogen Inc.,38790673563.52,base,223
2024,LVS.N,Las Vegas Sands Corp.,38670450121.4099,base,224
2024,URI.N,"United Rentals, Inc.",38438860295.0,base,225
2024,AMP.N,Ameriprise Financial Inc,37978806000.0,base,226
2024,GIS.N,General Mills Inc,37906664175.0,base,227
2024,ALL.N,Allstate Corp,37750125000.0,base,228
2024,PRU.N,Prudential Financial Inc,37749770000.0,base,229
2024,AME.N,AMETEK Inc,37590177265.59,base,230
2024,SYY.N,Sysco Corporation,37485508868.02,base,231
2024,PCG.N,PG&E Corp,37287050867.55,base,232
2024,CTSH.OQ,Cognizant Technology Solutions Corporation,36976800000.0,base,233
2024,CEG.OQ,Constellation Energy Corp,36808739081.0,base,234
2024,EA.OQ^H26,Electronic Arts,36501436522.37,dead-redo,235
2024,FAST.OQ,Fastenal Company,36349479422.85,base,236
2024,EXC.OQ,Exelon Corp,36303602561.52,base,237
2024,YUM.N,"Yum! Brands, Inc.",36257430000.0,base,238
2024,OTIS.N,Otis Worldwide Corporation,36190757717.89,base,239
2024,FIS.N,Fidelity National Information Services Inc,36123725152.97,base,240
2024,ROK.N,Rockwell Automation Inc,35108703700.36,base,241
2024,ON.OQ,ON Semiconductor Corp,35080318461.15,base,242
2024,XEL.OQ,Xcel Energy Inc,35023781766.93,base,243
2024,CSGP.OQ,"CoStar Group, Inc.",34898733429.28,base,244
2024,GEHC.OQ,GE HealthCare Technologies Inc.,34774490687.3,base,245
2024,EXR.N,Extra Space Storage Inc.,34734235213.2,base,246
2024,PPG.N,"PPG Industries, Inc.",34728624000.0,base,247
2024,CTVA.N,"Corteva, Inc.",34221640240.0,base,248
2024,CMI.N,Cummins Inc,34199324000.0,base,249
2024,VRSK.OQ,"Verisk Analytics, Inc.",34104611327.42,base,250
2024,IT.N,"Gartner, Inc.",34083030597.0,base,251
2024,BKR.OQ,Baker Hughes Company,33862140000.0,base,252
2024,VICI.N,VICI Properties Inc,33787818549.2999,base,253
2024,DD.N,"DuPont de Nemours, Inc.",33337836951.4,base,254
2024,KR.N,Kroger Co,33287722892.69,base,255
2024,GPN.N,Global Payments Inc,33113611394.82,base,256
2024,NDAQ.OQ,Nasdaq Inc,32829284033.0,base,257
2024,HAL.N,Halliburton Company,32329268921.0399,base,258
2024,ED.N,"Consolidated Edison, Inc.",31901759777.39,base,259
2024,LYB.N,LyondellBasell Industries N.V.,31291920000.0,base,260
2024,IR.N,Ingersoll Rand Inc,31060071968.48,base,261
2024,DLTR.OQ,Dollar Tree Inc,31055465899.98,base,262
2024,DG.N,Dollar General Corp,30823999379.22,base,263
2024,RCL.N,Royal Caribbean Cruises Ltd.,30806810716.54,base,264
2024,PEG.N,Public Service Enterprise Group Incorporated,30666262145.0799,base,265
2024,PWR.N,Quanta Services Inc,30403768930.3,base,266
2024,MLM.N,"Martin Marietta Materials, Inc.",30349170265.8299,base,267
2024,ANSS.OQ^G25,Ansys Inc,29816483445.66,dead-redo,268
2024,VMC.N,Vulcan Materials Co,29710489333.2,base,269
2024,EFX.N,Equifax Inc.,29575971000.0,base,270
2024,CDW.OQ,CDW Corporation,29561034627.23,base,271
2024,HPQ.N,HP Inc,29558620053.67,base,272
2024,DVN.N,Devon Energy Corporation,29369688000.0,base,273
2024,MPWR.OQ,Monolithic Power Systems Inc,29008912000.0,base,274
2024,WBD.OQ,"Warner Bros. Discovery, Inc.",28433675339.08,base,275
2024,CBRE.N,"CBRE Group, Inc.",28412784909.22,base,276
2024,ACGL.OQ,Arch Capital Group Ltd.,28193137724.95,base,277
2024,FICO.N,Fair Isaac Corporation,28093339315.72,base,278
2024,FANG.OQ,"Diamondback Energy, Inc.",28061434985.71,base,279
2024,EIX.N,Edison International,27747360698.42,base,280
2024,DFS.N^E25,Discover Fincl,27696390716.3999,dead-redo,281
2024,SBAC.OQ,SBA Communications Corp,27550589000.0,base,282
2024,BFb.N,Brown-Forman Corporation,27436506290.6,base,283
2024,XYL.N,Xylem Inc,27403311252.6,base,284
2024,WEC.N,"WEC Energy Group, Inc.",27228308715.92,base,285
2024,KEYS.N,"Keysight Technologies, Inc.",27217685475.96,base,286
2024,TTWO.OQ,"Take-Two Interactive Software, Inc.",27153830000.0,base,287
2024,MTD.N,Mettler-Toledo International Inc.,26328255550.38,base,288
2024,AVB.N^H26,Avalonbay US,26029949878.48,dead-redo,289
2024,DAL.N,"Delta Air Lines, Inc.",26028095864.85,base,290
2024,AWK.N,"American Water Works Company, Inc.",25998415784.51,base,291
2024,WST.N,"West Pharmaceutical Services, Inc.",25799458032.3,base,292
2024,APTV.N,APTIV PLC,25505679975.33,base,293
2024,WY.N,Weyerhaeuser Company,25388106870.0,base,294
2024,ZBH.N,"Zimmer Biomet Holdings, Inc.",25368168508.29,base,295
2024,FTV.N,Fortive Corporation,25345089000.0,base,296
2024,CAH.N,"Cardinal Health, Inc.",25292559808.46,base,297
2024,RMD.N,ResMed Inc.,25274334960.0,base,298
2024,GLW.N,Corning Incorporated,25001800000.0,base,299
2024,WTW.OQ,Willis Towers Watson Public Limited Company,24604010376.3999,base,300
2024,HIG.N,"The Hartford Insurance Group, Inc.",24297900000.0,base,301
2024,TROW.OQ,"T. Rowe Price Group, Inc.",24161049000.0,base,302
2024,GRMN.N,Garmin Ltd.,23752021440.0,base,303
2024,FITB.N,Fifth Third Bancorp,23689527500.0,base,304
2024,ULTA.OQ,Ulta Beauty Inc,23630519787.37,base,305
2024,VMRK.N,Vivmark Residential,23572961566.55,base,306
2024,BR.N,Broadridge Financial Solutions Inc,23516466425.82,base,307
2024,STT.N,State Street Corporation,23476149343.25,base,308
2024,RJF.N,"Raymond James Financial, Inc.",23426539035.7,base,309
2024,TSCO.OQ,Tractor Supply Company,23413752589.26,base,310
2024,CHD.N,Church & Dwight Co Inc,23300320395.2399,base,311
2024,MTB.N,M&T Bank Corporation,23099695470.0,base,312
2024,DTE.N,DTE Energy Company,23051475329.52,base,313
2024,EBAY.OQ,eBay Inc.,22768530000.0,base,314
2024,ARE.N,"Alexandria Real Estate Equities, Inc",22470904215.36,base,315
2024,WAB.N,Westinghouse Air Brake Technologies Corp,22383242000.0,base,316
2024,ES.N,Eversource Energy,22266052561.66,base,317
2024,NVR.N,"NVR, Inc.",22265090844.0,base,318
2024,HWM.N,Howmet Aerospace Inc.,22123024140.42,base,319
2024,WBA.OQ^H25,Walgreens Hldg,22050942225.39,dead-redo,320
2024,HPE.N,Hewlett Packard Enterprise Company,22009000000.0,base,321
2024,PHM.N,"PulteGroup, Inc.",21893670219.0,base,322
2024,ILMN.OQ,Illumina,21852468000.0,base,323
2024,ETR.N,Entergy Corp,21843082184.8,base,324
2024,MOH.N,Molina Health,21548740000.0,base,325
2024,FE.N,FirstEnergy Corp,21460674380.2,base,326
2024,STE.N,STERIS plc,21447538949.88,base,327
2024,LYV.N,"Live Nation Entertainment, Inc.",21419562385.12,base,328
2024,DOV.N,Dover Corp,21196154618.88,base,329
2024,INVH.N,Invitation Homes Inc.,21185994234.18,base,330
2024,ROL.N,Rollins Inc,20944318115.66,base,331
2024,IFF.N,International Flavors & Fragrances Inc.,20784827090.28,base,332
2024,TDY.N,Teledyne Technologies Inc,20681052695.1,base,333
2024,ALGN.OQ,"Align Technology, Inc.",20596344536.88,base,334
2024,VRSN.OQ,"VeriSign, Inc.",20418028000.0,base,335
2024,EXPE.OQ,"Expedia Group, Inc.",20386814200.0,base,336
2024,VTR.N,"Ventas, Inc.",20348394375.79,base,337
2024,CPAY.N,"Corpay, Inc.",20329793998.12,base,338
2024,PPL.N,PPL Corp,20278291941.39,base,339
2024,JBHT.OQ,"J.B. Hunt Transport Services, Inc.",20178477800.0,base,340
2024,BLDR.N,Builders FirstSource Inc,20152710660.0,base,341
2024,PTC.OQ,PTC Inc.,20140650349.05,base,342
2024,BRO.N,Brown & Brown Inc,20135450000.0,base,343
2024,IRM.N,Iron Mountain Inc,20039244051.84,base,344
2024,VLTO.N,Veralto Corp,19963328000.0,base,345
2024,TSN.N,Tyson Foods Inc,19788022653.84,base,346
2024,BAX.N,Baxter International Inc.,19709518324.65,base,347
2024,K.N^L25,Kellanova,19688034827.64,dead-redo,348
2024,LH.N,Labcorp Holdings Inc.,19511784000.0,base,349
2024,CTRA.N^E26,Coterra Energy,19474242854.1,dead-redo,350
2024,AEE.N,Ameren Corporation,19457933552.0,base,351
2024,WAT.N,Waters Corp,19430307181.74,base,352
2024,DRI.N,Darden Restaurants Inc,19377986733.64,base,353
2024,CCL.N,Carnival Corporation Ltd,19364800000.0,base,354
2024,GPC.N,Genuine Parts Co,19359752774.79,base,355
2024,TRGP.N,Targa Resources Corp.,19269551352.0,base,356
2024,STLD.OQ,Steel Dynamics Inc,19241596447.7,base,357
2024,PFG.OQ,Principal Financial Group Inc,18860782259.43,base,358
2024,AXON.OQ,"Axon Enterprise, Inc.",18855599894.53,base,359
2024,CBOE.Z,"Cboe Global Markets, Inc.",18810077239.8,base,360
2024,MKC.N,"McCormick & Company, Incorporated",18644142586.2,base,361
2024,HBAN.OQ,Huntington Bancshares Inc,18625394595.5799,base,362
2024,WRB.N,W. R. Berkley Corporation,18509721750.0,base,363
2024,COO.OQ,"The Cooper Companies, Inc.",18477153364.5599,base,364
2024,FSLR.OQ,"First Solar, Inc.",18394861296.0,base,365
2024,CNP.N,"CenterPoint Energy, Inc.",18311795475.6,base,366
2024,EXPD.N,Expeditors International of Washington Inc,18282491280.0,base,367
2024,RF.N,Regions Financial Corporation,18018000000.0,base,368
2024,BALL.N,Ball Corp,17965863173.7199,base,369
2024,CLX.N,The Clorox Company,17950110889.62,base,370
2024,HRL.N,Hormel Foods Corp,17936353836.8,base,371
2024,ENPH.OQ,Enphase Energy,17920981587.84,base,372
2024,NTAP.OQ,NetApp Inc,17761936561.87,base,373
2024,AKAM.OQ,Akamai Technologies Inc,17648880000.0,base,374
2024,ATO.N,Atmos Energy Corporation,17636965598.34,base,375
2024,FDS.N,FactSet Research Systems Inc.,17624095183.12,base,376
2024,HUBB.N,Hubbell Inc,17476498536.0,base,377
2024,SWKS.OQ,"Skyworks Solutions, Inc.",17452675538.37,base,378
2024,NTRS.OQ,Northern Trust Corporation,17409043620.0,base,379
2024,HOLX.OQ^D26,Hologic,17369002780.74,dead-redo,380
2024,STX.OQ,Seagate Technology Holdings PLC,17364900000.0,base,381
2024,OMC.N,Omnicom Group Inc,17275500000.0,base,382
2024,CMS.N,CMS Energy Corporation,17275320802.07,base,383
2024,ALB.N,Albemarle Corp,17238422840.0,base,384
2024,TYL.N,"Tyler Technologies, Inc.",17195092725.2,base,385
2024,LUV.N,Southwest Airlines Co,16977366022.4,base,386
2024,CE.N,Celanese US DE,16842071438.24,base,387
2024,EPAM.N,EPAM,16828730140.0,base,388
2024,BBY.N,"Best Buy Co., Inc.",16641492642.2,base,389
2024,CINF.OQ,Cincinnati Financial Corporation,16623160000.0,base,390
2024,WDC.OQ,Western Digital Corp,16491007321.0399,base,391
2024,JBL.N,Jabil Inc.,16343694593.5399,base,392
2024,IEX.N,IDEX Corporation,16263272161.95,base,393
2024,J.N,Jacobs Solutions Inc,16164719689.66,base,394
2024,AVY.N,Avery Dennison Corp,16079680278.2599,base,395
2024,ESS.N,"Essex Property Trust, Inc.",16042403610.0,base,396
2024,TER.OQ,"Teradyne, Inc.",16017104332.56,base,397
2024,EQT.N,EQT Corporation,16009041440.0,base,398
2024,MAA.N,Mid-America Apartment Communities Inc,15851712960.0,base,399
2024,TXT.N,Textron Inc,15764718906.51,base,400
2024,EG.N,"Everest Group, Ltd.",15695609999.9999,base,401
2024,L.N,Loews Corporation,15656211999.9999,base,402
2024,DGX.N,Quest Diagnostics Inc,15631020000.0,base,403
2024,CFG.N,Citizens Financial Group Inc,15623131624.1699,base,404
2024,CF.N,CF Industries Holdings Inc,15592121046.61,base,405
2024,SYF.N,Synchrony Financial,15445924000.0,base,406
2024,LW.N,Lamb Weston Hldg,15384333386.88,base,407
2024,SNA.N,Snap-On Inc,15239685361.66,base,408
2024,SWK.N,Stanley Black & Decker Inc,15055180658.4,base,409
2024,POOL.OQ,Pool,15013319447.3499,base,410
2024,MAS.N,Masco Corporation,14945025645.2699,base,411
2024,MGM.N,MGM Resorts International,14851500412.6799,base,412
2024,NDSN.OQ,Nordson Corporation,14747195124.9,base,413
2024,BG.N,Bunge Global SA,14746729767.0,base,414
2024,PKG.N,Packaging Corp of America,14688526035.3299,base,415
2024,INCY.OQ,Incyte Corp,14667949627.1,base,416
2024,LDOS.N,"Leidos Holdings, Inc.",14662773252.0,base,417
2024,GEN.OQ,Gen Digital Inc.,14601901003.3,base,418
2024,PODD.OQ,Insulet Corporation,14601653409.09,base,419
2024,MRO.N^K24,Marathn Oil,14590216634.94,dead-redo,420
2024,BEN.N,"Franklin Templeton, Inc.",14489763000.0,base,421
2024,DPZ.OQ,"Domino's Pizza, Inc.",14410729316.6199,base,422
2024,KIM.N,Kimco Realty Corp,14318699923.36,base,423
2024,NWS.OQ,News Corporation,14197315990.48,base,424
2024,NWSA.OQ,News Corporation,14197315990.48,base,425
2024,CAG.N,Conagra Brands,14115488476.84,base,426
2024,FOX.OQ,Fox Corporation,14105380643.34,base,427
2024,FOXA.OQ,Fox Corporation,14105380643.34,base,428
2024,AMCR.N,Amcor PLC,14092096317.0,base,429
2024,HST.OQ,"Host Hotels & Resorts, Inc.",13860920000.0,base,430
2024,ZBRA.OQ,Zebra Technologies Corp,13763346679.92,base,431
2024,SJM.N,The J. M. Smucker Company,13753053202.56,base,432
2024,KEY.N,KeyCorp,13683200040.0,base,433
2024,VTRS.OQ,Viatris Inc.,13664252690.0,base,434
2024,RVTY.N,"Revvity, Inc.",13627866813.84,base,435
2024,UAL.OQ,"United Airlines Holdings, Inc.",13356848778.8,base,436
2024,CPB.OQ,Campbell's Co,13336986617.9,base,437
2024,LNT.OQ,Alliant Energy Corp,13238691033.56,base,438
2024,TRMB.OQ,Trimble Inc,13047858784.25,base,439
2024,AES.N,The AES Corporation,12951867145.56,base,440
2024,UDR.N,"UDR, Inc.",12709783097.76,base,441
2024,LKQ.OQ,LKQ,12652048522.32,base,442
2024,IP.N,International Paper Co,12643472617.02,base,443
2024,REG.OQ,Regency Centers Corp,12501669843.13,base,444
2024,TAP.N,Molson Coors Beverage Company,12495530000.0,base,445
2024,IPG.N^K25,Interpublic Grp,12302092687.72,dead-redo,446
2024,EVRG.OQ,"Evergy, Inc.",12273980046.51,base,447
2024,TECH.OQ,Bio-Techne Corporation,12131715573.0899,base,448
2024,AOS.N,A. O. Smith Corporation,12111791656.32,base,449
2024,KMX.N,Carmax,12090519049.8,base,450
2024,CRL.N,"Charles River Laboratories International, Inc.",12016276337.0,base,451
2024,JKHY.OQ,Jack Henry & Associates Inc,11991891741.32,base,452
2024,MOS.N,Mosaic Co,11922957398.4,base,453
2024,TFX.N,Teleflex,11780697600.0,base,454
2024,PNR.N,Pentair PLC,11725523661.96,base,455
2024,PAYC.N,Paycom Software,11565628800.0,base,456
2024,GL.N,Globe Life Inc.,11488133404.4,base,457
2024,BXP.N,"BXP, Inc.",11315436438.5999,base,458
2024,NI.N,NiSource Inc.,11166351061.41,base,459
2024,DOC.N,"Healthpeak Properties, Inc",10959540909.33,base,460
2024,APA.OQ,APA Corporation,10943304025.3699,base,461
2024,ALLE.N,Allegion PLC,10907605075.5,base,462
2024,MKTX.OQ,MarketAxess,10858015579.6,base,463
2024,CPT.N,Camden Property Trust,10717693658.2799,base,464
2024,WYNN.OQ,"Wynn Resorts, Limited",10684690937.8,base,465
2024,UHS.N,Universal Health Services Inc,10676343892.64,base,466
2024,WRK.N^G24,WestRock Co,10673286811.74,dead-redo,467
2024,NRG.N,NRG Energy Inc,10666711187.5,base,468
2024,QRVO.OQ,Qorvo,10601926177.05,base,469
2024,EMN.N,Eastman Chemical,10488185358.18,base,470
2024,FFIV.OQ,F5 Inc,10362383280.0,base,471
2024,CZR.OQ,Caesars Entertai,10306656577.08,base,472
2024,HII.N,"HUNTINGTON INGALLS INDUSTRIES, INC.",10305266876.8,base,473
2024,CHRW.OQ,"C.H. Robinson Worldwide, Inc.",10163804853.81,base,474
2024,BBWI.N,Bath & Body,10110841492.0,base,475
2024,DAY.N^B26,Dayforce,9950058000.0,dead-redo,476
2024,MTCH.OQ,Match Grp,9896659081.65,base,477
2024,HSIC.OQ,"Henry Schein, Inc.",9765961123.4,base,478
2024,ETSY.N,ETSY,9709026274.32,base,479
2024,PSKY.OQ,Paramount Skydance Corp,9574811729.7,base,480
2024,JNPR.N^G25,Juniper Networks,9572431739.58,dead-redo,481
2024,BIO.N,Bio Rad,9521994426.2,base,482
2024,DVA.N,DaVita Inc,9494397360.0,base,483
2024,RL.N,Ralph Lauren Corporation,9438368818.43,base,484
2024,RHI.N,Robert Half,9118614575.05,base,485
2024,AIZ.N,Assurant Inc,8933042713.2,base,486
2024,AAL.OQ,American Airline,8793431700.48,base,487
2024,TPR.N,"Tapestry, Inc.",8748045765.91,base,488
2024,FRT.N,Federal Realty Investment Trust,8647534128.42,base,489
2024,BWA.N,Borgwarner,8447892118.25999,base,490
2024,PNW.N,Pinnacle West Capital Corporation,8312094211.69,base,491
2024,FMC.N,FMC,8089487678.4,base,492
2024,IVZ.N,Invesco Ltd,7978625000.0,base,493
2024,GNRC.N,Generac Holdings Inc.,7824539962.49,base,494
2024,NCLH.N,Norwegian Cruise Line Holdings Ltd.,7796013162.4,base,495
2024,CTLT.N^L24,Catalent,7688092536.32,dead-redo,496
2024,XRAY.OQ,Dentsply Sirona,7548585731.33,base,497
2024,VFC.N,VF,7252675484.59999,base,498
2024,CMA.N^B26,Comerica,7212196638.08,dead-redo,499
2024,HAS.OQ,"Hasbro, Inc.",6924330885.4,base,500
2024,WHR.N,Whirlpool,6759500000.0,base,501
2024,MHK.N,Mohawk Inds,6704457383.68,base,502
2024,ZION.OQ,Zions Bancorp,6539473420.0,base,503
2025,AAPL.OQ,Apple Inc.,3666985574900.0,base,1
2025,NVDA.OQ,NVIDIA Corporation,3387211900000.0,base,2
2025,MSFT.OQ,Microsoft Corporation,3112142300000.0,base,3
2025,AMZN.OQ,Amazon.com Inc,2332790460000.0,base,4
2025,GOOGL.OQ,Alphabet Inc.,2319747730000.0,base,5
2025,GOOG.OQ,Alphabet Inc.,2319747730000.0,base,6
2025,META.OQ,"Meta Platforms, Inc.",1512774508514.92,base,7
2025,TSLA.OQ,Tesla Inc,1217511427465.52,base,8
2025,AVGO.OQ,Broadcom Inc,1087372881068.88,base,9
2025,BRKb.N,Berkshire Hathaway Inc,972544184902.9,base,10
2025,LLY.N,Eli Lilly and Company,738634062030.58,base,11
2025,WMT.OQ,Walmart Inc,723004759350.0,base,12
2025,JPM.N,JPMorgan Chase & Co,675681701280.0,base,13
2025,V.N,Visa Inc.,615489090000.0,base,14
2025,MA.N,Mastercard Incorporated,477473600000.0,base,15
2025,XOM.N,Exxonmobil Holdings Corp,467120430000.0,base,16
2025,ORCL.N,Oracle Corporation,464378604680.0,base,17
2025,UNH.N,UnitedHealth Group Inc,464292649346.339,base,18
2025,COST.OQ,Costco Wholesale Corp,403863630914.699,base,19
2025,PG.N,The Procter & Gamble Company,389198504087.72,base,20
2025,HD.N,"The Home Depot, Inc.",385881640257.519,base,21
2025,NFLX.OQ,"Netflix, Inc.",379305053283.0,base,22
2025,JNJ.N,Johnson & Johnson,346745860427.44,base,23
2025,BAC.N,Bank of America Corporation,337085091754.19,base,24
2025,ABBV.N,AbbVie Inc.,317095659559.12,base,25
2025,CRM.N,"Salesforce, Inc.",316441620000.0,base,26
2025,KO.N,Coca-Cola Co,266035680000.0,base,27
2025,CVX.N,Chevron Corporation,263651268290.75,base,28
2025,TMUS.OQ,T-Mobile US Inc,251269577369.93,base,29
2025,MRK.N,Merck & Co Inc,250863966914.65,base,30
2025,CSCO.OQ,Cisco Systems Inc,235381013166.0,base,31
2025,WFC.N,Wells Fargo & Co,230850967357.509,base,32
2025,ACN.N,Accenture PLC,218179911624.34,base,33
2025,NOW.N,ServiceNow Inc,217933132339.999,base,34
2025,BX.N,Blackstone Inc.,212178485053.75,base,35
2025,MCD.N,McDonald's Corp,209618424351.86,base,36
2025,AXP.N,American Express Company,209497860000.0,base,37
2025,PEP.OQ,"PepsiCo, Inc.",206088120000.0,base,38
2025,DIS.N,The Walt Disney Company,204573720000.0,base,39
2025,IBM.N,International Business Machines Corporation,203366454730.88,base,40
2025,MS.N,Morgan Stanley,200521460000.0,base,41
2025,TMO.N,Thermo Fisher Scientific Inc,199883163481.05,base,42
2025,LIN.OQ,Linde PLC,197210318685.51,base,43
2025,ABT.N,Abbott Laboratories,196756599362.72,base,44
2025,AMD.OQ,"Advanced Micro Devices, Inc.",195759250147.979,base,45
2025,ADBE.OQ,Adobe Inc,194481000000.0,base,46
2025,PM.N,Philip Morris International Inc,188290325951.0,base,47
2025,ISRG.OQ,Intuitive Surgical Inc,186882305652.12,base,48
2025,GE.N,General Electric Company,181013765131.97,base,49
2025,GS.N,Goldman Sachs Group Inc,180488729780.37,base,50
2025,INTU.OQ,Intuit Inc.,174329373907.36,base,51
2025,CAT.N,Caterpillar Inc,171945604274.479,base,52
2025,PLTR.OQ,Palantir Technologies Inc.,171208833040.0,base,53
2025,TXN.OQ,Texas Instruments Inc,170311450000.0,base,54
2025,QCOM.OQ,QUALCOMM Incorporated,169925840000.0,base,55
2025,VZ.N,Verizon Communications Inc,169284100000.0,base,56
2025,DHR.N,Danaher Corporation,165256371000.0,base,57
2025,T.N,AT&T Inc,163828080000.0,base,58
2025,BKNG.OQ,Booking Holdings Inc.,163010909571.77,base,59
2025,BLK.N,"BlackRock, Inc.",157643904946.199,base,60
2025,RTX.N,RTX Corporation,154539561155.58,base,61
2025,SPGI.N,S&P Global Inc,152514900000.0,base,62
2025,PFE.N,Pfizer Inc.,150798604831.35,base,63
2025,NEE.N,"NextEra Energy, Inc.",147259129109.4,base,64
2025,HON.OQ,Honeywell International Inc,146643789137.6,base,65
2025,CMCSA.OQ,Comcast Corporation,143189126912.26,base,66
2025,PGR.N,The Progressive Corporation,141020900000.0,base,67
2025,ANET.N,Arista Networks Inc,140828518082.28,base,68
2025,LOW.N,Lowe's Companies Inc,139457258234.9,base,69
2025,AMGN.OQ,Amgen Inc,139233360000.0,base,70
2025,UNP.N,Union Pacific Corporation,138905518378.24,base,71
2025,SYK.N,Stryker Corporation,136749722090.56,base,72
2025,TJX.N,"The TJX Companies, Inc.",136191745213.35,base,73
2025,SCHW.N,The Charles Schwab Corporation,135168239016.72,base,74
2025,UBER.N,"Uber Technologies, Inc.",133017658060.25,base,75
2025,AMAT.OQ,Applied Materials Inc,132931003642.01,base,76
2025,KKR.N,KKR & Co Inc,132514870933.709,base,77
2025,C.N,Citigroup Inc,132275060321.819,base,78
2025,BSX.N,Boston Scientific Corp,131730700609.299,base,79
2025,ETN.N,Eaton Corporation PLC,131190591999.999,base,80
2025,BA.N,Boeing Co,128767788637.74,base,81
2025,COP.N,ConocoPhillips,127688769360.0,base,82
2025,PANW.OQ,"Palo Alto Networks, Inc.",118601588000.0,base,83
2025,ADP.OQ,Automatic Data Processing Inc,117858584999.999,base,84
2025,FISV.OQ,Fiserv Inc,116172720000.0,base,85
2025,BMY.N,Bristol-Myers Squibb Company,115180153316.459,base,86
2025,GILD.OQ,"Gilead Sciences, Inc.",114482480000.0,base,87
2025,LMT.N,Lockheed Martin Corp,114310260404.25,base,88
2025,DE.N,Deere & Co,113891698943.82,base,89
2025,CB.N,Chubb Limited,109199762240.76,base,90
2025,NKE.N,"NIKE, Inc.",108967277765.29,base,91
2025,UPS.N,United Parcel Service Inc,105706887149.46,base,92
2025,ADI.OQ,"Analog Devices, Inc.",104892340092.9,base,93
2025,SBUX.OQ,Starbucks Corp,104686686000.0,base,94
2025,VRTX.OQ,Vertex Pharmaceuticals Incorporated,104239744000.0,base,95
2025,MRSH.N,Marsh & McLennan Companies Inc,103767940000.0,base,96
2025,MDT.N,Medtronic PLC,102864957329.819,base,97
2025,MU.OQ,"Micron Technology, Inc.",97300634821.56,base,98
2025,PLD.N,"Prologis, Inc.",96563005500.0,base,99
2025,APO.N,"Apollo Global Management, Inc.",93846317392.16,base,100
2025,GEV.N,GE Vernova Inc,93506873627.16,base,101
2025,LRCX.OQ,Lam Research Corporation,93207461400.0,base,102
2025,EQIX.OQ,"Equinix, Inc.",91107040811.01,base,103
2025,SO.N,Southern Co,89922800652.5999,base,104
2025,MO.N,Altria Group Inc,88776129536.17,base,105
2025,INTC.OQ,Intel Corp,87552600000.0,base,106
2025,ICE.N,Intercontinental Exchange Inc,85747518061.98,base,107
2025,MCO.N,Moody's Corporation,85693110475.64,base,108
2025,PYPL.OQ,"PayPal Holdings, Inc.",85576740000.0,base,109
2025,CRWD.OQ,"CrowdStrike Holdings, Inc.",85553805844.0799,base,110
2025,KLAC.OQ,KLA Corporation,85154149870.36,base,111
2025,ELV.N,Elevance Health Inc,84844323411.45,base,112
2025,AMT.N,American Tower Corporation,84593399900.97,base,113
2025,TT.N,Trane Technologies PLC,84122920943.92,base,114
2025,SHW.N,Sherwin-Williams Co,83907442429.56,base,115
2025,CME.OQ,CME Group Inc.,83862761141.36,base,116
2025,DUK.N,Duke Energy Corp,83668320000.0,base,117
2025,APH.N,Amphenol Corp,83199346850.09,base,118
2025,ABNB.OQ,"Airbnb, Inc.",82144975227.2,base,119
2025,CDNS.OQ,"Cadence Design Systems, Inc.",81637124580.0,base,120
2025,DELL.N,Dell Technologies Inc,81624504866.03,base,121
2025,CMG.N,"Chipotle Mexican Grill, Inc.",81375597390.0,base,122
2025,PH.N,Parker-Hannifin Corp,81060043965.36,base,123
2025,WM.N,Waste Management Inc,80489845592.14,base,124
2025,MDLZ.OQ,Mondelez International Inc,79563058113.0,base,125
2025,WELL.N,Welltower Inc.,79233244080.0,base,126
2025,REGN.OQ,"Regeneron Pharmaceuticals, Inc.",78591893675.89,base,127
2025,AON.N,Aon PLC,76770203364.44,base,128
2025,MSI.N,Motorola Solutions Inc,76746792219.54,base,129
2025,MAR.OQ,"Marriott International, Inc.",76267852412.4,base,130
2025,CEG.OQ,Constellation Energy Corp,75877176917.4,base,131
2025,PNC.N,"The PNC Financial Services Group, Inc.",75778384918.0699,base,132
2025,HCA.N,"HCA Healthcare, Inc.",75419211525.0,base,133
2025,CI.N,The Cigna Group,75152342610.0,base,134
2025,USB.N,U.S. Bancorp,74661600000.0,base,135
2025,SNPS.OQ,"Synopsys, Inc.",74622746254.75,base,136
2025,CL.N,Colgate-Palmolive Company,73980342156.3499,base,137
2025,ITW.N,Illinois Tool Works Inc,73513516563.52,base,138
2025,CTAS.OQ,Cintas Corporation,73481314577.88,base,139
2025,ZTS.N,Zoetis Inc,73363942438.71,base,140
2025,FTNT.OQ,"Fortinet, Inc.",72621393135.5,base,141
2025,GD.N,General Dynamics Corp,71769559245.19,base,142
2025,MCK.N,McKesson Corp,71342460000.0,base,143
2025,TDG.N,TransDigm Group Incorporated,70202128133.28,base,144
2025,EOG.N,"EOG Resources, Inc.",70143190755.81,base,145
2025,MMM.N,3M Company,69969298299.0999,base,146
2025,AJG.N,Arthur J. Gallagher & Co.,68972224110.0,base,147
2025,EMR.N,Emerson Electric Co,68897302000.0,base,148
2025,ORLY.OQ,"O'Reilly Automotive, Inc.",68272164758.64,base,149
2025,COF.N,Capital One Financial Corp,68124252000.0,base,150
2025,WMB.N,"The Williams Companies, Inc.",68117720000.0,base,151
2025,NOC.N,Northrop Grumman Corp,67838997688.26,base,152
2025,WDAY.OQ,"Workday, Inc.",66989440000.0,base,153
2025,FDX.N,FedEx Corp,66060503390.84,base,154
2025,ECL.N,Ecolab Inc.,65390558399.81,base,155
2025,BDX.N,Becton Dickinson and Co,65033301502.29,base,156
2025,ADSK.OQ,"Autodesk, Inc.",63063800000.0,base,157
2025,APD.N,"Air Products and Chemicals, Inc.",63025131421.14,base,158
2025,TGT.N,Target Corp,62862094539.51,base,159
2025,KMI.N,"Kinder Morgan, Inc.",62450304475.95,base,160
2025,RSG.N,Republic Services Inc,62428080000.0,base,161
2025,CSX.OQ,CSX Corporation,62017959960.4799,base,162
2025,RCL.N,Royal Caribbean Cruises Ltd.,61583433341.1,base,163
2025,CARR.N,Carrier Global Corporation,60016813469.4099,base,164
2025,HLT.N,Hilton Worldwide Holdings Inc,59755306046.72,base,165
2025,DLR.N,"Digital Realty Trust, Inc.",59584749000.0,base,166
2025,OKE.N,"ONEOK, Inc.",59327156425.07,base,167
2025,TFC.N,Truist Financial Corporation,57019506880.0,base,168
2025,SPG.N,Simon Property Group Inc,56619045287.14,base,169
2025,GM.N,General Motors Co,56486238300.7999,base,170
2025,MET.N,"MetLife, Inc.",56362776000.0,base,171
2025,AFL.N,Aflac Incorporated,56294315040.0,base,172
2025,CVS.N,CVS Health Corporation,55646786061.9,base,173
2025,BNY.N,Bank of New York Mellon Corp,55555608800.0,base,174
2025,SRE.N,Sempra,55188077872.32,base,175
2025,ROP.OQ,"Roper Technologies, Inc.",55093265492.2899,base,176
2025,TRV.N,"The Travelers Companies, Inc.",54585674000.0,base,177
2025,AZO.N,"AutoZone, Inc.",54542020000.0,base,178
2025,FCX.N,Freeport-McMoRan Inc,54430821654.8,base,179
2025,CPRT.OQ,Copart Inc,54265919600.64,base,180
2025,PCAR.OQ,Paccar Inc,54233448000.0,base,181
2025,SLB.N,SLB N.V.,53792656128.0,base,182
2025,NSC.N,Norfolk Southern Corp,53094881732.4,base,183
2025,NXPI.OQ,NXP Semiconductors NV,52409422151.8,base,184
2025,JCI.N,Johnson Controls International PLC,52153909010.95,base,185
2025,PSA.N,Public Storage,52022621195.9399,base,186
2025,AMP.N,Ameriprise Financial Inc,50982152000.0,base,187
2025,MNST.OQ,Monster Beverage Corporation,50901762490.0,base,188
2025,ALL.N,Allstate Corp,50866750000.0,base,189
2025,VST.N,Vistra Corp.,50847629585.6199,base,190
2025,GWW.N,WW Grainger Inc,50731448882.15,base,191
2025,ROST.OQ,Ross Stores Inc,50347195462.2,base,192
2025,PAYX.OQ,"Paychex, Inc.",49868735749.0,base,193
2025,CHTR.OQ,"Charter Communications, Inc.",49588984272.45,base,194
2025,AEP.OQ,American Electric Power Company Inc,48995535317.1,base,195
2025,FICO.N,Fair Isaac Corporation,48596867735.68,base,196
2025,FANG.OQ,"Diamondback Energy, Inc.",48530373728.94,base,197
2025,CMI.N,Cummins Inc,47767110000.0,base,198
2025,PSX.N,Phillips 66,47250097461.07,base,199
2025,O.N,Realty Income Corporation,46893478600.0,base,200
2025,MSCI.N,MSCI Inc,46797850786.22,base,201
2025,OXY.N,Occidental Petroleum Corp,46738866922.02,base,202
2025,PWR.N,Quanta Services Inc,46571458222.5,base,203
2025,D.N,"Dominion Energy, Inc.",45696523654.4,base,204
2025,AXON.OQ,"Axon Enterprise, Inc.",45485211336.24,base,205
2025,LULU.OQ,lululemon athletica inc.,45341224192.75,base,206
2025,URI.N,"United Rentals, Inc.",45268285705.57,base,207
2025,HWM.N,Howmet Aerospace Inc.,44869950000.0,base,208
2025,KR.N,Kroger Co,44820163692.2,base,209
2025,MPC.N,Marathon Petroleum Corporation,44710840000.0,base,210
2025,NDAQ.OQ,Nasdaq Inc,44503481277.72,base,211
2025,AIG.N,"American International Group, Inc.",44233178000.0,base,212
2025,DFS.N^E25,Discover Fincl,44191060000.0,dead-redo,213
2025,PCG.N,PG&E Corp,43893406455.36,base,214
2025,DHI.N,"D.R. Horton, Inc.",43721648807.9999,base,215
2025,NEM.N,Newmont Corporation,43682344879.2299,base,216
2025,COR.N,"Cencora, Inc.",43437778663.6,base,217
2025,KMB.OQ,Kimberly-Clark Corporation,43343034000.0,base,218
2025,FIS.N,Fidelity National Information Services Inc,43116800211.86,base,219
2025,KDP.OQ,Keurig Dr Pepper Inc,43087667981.84,base,220
2025,EW.N,Edwards Lifesciences Corporation,42813582000.0,base,221
2025,PEG.N,Public Service Enterprise Group Incorporated,42398983327.1,base,222
2025,HES.N^G25,Hess,42024246889.99,dead-redo,223
2025,TEL.N,TE Connectivity PLC,42018388217.7599,base,224
2025,PRU.N,Prudential Financial Inc,41938542000.0,base,225
2025,AME.N,AMETEK Inc,41249098574.4,base,226
2025,BKR.OQ,Baker Hughes Company,41144400000.0,base,227
2025,KVUE.N,Kenvue Inc.,40799238280.64,base,228
2025,FAST.OQ,Fastenal Company,40768817341.72,base,229
2025,STZ.N,"Constellation Brands, Inc.",40225149993.24,base,230
2025,TRGP.N,Targa Resources Corp.,39918686553.18,base,231
2025,CBRE.N,"CBRE Group, Inc.",39751736121.6,base,232
2025,GRMN.N,Garmin Ltd.,39369329400.0,base,233
2025,LHX.N,"L3Harris Technologies, Inc.",39329631959.04,base,234
2025,VLO.N,Valero Energy Corp,38987470828.2,base,235
2025,CCI.N,Crown Castle Inc,38828100000.0,base,236
2025,CTVA.N,"Corteva, Inc.",38626422300.0,base,237
2025,XEL.OQ,Xcel Energy Inc,38393803070.7,base,238
2025,VRSK.OQ,"Verisk Analytics, Inc.",38387957609.43,base,239
2025,EA.OQ^H26,Electronic Arts,38367890984.09,dead-redo,240
2025,F.N,Ford Motor Co,38351884922.45,base,241
2025,DAL.N,"Delta Air Lines, Inc.",38116761724.47,base,242
2025,A.N,Agilent Technologies Inc,38053303457.73,base,243
2025,GLW.N,Corning Incorporated,37975230000.0,base,244
2025,EXC.OQ,Exelon Corp,37842035447.2999,base,245
2025,CTSH.OQ,Cognizant Technology Solutions Corporation,37822950000.0,base,246
2025,ODFL.OQ,"Old Dominion Freight Line, Inc.",37517922001.28,base,247
2025,IT.N,"Gartner, Inc.",37278997524.0,base,248
2025,YUM.N,"Yum! Brands, Inc.",37263240000.0,base,249
2025,KHC.OQ,The Kraft Heinz Company,37206311488.38,base,250
2025,SYY.N,Sysco Corporation,37057649081.34,base,251
2025,OTIS.N,Otis Worldwide Corporation,36846238733.7599,base,252
2025,IR.N,Ingersoll Rand Inc,36468704751.08,base,253
2025,LVS.N,Las Vegas Sands Corp.,36178806282.2,base,254
2025,GEHC.OQ,GE HealthCare Technologies Inc.,35816204852.84,base,255
2025,LEN.N,Lennar Corp,35553482179.63,base,256
2025,GIS.N,General Mills Inc,35025233625.0,base,257
2025,ACGL.OQ,Arch Capital Group Ltd.,34395432000.0,base,258
2025,IQV.N,IQVIA Holdings Inc.,34360632000.0,base,259
2025,HSY.N,The Hershey Company,34258124770.0,base,260
2025,VMC.N,Vulcan Materials Co,33750895962.6299,base,261
2025,RMD.N,ResMed Inc.,33543148800.0,base,262
2025,IDXX.OQ,IDEXX Laboratories Inc,33478544876.4,base,263
2025,WAB.N,Westinghouse Air Brake Technologies Corp,32481982247.28,base,264
2025,ETR.N,Entergy Corp,32390363366.4,base,265
2025,TTWO.OQ,"Take-Two Interactive Software, Inc.",32293548000.0,base,266
2025,ROK.N,Rockwell Automation Inc,31761060363.7199,base,267
2025,RJF.N,"Raymond James Financial, Inc.",31743941565.0,base,268
2025,DD.N,"DuPont de Nemours, Inc.",31529313292.49,base,269
2025,UAL.OQ,"United Airlines Holdings, Inc.",31384627137.0,base,270
2025,HIG.N,"The Hartford Insurance Group, Inc.",31359904000.0,base,271
2025,EXR.N,Extra Space Storage Inc.,31330816422.8999,base,272
2025,MTB.N,M&T Bank Corporation,31312640937.76,base,273
2025,MLM.N,"Martin Marietta Materials, Inc.",31204435181.92,base,274
2025,AVB.N^H26,Avalonbay US,31174134356.6099,dead-redo,275
2025,EFX.N,Equifax Inc.,31140120000.0,base,276
2025,DECK.N,Deckers Outdoor Corporation,31074123425.52,base,277
2025,WTW.OQ,Willis Towers Watson Public Limited Company,30866933580.6,base,278
2025,ED.N,"Consolidated Edison, Inc.",30857592607.79,base,279
2025,EIX.N,Edison International,30786625367.19,base,280
2025,IRM.N,Iron Mountain Inc,30737039258.5399,base,281
2025,DXCM.OQ,Dexcom Inc,30669950000.0,base,282
2025,VICI.N,VICI Properties Inc,30624070198.1499,base,283
2025,MCHP.OQ,Microchip Technology Inc,30587992885.44,base,284
2025,HUM.N,Humana Inc.,30480104029.75,base,285
2025,HPQ.N,HP Inc,30450292487.92,base,286
2025,LYV.N,"Live Nation Entertainment, Inc.",30286825474.05,base,287
2025,CNC.N,Centene Corp,30007332570.0,base,288
2025,WEC.N,"WEC Energy Group, Inc.",29858823561.4499,base,289
2025,EBAY.OQ,eBay Inc.,29827330000.0,base,290
2025,ANSS.OQ^G25,Ansys Inc,29620309863.2,dead-redo,291
2025,CSGP.OQ,"CoStar Group, Inc.",29037432589.11,base,292
2025,CCL.N,Carnival Corporation Ltd,28865662298.26,base,293
2025,BRO.N,Brown & Brown Inc,28754440000.0,base,294
2025,CAH.N,"Cardinal Health, Inc.",28562079564.0599,base,295
2025,MPWR.OQ,Monolithic Power Systems Inc,28417383060.0,base,296
2025,STT.N,State Street Corporation,28284673973.4,base,297
2025,EQT.N,EQT Corporation,28252987400.0,base,298
2025,FITB.N,Fifth Third Bancorp,28247743180.0,base,299
2025,HPE.N,Hewlett Packard Enterprise Company,28194662777.91,base,300
2025,XYL.N,Xylem Inc,28175850000.0,base,301
2025,GDDY.N,GoDaddy Inc.,28087683280.0,base,302
2025,K.N^L25,Kellanova,28017449999.9999,dead-redo,303
2025,TSCO.OQ,Tractor Supply Company,27981134361.9,base,304
2025,SW.N,Smurfit WestRock PLC,27895812389.6,base,305
2025,KEYS.N,"Keysight Technologies, Inc.",27853107361.76,base,306
2025,GPN.N,Global Payments Inc,27830525798.1,base,307
2025,DOW.N,Dow Inc.,27688626339.4999,base,308
2025,TPL.N,Texas Pacific Land Corporation,27112236513.12,base,309
2025,NUE.N,Nucor Corporation,26881382623.68,base,310
2025,PPG.N,"PPG Industries, Inc.",26777440000.0,base,311
2025,VMRK.N,Vivmark Residential,26589840086.8099,base,312
2025,EL.N,Estee Lauder Companies Inc,26557194363.48,base,313
2025,BR.N,Broadridge Financial Solutions Inc,26539110000.0,base,314
2025,ON.OQ,ON Semiconductor Corp,26275959898.98,base,315
2025,WBD.OQ,"Warner Bros. Discovery, Inc.",26150739934.02,base,316
2025,MTD.N,Mettler-Toledo International Inc.,25761715041.04,base,317
2025,DOV.N,Dover Corp,25468316568.2399,base,318
2025,CHD.N,Church & Dwight Co Inc,25440544034.4,base,319
2025,FTV.N,Fortive Corporation,25388692000.0,base,320
2025,SYF.N,Synchrony Financial,25336575000.0,base,321
2025,VTR.N,"Ventas, Inc.",25333446600.0,base,322
2025,TROW.OQ,"T. Rowe Price Group, Inc.",25294890000.0,base,323
2025,DTE.N,DTE Energy Company,25073667947.02,base,324
2025,VLTO.N,Veralto Corp,24876689087.25,base,325
2025,TYL.N,"Tyler Technologies, Inc.",24595062841.9499,base,326
2025,HAL.N,Halliburton Company,24360860044.05,base,327
2025,AWK.N,"American Water Works Company, Inc.",24142851272.1,base,328
2025,NVR.N,"NVR, Inc.",24062704279.16,base,329
2025,ADM.N,Archer-Daniels-Midland Co,24031953374.3999,base,330
2025,AEE.N,Ameren Corporation,24018401000.0,base,331
2025,EXPE.OQ,"Expedia Group, Inc.",23869392020.0,base,332
2025,WST.N,"West Pharmaceutical Services, Inc.",23782775188.11,base,333
2025,PPL.N,PPL Corp,23747874760.9,base,334
2025,CPAY.N,"Corpay, Inc.",23696854111.26,base,335
2025,HBAN.OQ,Huntington Bancshares Inc,23607045538.1599,base,336
2025,LYB.N,LyondellBasell Industries N.V.,23580720000.0,base,337
2025,NTAP.OQ,NetApp Inc,23567280670.08,base,338
2025,FE.N,FirstEnergy Corp,23000811629.64,base,339
2025,CDW.OQ,CDW Corporation,22658888461.86,base,340
2025,HUBB.N,Hubbell Inc,22541093874.51,base,341
2025,ROL.N,Rollins Inc,22297402936.64,base,342
2025,CINF.OQ,Cincinnati Financial Corporation,22283872000.0,base,343
2025,PHM.N,"PulteGroup, Inc.",22075045962.84,base,344
2025,WRB.N,W. R. Berkley Corporation,22047628660.0,base,345
2025,PTC.OQ,PTC Inc.,22026292264.76,base,346
2025,DVN.N,Devon Energy Corporation,21940460000.0,base,347
2025,WAT.N,Waters Corp,21865869837.2399,base,348
2025,BIIB.OQ,Biogen Inc.,21857901000.0,base,349
2025,DRI.N,Darden Restaurants Inc,21849047056.86,base,350
2025,FOXA.OQ,Fox Corporation,21727657639.45,base,351
2025,FOX.OQ,Fox Corporation,21727657639.45,base,352
2025,SBAC.OQ,SBA Communications Corp,21555224400.0,base,353
2025,WDC.OQ,Western Digital Corp,21530760000.0,base,354
2025,LII.N,Lennox International Inc,21518621473.72,base,355
2025,ATO.N,Atmos Energy Corporation,21490303891.46,base,356
2025,ERIE.OQ,Erie Indemnity Co,21412700946.0,base,357
2025,TDY.N,Teledyne Technologies Inc,21343396994.79,base,358
2025,IFF.N,International Flavors & Fragrances Inc.,21244644716.61,base,359
2025,RF.N,Regions Financial Corporation,21143340000.0,base,360
2025,ES.N,Eversource Energy,21009495668.58,base,361
2025,ZBH.N,"Zimmer Biomet Holdings, Inc.",20795239955.52,base,362
2025,TSN.N,Tyson Foods Inc,20712702789.95,base,363
2025,TER.OQ,"Teradyne, Inc.",20611746630.72,base,364
2025,CBOE.Z,"Cboe Global Markets, Inc.",20564481105.72,base,365
2025,CNP.N,"CenterPoint Energy, Inc.",20522699769.26,base,366
2025,MKC.N,"McCormick & Company, Incorporated",20347076691.26,base,367
2025,WY.N,Weyerhaeuser Company,20337030180.0,base,368
2025,PKG.N,Packaging Corp of America,20227665136.08,base,369
2025,NTRS.OQ,Northern Trust Corporation,20182950300.0,base,370
2025,CLX.N,The Clorox Company,20031530691.94,base,371
2025,LUV.N,Southwest Airlines Co,20013230998.03,base,372
2025,STE.N,STERIS plc,19984285424.42,base,373
2025,FSLR.OQ,"First Solar, Inc.",19963530598.07,base,374
2025,ULTA.OQ,Ulta Beauty Inc,19901238408.08,base,375
2025,CMS.N,CMS Energy Corporation,19878157068.45,base,376
2025,ZBRA.OQ,Zebra Technologies Corp,19765965201.84,base,377
2025,VRSN.OQ,"VeriSign, Inc.",19484500000.0,base,378
2025,CTRA.N^E26,Coterra Energy,19324314202.2399,dead-redo,379
2025,INVH.N,Invitation Homes Inc.,19254190173.54,base,380
2025,CFG.N,Citizens Financial Group Inc,19207691411.6,base,381
2025,LDOS.N,"Leidos Holdings, Inc.",19120964519.7,base,382
2025,LH.N,Labcorp Holdings Inc.,19031046000.0,base,383
2025,KEY.N,KeyCorp,18793226280.0,base,384
2025,IP.N,International Paper Co,18468224483.76,base,385
2025,BBY.N,"Best Buy Co., Inc.",18422767110.51,base,386
2025,NRG.N,NRG Energy Inc,18420521278.25,base,387
2025,STX.OQ,Seagate Technology Holdings PLC,18314680000.0,base,388
2025,FDS.N,FactSet Research Systems Inc.,18121697219.46,base,389
2025,COO.OQ,"The Cooper Companies, Inc.",18094160873.16,base,390
2025,L.N,Loews Corporation,18069152000.0,base,391
2025,PODD.OQ,Insulet Corporation,18016685458.75,base,392
2025,ESS.N,"Essex Property Trust, Inc.",17963911840.0,base,393
2025,MAA.N,Mid-America Apartment Communities Inc,17821215199.87,base,394
2025,PFG.OQ,Principal Financial Group Inc,17701094537.57,base,395
2025,SMCI.OQ,Super Micro Computer Inc,17596236363.5,base,396
2025,SNA.N,Snap-On Inc,17589859558.88,base,397
2025,BFb.N,Brown-Forman Corporation,17510971659.87,base,398
2025,HRL.N,Hormel Foods Corp,17304887301.44,base,399
2025,JBHT.OQ,"J.B. Hunt Transport Services, Inc.",17215016000.0,base,400
2025,STLD.OQ,Steel Dynamics Inc,17040782290.35,base,401
2025,TRMB.OQ,Trimble Inc,17023712562.8099,base,402
2025,OMC.N,Omnicom Group Inc,16977775051.8,base,403
2025,NI.N,NiSource Inc.,16972082367.48,base,404
2025,GEN.OQ,Gen Digital Inc.,16935802813.2,base,405
2025,ARE.N,"Alexandria Real Estate Equities, Inc",16789792500.0,base,406
2025,DGX.N,Quest Diagnostics Inc,16756560000.0,base,407
2025,DG.N,Dollar General Corp,16632978422.0999,base,408
2025,HOLX.OQ^D26,Hologic,16609827672.23,dead-redo,409
2025,PNR.N,Pentair PLC,16547645173.2,base,410
2025,DLTR.OQ,Dollar Tree Inc,16444004647.86,base,411
2025,J.N,Jacobs Solutions Inc,16342431241.44,base,412
2025,BALL.N,Ball Corp,16246309371.2799,base,413
2025,NWSA.OQ,News Corporation,16168112627.32,base,414
2025,NWS.OQ,News Corporation,16168112627.32,base,415
2025,MRNA.OQ,Moderna Inc,16162348062.0,base,416
2025,BLDR.N,Builders FirstSource Inc,16125804439.9999,base,417
2025,GPC.N,Genuine Parts Co,16106767803.84,base,418
2025,MOH.N,Molina Health,16085440000.0,base,419
2025,EG.N,"Everest Group, Ltd.",15623190000.0,base,420
2025,KIM.N,Kimco Realty Corp,15607966200.34,base,421
2025,IEX.N,IDEX Corporation,15603544846.48,base,422
2025,JBL.N,Jabil Inc.,15593968725.75,base,423
2025,ALGN.OQ,"Align Technology, Inc.",15564416479.4,base,424
2025,MAS.N,Masco Corporation,15451935716.66,base,425
2025,TPR.N,"Tapestry, Inc.",15294136272.4999,base,426
2025,EXPD.N,Expeditors International of Washington Inc,15183090060.0,base,427
2025,DPZ.OQ,"Domino's Pizza, Inc.",15018993191.54,base,428
2025,LNT.OQ,Alliant Energy Corp,15018944889.22,base,429
2025,CF.N,CF Industries Holdings Inc,14936130506.07,base,430
2025,BAX.N,Baxter International Inc.,14927796751.56,base,431
2025,VTRS.OQ,Viatris Inc.,14824423842.84,base,432
2025,AVY.N,Avery Dennison Corp,14728300967.03,base,433
2025,FFIV.OQ,F5 Inc,14634731000.0,base,434
2025,RL.N,Ralph Lauren Corporation,14379492536.64,base,435
2025,AKAM.OQ,Akamai Technologies Inc,14313000000.0,base,436
2025,EVRG.OQ,"Evergy, Inc.",14175731180.44,base,437
2025,APTV.N,APTIV PLC,14172655061.6999,base,438
2025,SWKS.OQ,"Skyworks Solutions, Inc.",14144981404.05,base,439
2025,DOC.N,"Healthpeak Properties, Inc",14101620402.24,base,440
2025,UDR.N,"UDR, Inc.",14071421319.07,base,441
2025,TXT.N,Textron Inc,14059923027.15,base,442
2025,RVTY.N,"Revvity, Inc.",13630640240.0,base,443
2025,AMCR.N,Amcor PLC,13513959032.1999,base,444
2025,INCY.OQ,Incyte Corp,13394971812.97,base,445
2025,CAG.N,Conagra Brands,13207457183.54,base,446
2025,REG.OQ,Regency Centers Corp,13096077809.9999,base,447
2025,EPAM.N,EPAM,13032100040.0,base,448
2025,POOL.OQ,Pool,12667543272.49,base,449
2025,JKHY.OQ,Jack Henry & Associates Inc,12619774445.25,base,450
2025,CPB.OQ,Campbell's Co,12529531525.32,base,451
2025,KMX.N,Carmax,12500410196.6,base,452
2025,JNPR.N^G25,Juniper Networks,12491753990.1,dead-redo,453
2025,SWK.N,Stanley Black & Decker Inc,12314610255.1199,base,454
2025,CPT.N,Camden Property Trust,12234213892.28,base,455
2025,CHRW.OQ,"C.H. Robinson Worldwide, Inc.",12149130353.22,base,456
2025,DVA.N,DaVita Inc,12065903520.0,base,457
2025,HST.OQ,"Host Hotels & Resorts, Inc.",12024520000.0,base,458
2025,UHS.N,Universal Health Services Inc,11852047976.16,base,459
2025,SJM.N,The J. M. Smucker Company,11851546356.16,base,460
2025,NDSN.OQ,Nordson Corporation,11686574849.22,base,461
2025,BXP.N,"BXP, Inc.",11657497131.5,base,462
2025,DAY.N^B26,Dayforce,11530680000.0,dead-redo,463
2025,NCLH.N,Norwegian Cruise Line Holdings Ltd.,11401204403.52,base,464
2025,SOLV.N,Solventum Corporation,11391755003.58,base,465
2025,TECH.OQ,Bio-Techne Corporation,11357585864.0,base,466
2025,PAYC.N,Paycom Software,11258260000.0,base,467
2025,ALLE.N,Allegion PLC,11178236243.79,base,468
2025,TAP.N,Molson Coors Beverage Company,11056110000.0,base,469
2025,AIZ.N,Assurant Inc,10842664160.16,base,470
2025,BEN.N,"Franklin Templeton, Inc.",10553013833.68,base,471
2025,IPG.N^K25,Interpublic Grp,10478845824.8,dead-redo,472
2025,BG.N,Bunge Global SA,10354057097.1799,base,473
2025,EMN.N,Eastman Chemical,10194705174.64,base,474
2025,ALB.N,Albemarle Corp,10017963092.97,base,475
2025,MGM.N,MGM Resorts International,9908635201.74,base,476
2025,AOS.N,A. O. Smith Corporation,9762544523.78999,base,477
2025,ENPH.OQ,Enphase Energy,9641208617.28,base,478
2025,PNW.N,Pinnacle West Capital Corporation,9586031824.2,base,479
2025,GL.N,Globe Life Inc.,9421993983.35999,base,480
2025,LW.N,Lamb Weston Hldg,9419991629.88,base,481
2025,LKQ.OQ,LKQ,9389784000.0,base,482
2025,GNRC.N,Generac Holdings Inc.,9359073638.0,base,483
2025,CRL.N,"Charles River Laboratories International, Inc.",9340392240.0,base,484
2025,FRT.N,Federal Realty Investment Trust,9333334669.0,base,485
2025,AES.N,The AES Corporation,9279519210.45,base,486
2025,WYNN.OQ,"Wynn Resorts, Limited",9202494653.6,base,487
2025,APA.OQ,APA Corporation,8533700000.0,base,488
2025,HSIC.OQ,"Henry Schein, Inc.",8510885848.2,base,489
2025,MKTX.OQ,MarketAxess,8494793209.2,base,490
2025,TFX.N,Teleflex,8315750572.7,base,491
2025,WBA.OQ^H25,Walgreens Hldg,8209457946.0,dead-redo,492
2025,MTCH.OQ,Match Grp,8188077412.17,base,493
2025,IVZ.N,Invesco Ltd,7907199999.99999,base,494
2025,HAS.OQ,"Hasbro, Inc.",7872065017.74,base,495
2025,MOS.N,Mosaic Co,7726803305.86,base,496
2025,PSKY.OQ,Paramount Skydance Corp,7531190645.86,base,497
2025,CE.N,Celanese US DE,7479142160.82,base,498
2025,HII.N,"HUNTINGTON INGALLS INDUSTRIES, INC.",7341070298.59,base,499
2025,MHK.N,Mohawk Inds,7317016922.88,base,500
2025,CZR.OQ,Caesars Entertai,6924735258.3,base,501
2025,BWA.N,Borgwarner,6849680178.96,base,502
2025,FMC.N,FMC,6084486266.68,base,503
2026,NVDA.OQ,NVIDIA Corporation,4589055000000.0,base,1
2026,AAPL.OQ,Apple Inc.,3983284925260.0,base,2
2026,GOOG.OQ,Alphabet Inc.,3810456130000.0,base,3
2026,GOOGL.OQ,Alphabet Inc.,3810456130000.0,base,4
2026,MSFT.OQ,Microsoft Corporation,3513471260000.0,base,5
2026,AMZN.OQ,Amazon.com Inc,2430571500000.0,base,6
2026,AVGO.OQ,Broadcom Inc,1648161598008.38,base,7
2026,META.OQ,"Meta Platforms, Inc.",1639376354364.77,base,8
2026,TSLA.OQ,Tesla Inc,1456941602487.69,base,9
2026,BRKb.N,Berkshire Hathaway Inc,1071267887262.15,base,10
2026,LLY.N,Eli Lilly and Company,1021354795712.51,base,11
2026,WMT.OQ,Walmart Inc,898716026860.64,base,12
2026,JPM.N,JPMorgan Chase & Co,877559176000.0,base,13
2026,V.N,Visa Inc.,661591553428.56,base,14
2026,ORCL.N,Oracle Corporation,562300272300.0,base,15
2026,XOM.N,Exxonmobil Holdings Corp,512646039705.8,base,16
2026,MA.N,Mastercard Incorporated,503438220000.0,base,17
2026,JNJ.N,Johnson & Johnson,499567339399.7,base,18
2026,ABBV.N,AbbVie Inc.,405278969963.92,base,19
2026,BAC.N,Bank of America Corporation,403537380102.75,base,20
2026,PLTR.OQ,Palantir Technologies Inc.,399914924396.68,base,21
2026,NFLX.OQ,"Netflix, Inc.",384174534028.5,base,22
2026,COST.OQ,Costco Wholesale Corp,379286411699.5,base,23
2026,AMD.OQ,"Advanced Micro Devices, Inc.",363818442943.8,base,24
2026,MU.OQ,"Micron Technology, Inc.",355008131104.62,base,25
2026,HD.N,"The Home Depot, Inc.",344267781742.7,base,26
2026,GE.N,General Electric Company,336391919666.5,base,27
2026,PG.N,The Procter & Gamble Company,329520057126.149,base,28
2026,CVX.N,Chevron Corporation,308682000000.0,base,29
2026,UNH.N,UnitedHealth Group Inc,304724111768.0,base,30
2026,CSCO.OQ,Cisco Systems Inc,300441230570.52,base,31
2026,KO.N,Coca-Cola Co,297327203366.4,base,32
2026,WFC.N,Wells Fargo & Co,294415520000.0,base,33
2026,MS.N,Morgan Stanley,287947700000.0,base,34
2026,CAT.N,Caterpillar Inc,278432592342.12,base,35
2026,GS.N,Goldman Sachs Group Inc,274236634747.74,base,36
2026,IBM.N,International Business Machines Corporation,272475312549.0,base,37
2026,MRK.N,Merck & Co Inc,264211298957.2,base,38
2026,AXP.N,American Express Company,255692780000.0,base,39
2026,RTX.N,RTX Corporation,251343367331.0,base,40
2026,PM.N,Philip Morris International Inc,249529191464.7,base,41
2026,CRM.N,"Salesforce, Inc.",237641940000.0,base,42
2026,LRCX.OQ,Lam Research Corporation,231543370800.0,base,43
2026,TMO.N,Thermo Fisher Scientific Inc,222610782038.09,base,44
2026,TMUS.OQ,T-Mobile US Inc,220921221322.38,base,45
2026,MCD.N,McDonald's Corp,215967928181.0,base,46
2026,ABT.N,Abbott Laboratories,215950507097.93,base,47
2026,AMAT.OQ,Applied Materials Inc,213198682816.42,base,48
2026,C.N,Citigroup Inc,212389910000.0,base,49
2026,APP.OQ,AppLovin Corporation,209185694160.0,base,50
2026,DIS.N,The Walt Disney Company,201665550000.0,base,51
2026,LIN.OQ,Linde PLC,200372455352.3,base,52
2026,ISRG.OQ,Intuitive Surgical Inc,199532670890.5,base,53
2026,INTC.OQ,Intel Corp,196663720000.0,base,54
2026,PEP.OQ,"PepsiCo, Inc.",194476785552.06,base,55
2026,BX.N,Blackstone Inc.,189650771544.0,base,56
2026,QCOM.OQ,QUALCOMM Incorporated,185780520000.0,base,57
2026,GEV.N,GE Vernova Inc,183158747261.199,base,58
2026,SCHW.N,The Charles Schwab Corporation,180483467728.9,base,59
2026,BA.N,Boeing Co,178730724957.9,base,60
2026,AMGN.OQ,Amgen Inc,176427807046.44,base,61
2026,INTU.OQ,Intuit Inc.,175162400508.42,base,62
2026,T.N,AT&T Inc,172841057863.36,base,63
2026,UBER.N,"Uber Technologies, Inc.",172169025369.66,base,64
2026,BKNG.OQ,Booking Holdings Inc.,171587044008.0,base,65
2026,TJX.N,"The TJX Companies, Inc.",171322863416.6,base,66
2026,APH.N,Amphenol Corp,171012795022.68,base,67
2026,VZ.N,Verizon Communications Inc,170872840000.0,base,68
2026,NEE.N,"NextEra Energy, Inc.",168545601726.12,base,69
2026,BLK.N,"BlackRock, Inc.",168348045319.539,base,70
2026,ANET.N,Arista Networks Inc,168240485352.0,base,71
2026,KLAC.OQ,KLA Corporation,167455593010.86,base,72
2026,DHR.N,Danaher Corporation,162869760000.0,base,73
2026,TXN.OQ,Texas Instruments Inc,161010640000.0,base,74
2026,ACN.N,Accenture PLC,159948990702.3,base,75
2026,COF.N,Capital One Financial Corp,154981043000.0,base,76
2026,NOW.N,ServiceNow Inc,154261701940.5,base,77
2026,SPGI.N,S&P Global Inc,153182808000.0,base,78
2026,GILD.OQ,"Gilead Sciences, Inc.",150866642156.8,base,79
2026,PFE.N,Pfizer Inc.,143166116159.36,base,80
2026,BSX.N,Boston Scientific Corp,140402085513.69,base,81
2026,ADBE.OQ,Adobe Inc,139519380000.0,base,82
2026,LOW.N,Lowe's Companies Inc,138493305218.729,base,83
2026,UNP.N,Union Pacific Corporation,137559941767.99,base,84
2026,ADI.OQ,"Analog Devices, Inc.",134037912512.78,base,85
2026,SYK.N,Stryker Corporation,133152265760.64,base,86
2026,WELL.N,Welltower Inc.,130205018580.0,base,87
2026,ETN.N,Eaton Corporation PLC,127127204000.0,base,88
2026,DE.N,Deere & Co,126537556994.4,base,89
2026,PANW.OQ,"Palo Alto Networks, Inc.",125020890000.0,base,90
2026,HON.OQ,Honeywell International Inc,124361706303.04,base,91
2026,PGR.N,The Progressive Corporation,124323532000.0,base,92
2026,MDT.N,Medtronic PLC,123137464678.4,base,93
2026,CB.N,Chubb Limited,121264846443.62,base,94
2026,PLD.N,"Prologis, Inc.",119870286350.0,base,95
2026,COP.N,ConocoPhillips,118473745600.0,base,96
2026,LMT.N,Lockheed Martin Corp,115020902457.72,base,97
2026,KKR.N,KKR & Co Inc,114895454549.0,base,98
2026,VRTX.OQ,Vertex Pharmaceuticals Incorporated,114841020000.0,base,99
2026,CEG.OQ,Constellation Energy Corp,114376241800.0,base,100
2026,CRWD.OQ,"CrowdStrike Holdings, Inc.",114346810415.2,base,101
2026,IBKR.OQ,Interactive Brokers Group Inc,114028879171.59,base,102
2026,PH.N,Parker-Hannifin Corp,112835052595.42,base,103
2026,NEM.N,Newmont Corporation,110457638936.819,base,104
2026,BMY.N,Bristol-Myers Squibb Company,108831356823.42,base,105
2026,CMCSA.OQ,Comcast Corporation,107640643677.7,base,106
2026,HCA.N,"HCA Healthcare, Inc.",107340128621.0,base,107
2026,HOOD.OQ,"Robinhood Markets, Inc.",103842048650.72,base,108
2026,ADP.OQ,Automatic Data Processing Inc,101910640000.0,base,109
2026,CVS.N,CVS Health Corporation,101719625023.049,base,110
2026,MCK.N,McKesson Corp,101283120000.0,base,111
2026,CME.OQ,CME Group Inc.,97245703762.96,base,112
2026,SO.N,Southern Co,95994320212.74,base,113
2026,MO.N,Altria Group Inc,95955181601.07,base,114
2026,SBUX.OQ,Starbucks Corp,95482287000.0,base,115
2026,DASH.OQ,"DoorDash, Inc.",94729164491.01,base,116
2026,NKE.N,"NIKE, Inc.",93678661678.56,base,117
2026,GD.N,General Dynamics Corp,92851843240.5999,base,118
2026,SNPS.OQ,"Synopsys, Inc.",91975928580.0,base,119
2026,DUK.N,Duke Energy Corp,91368320000.0,base,120
2026,ICE.N,Intercontinental Exchange Inc,91222871814.15,base,121
2026,MCO.N,Moody's Corporation,88568950000.0,base,122
2026,MRSH.N,Marsh & McLennan Companies Inc,88497950000.0,base,123
2026,TT.N,Trane Technologies PLC,88252123592.0,base,124
2026,WM.N,Waste Management Inc,87986163938.4,base,125
2026,CVNA.N,Carvana Co,87390184750.0,base,126
2026,MMM.N,3M Company,85809768978.42,base,127
2026,UPS.N,United Parcel Service Inc,85755878000.0,base,128
2026,HWM.N,Howmet Aerospace Inc.,85120601488.02,base,129
2026,APO.N,"Apollo Global Management, Inc.",85095753427.53,base,130
2026,DELL.N,Dell Technologies Inc,84691731519.0,base,131
2026,CRH.N,CRH PLC,84576044996.88,base,132
2026,CDNS.OQ,"Cadence Design Systems, Inc.",84491190400.0,base,133
2026,MAR.OQ,"Marriott International, Inc.",84104136070.95,base,134
2026,USB.N,U.S. Bancorp,83861150000.0,base,135
2026,NOC.N,Northrop Grumman Corp,83162076638.04,base,136
2026,PNC.N,"The PNC Financial Services Group, Inc.",82469400000.0,base,137
2026,AMT.N,American Tower Corporation,81832029700.4,base,138
2026,REGN.OQ,"Regeneron Pharmaceuticals, Inc.",81589764897.84,base,139
2026,SHW.N,Sherwin-Williams Co,81269409301.92,base,140
2026,ABNB.OQ,"Airbnb, Inc.",80650581045.56,base,141
2026,BNY.N,Bank of New York Mellon Corp,80551141440.0,base,142
2026,ELV.N,Elevance Health Inc,78728081792.75,base,143
2026,RCL.N,Royal Caribbean Cruises Ltd.,76600025211.72,base,144
2026,TDG.N,TransDigm Group Incorporated,76511612293.2,base,145
2026,EMR.N,Emerson Electric Co,76330840000.0,base,146
2026,ORLY.OQ,"O'Reilly Automotive, Inc.",76058080560.92,base,147
2026,EQIX.OQ,"Equinix, Inc.",75055468860.0,base,148
2026,JCI.N,Johnson Controls International PLC,74854265747.22,base,149
2026,FCX.N,Freeport-McMoRan Inc,74567879173.8,base,150
2026,MNST.OQ,Monster Beverage Corporation,74493086080.0,base,151
2026,ECL.N,Ecolab Inc.,74389011903.92,base,152
2026,WMB.N,"The Williams Companies, Inc.",74358700000.0,base,153
2026,CTAS.OQ,Cintas Corporation,73931597752.48,base,154
2026,AON.N,Aon PLC,73845915000.0,base,155
2026,CI.N,The Cigna Group,73538071680.0,base,156
2026,GLW.N,Corning Incorporated,73261360000.0,base,157
2026,GM.N,General Motors Co,73205920000.0,base,158
2026,ITW.N,Illinois Tool Works Inc,72379950000.0,base,159
2026,CMI.N,Cummins Inc,72092343000.0,base,160
2026,WBD.OQ,"Warner Bros. Discovery, Inc.",70659149702.47,base,161
2026,MDLZ.OQ,Mondelez International Inc,69227733095.8,base,162
2026,FDX.N,FedEx Corp,68921551054.08,base,163
2026,TEL.N,TE Connectivity PLC,68499061126.08,base,164
2026,HLT.N,Hilton Worldwide Holdings Inc,68098854934.68,base,165
2026,CSX.OQ,CSX Corporation,67539707394.12,base,166
2026,COR.N,"Cencora, Inc.",65917631169.95,base,167
2026,AJG.N,Arthur J. Gallagher & Co.,65785856000.0,base,168
2026,PWR.N,Quanta Services Inc,65563273196.16,base,169
2026,RSG.N,Republic Services Inc,64741600000.0,base,170
2026,NSC.N,Norfolk Southern Corp,64592765586.18,base,171
2026,WDC.OQ,Western Digital Corp,64174495043.7,base,172
2026,MSI.N,Motorola Solutions Inc,63460785337.96,base,173
2026,COIN.OQ,Coinbase Global Inc,63351249080.0,base,174
2026,TFC.N,Truist Financial Corporation,62795257800.0,base,175
2026,STX.OQ,Seagate Technology Holdings PLC,62683720000.0,base,176
2026,AEP.OQ,American Electric Power Company Inc,62637167188.13,base,177
2026,CL.N,Colgate-Palmolive Company,62623185343.9799,base,178
2026,TRV.N,"The Travelers Companies, Inc.",62028825000.0,base,179
2026,KMI.N,"Kinder Morgan, Inc.",61648110406.9,base,180
2026,ADSK.OQ,"Autodesk, Inc.",60786760000.0,base,181
2026,SLB.N,SLB N.V.,60112325697.0,base,182
2026,SPG.N,Simon Property Group Inc,59831435363.9,base,183
2026,ROST.OQ,Ross Stores Inc,59106326142.72,base,184
2026,PCAR.OQ,Paccar Inc,58613624000.0,base,185
2026,SRE.N,Sempra,58552059248.9099,base,186
2026,EOG.N,"EOG Resources, Inc.",58204536482.39,base,187
2026,FTNT.OQ,"Fortinet, Inc.",57915314183.7599,base,188
2026,AFL.N,Aflac Incorporated,57180385600.0,base,189
2026,LHX.N,"L3Harris Technologies, Inc.",56953850854.56,base,190
2026,VST.N,Vistra Corp.,55857593491.0499,base,191
2026,APD.N,"Air Products and Chemicals, Inc.",55768650323.76,base,192
2026,NXPI.OQ,NXP Semiconductors NV,55690526942.88,base,193
2026,BDX.N,Becton Dickinson and Co,55507568246.46,base,194
2026,ZTS.N,Zoetis Inc,55492089506.88,base,195
2026,NDAQ.OQ,Nasdaq Inc,55192418553.78,base,196
2026,AZO.N,"AutoZone, Inc.",54737098376.22,base,197
2026,URI.N,"United Rentals, Inc.",54372193063.32,base,198
2026,ARES.N,Ares Management Corporation,54368306061.62,base,199
2026,WDAY.OQ,"Workday, Inc.",54122770000.0,base,200
2026,O.N,Realty Income Corporation,53526107250.0,base,201
2026,IDXX.OQ,IDEXX Laboratories Inc,53499592586.7,base,202
2026,PYPL.OQ,"PayPal Holdings, Inc.",53488800000.0,base,203
2026,DLR.N,"Digital Realty Trust, Inc.",53261641710.0,base,204
2026,F.N,Ford Motor Co,53153210870.44,base,205
2026,ALL.N,Allstate Corp,52993200000.0,base,206
2026,MET.N,"MetLife, Inc.",52633695999.9999,base,207
2026,PSX.N,Phillips 66,52609412596.95,base,208
2026,EA.OQ^H26,Electronic Arts,51124193828.89,dead-redo,209
2026,AIG.N,"American International Group, Inc.",51076047000.0,base,210
2026,D.N,"Dominion Energy, Inc.",50585822529.48,base,211
2026,VLO.N,Valero Energy Corp,50421126892.09,base,212
2026,CMG.N,"Chipotle Mexican Grill, Inc.",49572202220.0,base,213
2026,EW.N,Edwards Lifesciences Corporation,49516999000.0,base,214
2026,CAH.N,"Cardinal Health, Inc.",48878052040.24,base,215
2026,MPC.N,Marathon Petroleum Corporation,48716299999.9999,base,216
2026,AME.N,AMETEK Inc,48144837999.2199,base,217
2026,GWW.N,WW Grainger Inc,47730499973.9699,base,218
2026,CBRE.N,"CBRE Group, Inc.",47671422189.43,base,219
2026,DDOG.OQ,Datadog Inc,46909226093.73,base,220
2026,OKE.N,"ONEOK, Inc.",46777073947.38,base,221
2026,TTWO.OQ,"Take-Two Interactive Software, Inc.",46571160000.0,base,222
2026,BKR.OQ,Baker Hughes Company,46527180000.0,base,223
2026,FAST.OQ,Fastenal Company,46427444208.1199,base,224
2026,ROP.OQ,"Roper Technologies, Inc.",46321964000.0,base,225
2026,MPWR.OQ,Monolithic Power Systems Inc,45606723790.0,base,226
2026,CTVA.N,"Corteva, Inc.",45545764880.0,base,227
2026,TGT.N,Target Corp,45511573073.18,base,228
2026,PSA.N,Public Storage,45356282800.92,base,229
2026,DAL.N,"Delta Air Lines, Inc.",45093608758.08,base,230
2026,AMP.N,Ameriprise Financial Inc,45081201000.0,base,231
2026,ROK.N,Rockwell Automation Inc,44780244233.4,base,232
2026,CARR.N,Carrier Global Corporation,44750272849.44,base,233
2026,AXON.OQ,"Axon Enterprise, Inc.",44462102067.7,base,234
2026,EXC.OQ,Exelon Corp,44371950678.72,base,235
2026,XEL.OQ,Xcel Energy Inc,44176190247.64,base,236
2026,LVS.N,Las Vegas Sands Corp.,44090729897.27,base,237
2026,FANG.OQ,"Diamondback Energy, Inc.",43355188284.72,base,238
2026,ETR.N,Entergy Corp,42456572798.9,base,239
2026,DHI.N,"D.R. Horton, Inc.",42331378614.68,base,240
2026,YUM.N,"Yum! Brands, Inc.",41783974236.21,base,241
2026,OXY.N,Occidental Petroleum Corp,41753218192.92,base,242
2026,MSCI.N,MSCI Inc,41602400000.0,base,243
2026,SNDK.OQ,SanDisk Corporation,40735520000.0,base,244
2026,PEG.N,Public Service Enterprise Group Incorporated,40426480516.24,base,245
2026,TKO.N,TKO Group Holdings Inc,40370057380.38,base,246
2026,TRGP.N,Targa Resources Corp.,40091779998.28,base,247
2026,KR.N,Kroger Co,39844183113.6,base,248
2026,PRU.N,Prudential Financial Inc,39615373000.0,base,249
2026,EBAY.OQ,eBay Inc.,39351120000.0,base,250
2026,XYZ.N,"Block, Inc.",39225381700.0,base,251
2026,A.N,Agilent Technologies Inc,39108669254.45,base,252
2026,GRMN.N,Garmin Ltd.,38993992800.0,base,253
2026,PAYX.OQ,"Paychex, Inc.",38983865070.0,base,254
2026,CTSH.OQ,Cognizant Technology Solutions Corporation,38933120000.0,base,255
2026,FICO.N,Fair Isaac Corporation,38930152501.47,base,256
2026,NUE.N,Nucor Corporation,38768656834.6,base,257
2026,VMC.N,Vulcan Materials Co,38668109348.25,base,258
2026,CCI.N,Crown Castle Inc,38584500000.0,base,259
2026,EL.N,Estee Lauder Companies Inc,38472059222.4,base,260
2026,MLM.N,"Martin Marietta Materials, Inc.",38261263804.92,base,261
2026,HIG.N,"The Hartford Insurance Group, Inc.",38240019036.12,base,262
2026,IQV.N,IQVIA Holdings Inc.,38222752000.0,base,263
2026,GEHC.OQ,GE HealthCare Technologies Inc.,37744103804.06,base,264
2026,KDP.OQ,Keurig Dr Pepper Inc,37675747035.35,base,265
2026,HSY.N,The Hershey Company,36990034104.02,base,266
2026,WAB.N,Westinghouse Air Brake Technologies Corp,36974620188.08,base,267
2026,VTR.N,"Ventas, Inc.",36726027580.0,base,268
2026,UAL.OQ,"United Airlines Holdings, Inc.",36585630136.89,base,269
2026,CPRT.OQ,Copart Inc,36562027924.68,base,270
2026,ED.N,"Consolidated Edison, Inc.",36089951443.92,base,271
2026,CCL.N,Carnival Corporation Ltd,36083640000.0,base,272
2026,STT.N,State Street Corporation,36020585456.49,base,273
2026,PCG.N,PG&E Corp,35760002614.75,base,274
2026,RMD.N,ResMed Inc.,35734008434.14,base,275
2026,KEYS.N,"Keysight Technologies, Inc.",35492162000.0,base,276
2026,FIX.N,"Comfort Systems USA, Inc.",35400339898.0,base,277
2026,FISV.OQ,Fiserv Inc,35277705268.33,base,278
2026,MCHP.OQ,Microchip Technology Inc,35145257615.02,base,279
2026,SYY.N,Sysco Corporation,34779686002.0,base,280
2026,EXPE.OQ,"Expedia Group, Inc.",34659584120.0,base,281
2026,WEC.N,"WEC Energy Group, Inc.",34651887927.93,base,282
2026,OTIS.N,Otis Worldwide Corporation,34427498277.34,base,283
2026,LYV.N,"Live Nation Entertainment, Inc.",34209090318.26,base,284
2026,FIS.N,Fidelity National Information Services Inc,33981367133.68,base,285
2026,ACGL.OQ,Arch Capital Group Ltd.,33695740000.0,base,286
2026,KMB.OQ,Kimberly-Clark Corporation,33654660000.0,base,287
2026,XYL.N,Xylem Inc,33399996000.0,base,288
2026,EQT.N,EQT Corporation,33363102960.0,base,289
2026,ODFL.OQ,"Old Dominion Freight Line, Inc.",33286380504.41,base,290
2026,KVUE.N,Kenvue Inc.,33185321795.32,base,291
2026,TER.OQ,"Teradyne, Inc.",32505619370.68,base,292
2026,RJF.N,"Raymond James Financial, Inc.",32263529824.0,base,293
2026,HPE.N,Hewlett Packard Enterprise Company,32209933211.7,base,294
2026,HUM.N,Humana Inc.,31893990197.76,base,295
2026,NRG.N,NRG Energy Inc,31632977019.12,base,296
2026,FITB.N,Fifth Third Bancorp,31545756580.0,base,297
2026,IR.N,Ingersoll Rand Inc,31195865914.64,base,298
2026,WTW.OQ,Willis Towers Watson Public Limited Company,31021697765.4499,base,299
2026,MTB.N,M&T Bank Corporation,30981433600.0,base,300
2026,FOXA.OQ,Fox Corporation,30907683105.96,base,301
2026,FOX.OQ,Fox Corporation,30907683105.96,base,302
2026,VRSK.OQ,"Verisk Analytics, Inc.",30588661643.18,base,303
2026,DG.N,Dollar General Corp,30116663930.2199,base,304
2026,VICI.N,VICI Properties Inc,30087040093.6499,base,305
2026,FSLR.OQ,"First Solar, Inc.",29439368885.96,base,306
2026,SYF.N,Synchrony Financial,29407410000.0,base,307
2026,KHC.OQ,The Kraft Heinz Company,28869359571.81,base,308
2026,MTD.N,Mettler-Toledo International Inc.,28832502988.55,base,309
2026,EME.N,EMCOR Group Inc,28589719043.6,base,310
2026,ROL.N,Rollins Inc,28392694191.54,base,311
2026,ADM.N,Archer-Daniels-Midland Co,28377642851.75,base,312
2026,AEE.N,Ameren Corporation,27877704000.0,base,313
2026,CSGP.OQ,"CoStar Group, Inc.",27840919140.79,base,314
2026,EXR.N,Extra Space Storage Inc.,27655012522.34,base,315
2026,ULTA.OQ,Ulta Beauty Inc,27506321126.8799,base,316
2026,HBAN.OQ,Huntington Bancshares Inc,27403964204.88,base,317
2026,ATO.N,Atmos Energy Corporation,27384383384.96,base,318
2026,DTE.N,DTE Energy Company,27073557444.32,base,319
2026,TSCO.OQ,Tractor Supply Company,26858754733.85,base,320
2026,DOV.N,Dover Corp,26847743402.25,base,321
2026,CHTR.OQ,"Charter Communications, Inc.",26501450784.0,base,322
2026,TPR.N,"Tapestry, Inc.",26414143490.64,base,323
2026,EXE.OQ,Expand Energy Corporation,26262458668.98,base,324
2026,WRB.N,W. R. Berkley Corporation,26159540160.0,base,325
2026,FE.N,FirstEnergy Corp,26145143019.3,base,326
2026,AWK.N,"American Water Works Company, Inc.",26142865754.3999,base,327
2026,BIIB.OQ,Biogen Inc.,26086598007.0399,base,328
2026,BRO.N,Brown & Brown Inc,26080320000.0,base,329
2026,PPL.N,PPL Corp,25972242504.47,base,330
2026,CBOE.Z,"Cboe Global Markets, Inc.",25964150523.29,base,331
2026,NTRS.OQ,Northern Trust Corporation,25953156640.0,base,332
2026,EFX.N,Equifax Inc.,25769212000.0,base,333
2026,BR.N,Broadridge Financial Solutions Inc,25728849000.0,base,334
2026,STLD.OQ,Steel Dynamics Inc,25710897275.54,base,335
2026,DXCM.OQ,Dexcom Inc,25604592000.0,base,336
2026,OMC.N,Omnicom Group Inc,25583569956.48,base,337
2026,AVB.N^H26,Avalonbay US,25555055673.6,dead-redo,338
2026,ES.N,Eversource Energy,25535373208.7,base,339
2026,CFG.N,Citizens Financial Group Inc,25492692713.86,base,340
2026,LEN.N,Lennar Corp,25471556783.9099,base,341
2026,DLTR.OQ,Dollar Tree Inc,25393551979.9,base,342
2026,JBL.N,Jabil Inc.,25384046234.1299,base,343
2026,CNP.N,"CenterPoint Energy, Inc.",25285588213.2899,base,344
2026,CINF.OQ,Cincinnati Financial Corporation,25195429664.37,base,345
2026,HAL.N,Halliburton Company,24912147656.0,base,346
2026,LULU.OQ,lululemon athletica inc.,24729278281.62,base,347
2026,HUBB.N,Hubbell Inc,24607614518.5599,base,348
2026,IRM.N,Iron Mountain Inc,24604869230.84,base,349
2026,STE.N,STERIS plc,24540678130.36,base,350
2026,STZ.N,"Constellation Brands, Inc.",24480405741.7399,base,351
2026,VLTO.N,Veralto Corp,24457288482.5,base,352
2026,GIS.N,General Mills Inc,24395372743.32,base,353
2026,TDY.N,Teledyne Technologies Inc,23959692299.0599,base,354
2026,RF.N,Regions Financial Corporation,23922080000.0,base,355
2026,DVN.N,Devon Energy Corporation,23755851000.0,base,356
2026,EIX.N,Edison International,23445075322.0799,base,357
2026,VMRK.N,Vivmark Residential,23435316911.19,base,358
2026,PPG.N,"PPG Industries, Inc.",23416140000.0,base,359
2026,PHM.N,"PulteGroup, Inc.",23208752544.39,base,360
2026,LDOS.N,"Leidos Holdings, Inc.",23187059139.79,base,361
2026,KEY.N,KeyCorp,23128372980.0,base,362
2026,TROW.OQ,"T. Rowe Price Group, Inc.",22872118000.0,base,363
2026,ON.OQ,ON Semiconductor Corp,22814855960.4,base,364
2026,WAT.N,Waters Corp,22739889290.3999,base,365
2026,WSM.N,Williams-Sonoma Inc,22425666561.35,base,366
2026,VRSN.OQ,"VeriSign, Inc.",22104707000.0,base,367
2026,RL.N,Ralph Lauren Corporation,21984057744.7399,base,368
2026,L.N,Loews Corporation,21559960000.0,base,369
2026,DRI.N,Darden Restaurants Inc,21555218805.29,base,370
2026,CMS.N,CMS Energy Corporation,21430197851.3,base,371
2026,LUV.N,Southwest Airlines Co,21358504804.0,base,372
2026,IP.N,International Paper Co,21253542259.25,base,373
2026,NTAP.OQ,NetApp Inc,21087485251.56,base,374
2026,CPAY.N,"Corpay, Inc.",21028692053.0399,base,375
2026,LH.N,Labcorp Holdings Inc.,20686452000.0,base,376
2026,SW.N,Smurfit WestRock PLC,20683495245.6,base,377
2026,CNC.N,Centene Corp,20545607460.0,base,378
2026,TPL.N,Texas Pacific Land Corporation,20541524393.1,base,379
2026,TSN.N,Tyson Foods Inc,20434663186.64,base,380
2026,NVR.N,"NVR, Inc.",20376374052.69,base,381
2026,SBAC.OQ,SBA Communications Corp,20338591680.0,base,382
2026,EXPD.N,Expeditors International of Washington Inc,20331624240.0,base,383
2026,HPQ.N,HP Inc,20305817648.76,base,384
2026,CTRA.N^E26,Coterra Energy,20252642883.2,dead-redo,385
2026,PTC.OQ,PTC Inc.,20228242841.1,base,386
2026,NI.N,NiSource Inc.,20118563502.64,base,387
2026,INCY.OQ,Incyte Corp,19911048538.26,base,388
2026,PODD.OQ,Insulet Corporation,19902544382.16,base,389
2026,WST.N,"West Pharmaceutical Services, Inc.",19900800000.0,base,390
2026,CHD.N,Church & Dwight Co Inc,19844349067.44,base,391
2026,PFG.OQ,Principal Financial Group Inc,19439908000.0,base,392
2026,AMCR.N,Amcor PLC,19413307103.81,base,393
2026,CHRW.OQ,"C.H. Robinson Worldwide, Inc.",19341418782.16,base,394
2026,DGX.N,Quest Diagnostics Inc,19116900000.0,base,395
2026,PKG.N,Packaging Corp of America,18995958385.04,base,396
2026,TYL.N,"Tyler Technologies, Inc.",18752774694.2399,base,397
2026,TRMB.OQ,Trimble Inc,18636348953.46,base,398
2026,JBHT.OQ,"J.B. Hunt Transport Services, Inc.",18614404100.0,base,399
2026,SMCI.OQ,Super Micro Computer Inc,18482226277.68,base,400
2026,SNA.N,Snap-On Inc,18252052129.1499,base,401
2026,TTD.OQ,Trade Desk Inc,18221854588.56,base,402
2026,MKC.N,"McCormick & Company, Incorporated",18054286993.74,base,403
2026,BG.N,Bunge Global SA,17917377891.84,base,404
2026,GPN.N,Global Payments Inc,17877391473.76,base,405
2026,ZBH.N,"Zimmer Biomet Holdings, Inc.",17840303581.1,base,406
2026,Q.N,"Qnity Electronics, Inc.",17801540121.54,base,407
2026,IFF.N,International Flavors & Fragrances Inc.,17422236663.37,base,408
2026,DOW.N,Dow Inc.,17406987963.51,base,409
2026,LII.N,Lennox International Inc,17360097305.5,base,410
2026,FTV.N,Fortive Corporation,17359226000.0,base,411
2026,CDW.OQ,CDW Corporation,17336587765.6,base,412
2026,PNR.N,Pentair PLC,17216469911.82,base,413
2026,WY.N,Weyerhaeuser Company,17148637800.0,base,414
2026,IT.N,"Gartner, Inc.",17084445679.35,base,415
2026,GPC.N,Genuine Parts Co,17064611168.0,base,416
2026,ALB.N,Albemarle Corp,16940206932.2,base,417
2026,INVH.N,Invitation Homes Inc.,16931063651.0399,base,418
2026,LNT.OQ,Alliant Energy Corp,16865632948.99,base,419
2026,EVRG.OQ,"Evergy, Inc.",16824049643.52,base,420
2026,DD.N,"DuPont de Nemours, Inc.",16700000000.0,manual-fix,421
2026,APTV.N,APTIV PLC,16690538502.4,base,422
2026,MAA.N,Mid-America Apartment Communities Inc,16670544913.08,base,423
2026,HOLX.OQ^D26,Hologic,16631768302.72,dead-redo,424
2026,ESS.N,"Essex Property Trust, Inc.",16554505380.0,base,425
2026,GEN.OQ,Gen Digital Inc.,16077788909.49,base,426
2026,GDDY.N,GoDaddy Inc.,15969029240.0,base,427
2026,J.N,Jacobs Solutions Inc,15915366341.8,base,428
2026,COO.OQ,"The Cooper Companies, Inc.",15895777688.86,base,429
2026,DECK.N,Deckers Outdoor Corporation,15564090716.07,base,430
2026,NWS.OQ,News Corporation,15375492089.9,base,431
2026,NWSA.OQ,News Corporation,15375492089.9,base,432
2026,TXT.N,Textron Inc,15340304771.1999,base,433
2026,PSKY.OQ,Paramount Skydance Corp,14603440000.0,base,434
2026,FFIV.OQ,F5 Inc,14598910810.0,base,435
2026,ERIE.OQ,Erie Indemnity Co,14526648229.08,base,436
2026,BBY.N,"Best Buy Co., Inc.",14495638425.54,base,437
2026,DPZ.OQ,"Domino's Pizza, Inc.",14368602791.0399,base,438
2026,VTRS.OQ,Viatris Inc.,14351052605.12,base,439
2026,BALL.N,Ball Corp,14297117760.2,base,440
2026,LYB.N,LyondellBasell Industries N.V.,14293580000.0,base,441
2026,AVY.N,Avery Dennison Corp,14101771681.36,base,442
2026,ALLE.N,Allegion PLC,13843401557.23,base,443
2026,UHS.N,Universal Health Services Inc,13738649021.68,base,444
2026,HII.N,"HUNTINGTON INGALLS INDUSTRIES, INC.",13724724068.25,base,445
2026,SOLV.N,Solventum Corporation,13709248073.2799,base,446
2026,EG.N,"Everest Group, Ltd.",13613336000.0,base,447
2026,KIM.N,Kimco Realty Corp,13522306522.82,base,448
2026,NDSN.OQ,Nordson Corporation,13426199179.08,base,449
2026,IEX.N,IDEX Corporation,13402540010.16,base,450
2026,MAS.N,Masco Corporation,13390136685.8699,base,451
2026,JKHY.OQ,Jack Henry & Associates Inc,12908461492.1999,base,452
2026,HRL.N,Hormel Foods Corp,12867001256.43,base,453
2026,WYNN.OQ,"Wynn Resorts, Limited",12744151891.0299,base,454
2026,CF.N,CF Industries Holdings Inc,12498248223.72,base,455
2026,HST.OQ,"Host Hotels & Resorts, Inc.",12490448000.0,base,456
2026,REG.OQ,Regency Centers Corp,12430035822.64,base,457
2026,BEN.N,"Franklin Templeton, Inc.",12376000000.0,base,458
2026,AKAM.OQ,Akamai Technologies Inc,12339500000.0,base,459
2026,ZBRA.OQ,Zebra Technologies Corp,12313928491.8,base,460
2026,CLX.N,The Clorox Company,12301721222.15,base,461
2026,BFb.N,Brown-Forman Corporation,12121784283.58,base,462
2026,MRNA.OQ,Moderna Inc,12056369740.32,base,463
2026,UDR.N,"UDR, Inc.",12044337984.3599,base,464
2026,IVZ.N,Invesco Ltd,11961360000.0,base,465
2026,AIZ.N,Assurant Inc,11905281469.2,base,466
2026,SWK.N,Stanley Black & Decker Inc,11844053197.08,base,467
2026,CPT.N,Camden Property Trust,11718232050.0,base,468
2026,HAS.OQ,"Hasbro, Inc.",11643762798.31,base,469
2026,BLDR.N,Builders FirstSource Inc,11570508550.0,base,470
2026,DOC.N,"Healthpeak Properties, Inc",11259595042.1999,base,471
2026,ALGN.OQ,"Align Technology, Inc.",11195151719.85,base,472
2026,RVTY.N,"Revvity, Inc.",11127817201.15,base,473
2026,DAY.N^B26,Dayforce,11085621887.01,dead-redo,474
2026,GL.N,Globe Life Inc.,11019034835.9999,base,475
2026,EPAM.N,EPAM,10879766040.0,base,476
2026,BXP.N,"BXP, Inc.",10752745570.3599,base,477
2026,FDS.N,FactSet Research Systems Inc.,10569578889.0999,base,478
2026,AES.N,The AES Corporation,10553632390.08,base,479
2026,PNW.N,Pinnacle West Capital Corporation,10549511767.86,base,480
2026,NCLH.N,Norwegian Cruise Line Holdings Ltd.,10370765599.42,base,481
2026,SJM.N,The J. M. Smucker Company,10309872818.01,base,482
2026,BAX.N,Baxter International Inc.,10024088197.5,base,483
2026,CRL.N,"Charles River Laboratories International, Inc.",9962505140.0,base,484
2026,SWKS.OQ,"Skyworks Solutions, Inc.",9654757611.615,base,485
2026,AOS.N,A. O. Smith Corporation,9512727725.75999,base,486
2026,MGM.N,MGM Resorts International,9426211488.07,base,487
2026,TECH.OQ,Bio-Techne Corporation,9294227614.65,base,488
2026,MOH.N,Molina Health,9101460000.0,base,489
2026,APA.OQ,APA Corporation,8952080000.0,base,490
2026,HSIC.OQ,"Henry Schein, Inc.",8893539666.17999,base,491
2026,TAP.N,Molson Coors Beverage Company,8575341081.0,base,492
2026,POOL.OQ,Pool,8556578969.64,base,493
2026,FRT.N,Federal Realty Investment Trust,8542922871.27,base,494
2026,PAYC.N,Paycom Software,8351520000.0,base,495
2026,ARE.N,"Alexandria Real Estate Equities, Inc",8351245860.0,base,496
2026,GNRC.N,Generac Holdings Inc.,8279291259.29999,base,497
2026,CAG.N,Conagra Brands,8275791917.5,base,498
2026,CPB.OQ,Campbell's Co,8261299928.95,base,499
2026,MOS.N,Mosaic Co,7941564347.94,base,500
2026,DVA.N,DaVita Inc,7849545990.0,base,501
2026,MTCH.OQ,Match Grp,7492867798.86,base,502
2026,LW.N,Lamb Weston Hldg,5873230294.36,base,503
